<frozen runpy>:128: RuntimeWarning: 'phase6.core.phase6_runner' found in sys.modules after import of package 'phase6.core', but prior to execution of 'phase6.core.phase6_runner'; this may result in unpredictable behaviour
2026-05-19 18:52:54,633 [INFO] coinbase_wrapper_FIXED: ✅ CoinbaseWrapper initialized (LIVE)
2026-05-19 18:52:54,633 [INFO] coinbase_wrapper_FIXED:    API Key: organizations/281f24b2-9337-46cf-a107-29d6786cca02...
2026-05-19 18:52:54,633 [INFO] coinbase_wrapper_FIXED:    Private Key loaded: 227 chars
2026-05-19 18:52:54,634 [INFO] phase6.core.exchange_client: ✅ Live Coinbase client initialized (real trading enabled)
2026-05-19 18:52:54,651 [INFO] phase6.runner: State loaded: last_rebalance_date=2026-05-19
2026-05-19 18:52:54,651 [INFO] phase6.runner: Phase6Runner initialized | mode=live | shadow=False | rebalance_time=09:00
2026-05-19 18:52:54,651 [INFO] phase6.runner: Phase 6 runner starting...
2026-05-19 18:52:54,651 [INFO] phase6.runner: === Fresh Start Deployment ===
2026-05-19 18:52:54,965 [WARNING] phase6.runner: Insufficient cash for Fresh Start: $76.77
2026-05-19 18:52:54,965 [INFO] phase6.runner: [CYCLE 1] 2026-05-19T18:52:54 | rebalance_needed=False | last_rebalance=2026-05-19
2026-05-19 18:57:54,965 [INFO] phase6.runner: [CYCLE 2] 2026-05-19T18:57:54 | rebalance_needed=False | last_rebalance=2026-05-19
2026-05-19 19:02:54,981 [INFO] phase6.runner: [CYCLE 3] 2026-05-19T19:02:54 | rebalance_needed=False | last_rebalance=2026-05-19
2026-05-19 19:07:54,981 [INFO] phase6.runner: [CYCLE 4] 2026-05-19T19:07:54 | rebalance_needed=False | last_rebalance=2026-05-19
2026-05-19 19:12:54,981 [INFO] phase6.runner: [CYCLE 5] 2026-05-19T19:12:54 | rebalance_needed=False | last_rebalance=2026-05-19
2026-05-19 19:17:54,982 [INFO] phase6.runner: [CYCLE 6] 2026-05-19T19:17:54 | rebalance_needed=False | last_rebalance=2026-05-19
2026-05-19 19:22:54,982 [INFO] phase6.runner: [CYCLE 7] 2026-05-19T19:22:54 | rebalance_needed=False | last_rebalance=2026-05-19
2026-05-19 19:27:54,982 [INFO] phase6.runner: [CYCLE 8] 2026-05-19T19:27:54 | rebalance_needed=False | last_rebalance=2026-05-19
2026-05-19 19:32:54,983 [INFO] phase6.runner: [CYCLE 9] 2026-05-19T19:32:54 | rebalance_needed=False | last_rebalance=2026-05-19
2026-05-19 19:37:54,985 [INFO] phase6.runner: [CYCLE 10] 2026-05-19T19:37:54 | rebalance_needed=False | last_rebalance=2026-05-19
2026-05-19 19:42:54,985 [INFO] phase6.runner: [CYCLE 11] 2026-05-19T19:42:54 | rebalance_needed=False | last_rebalance=2026-05-19
2026-05-19 19:47:54,986 [INFO] phase6.runner: [CYCLE 12] 2026-05-19T19:47:54 | rebalance_needed=False | last_rebalance=2026-05-19
2026-05-19 19:52:54,986 [INFO] phase6.runner: [CYCLE 13] 2026-05-19T19:52:54 | rebalance_needed=False | last_rebalance=2026-05-19
2026-05-19 19:57:54,986 [INFO] phase6.runner: [CYCLE 14] 2026-05-19T19:57:54 | rebalance_needed=False | last_rebalance=2026-05-19
2026-05-19 20:02:54,987 [INFO] phase6.runner: [CYCLE 15] 2026-05-19T20:02:54 | rebalance_needed=False | last_rebalance=2026-05-19
2026-05-19 20:07:54,987 [INFO] phase6.runner: [CYCLE 16] 2026-05-19T20:07:54 | rebalance_needed=False | last_rebalance=2026-05-19
2026-05-19 20:12:54,987 [INFO] phase6.runner: [CYCLE 17] 2026-05-19T20:12:54 | rebalance_needed=False | last_rebalance=2026-05-19
2026-05-19 20:17:54,988 [INFO] phase6.runner: [CYCLE 18] 2026-05-19T20:17:54 | rebalance_needed=False | last_rebalance=2026-05-19
2026-05-19 20:22:54,988 [INFO] phase6.runner: [CYCLE 19] 2026-05-19T20:22:54 | rebalance_needed=False | last_rebalance=2026-05-19
2026-05-19 20:27:54,988 [INFO] phase6.runner: [CYCLE 20] 2026-05-19T20:27:54 | rebalance_needed=False | last_rebalance=2026-05-19
2026-05-19 20:32:54,989 [INFO] phase6.runner: [CYCLE 21] 2026-05-19T20:32:54 | rebalance_needed=False | last_rebalance=2026-05-19
2026-05-19 20:37:54,989 [INFO] phase6.runner: [CYCLE 22] 2026-05-19T20:37:54 | rebalance_needed=False | last_rebalance=2026-05-19
2026-05-19 20:42:54,989 [INFO] phase6.runner: [CYCLE 23] 2026-05-19T20:42:54 | rebalance_needed=False | last_rebalance=2026-05-19
2026-05-19 20:47:54,990 [INFO] phase6.runner: [CYCLE 24] 2026-05-19T20:47:54 | rebalance_needed=False | last_rebalance=2026-05-19
2026-05-19 20:52:54,990 [INFO] phase6.runner: [CYCLE 25] 2026-05-19T20:52:54 | rebalance_needed=False | last_rebalance=2026-05-19
2026-05-19 20:57:54,990 [INFO] phase6.runner: [CYCLE 26] 2026-05-19T20:57:54 | rebalance_needed=False | last_rebalance=2026-05-19
2026-05-19 21:02:54,991 [INFO] phase6.runner: [CYCLE 27] 2026-05-19T21:02:54 | rebalance_needed=False | last_rebalance=2026-05-19
2026-05-19 21:07:54,991 [INFO] phase6.runner: [CYCLE 28] 2026-05-19T21:07:54 | rebalance_needed=False | last_rebalance=2026-05-19
2026-05-19 21:12:54,992 [INFO] phase6.runner: [CYCLE 29] 2026-05-19T21:12:54 | rebalance_needed=False | last_rebalance=2026-05-19
2026-05-19 21:17:54,992 [INFO] phase6.runner: [CYCLE 30] 2026-05-19T21:17:54 | rebalance_needed=False | last_rebalance=2026-05-19
2026-05-19 21:22:54,992 [INFO] phase6.runner: [CYCLE 31] 2026-05-19T21:22:54 | rebalance_needed=False | last_rebalance=2026-05-19
2026-05-19 21:27:54,993 [INFO] phase6.runner: [CYCLE 32] 2026-05-19T21:27:54 | rebalance_needed=False | last_rebalance=2026-05-19
2026-05-19 21:32:54,993 [INFO] phase6.runner: [CYCLE 33] 2026-05-19T21:32:54 | rebalance_needed=False | last_rebalance=2026-05-19
2026-05-19 21:37:54,993 [INFO] phase6.runner: [CYCLE 34] 2026-05-19T21:37:54 | rebalance_needed=False | last_rebalance=2026-05-19
2026-05-19 21:42:54,994 [INFO] phase6.runner: [CYCLE 35] 2026-05-19T21:42:54 | rebalance_needed=False | last_rebalance=2026-05-19
2026-05-19 21:47:54,994 [INFO] phase6.runner: [CYCLE 36] 2026-05-19T21:47:54 | rebalance_needed=False | last_rebalance=2026-05-19
2026-05-19 21:52:54,995 [INFO] phase6.runner: [CYCLE 37] 2026-05-19T21:52:54 | rebalance_needed=False | last_rebalance=2026-05-19
2026-05-19 21:57:54,995 [INFO] phase6.runner: [CYCLE 38] 2026-05-19T21:57:54 | rebalance_needed=False | last_rebalance=2026-05-19
2026-05-19 22:02:54,995 [INFO] phase6.runner: [CYCLE 39] 2026-05-19T22:02:54 | rebalance_needed=False | last_rebalance=2026-05-19
2026-05-19 22:07:54,996 [INFO] phase6.runner: [CYCLE 40] 2026-05-19T22:07:54 | rebalance_needed=False | last_rebalance=2026-05-19
2026-05-19 22:12:54,996 [INFO] phase6.runner: [CYCLE 41] 2026-05-19T22:12:54 | rebalance_needed=False | last_rebalance=2026-05-19
2026-05-19 22:17:54,997 [INFO] phase6.runner: [CYCLE 42] 2026-05-19T22:17:54 | rebalance_needed=False | last_rebalance=2026-05-19
2026-05-19 22:22:54,997 [INFO] phase6.runner: [CYCLE 43] 2026-05-19T22:22:54 | rebalance_needed=False | last_rebalance=2026-05-19
2026-05-19 22:27:54,998 [INFO] phase6.runner: [CYCLE 44] 2026-05-19T22:27:54 | rebalance_needed=False | last_rebalance=2026-05-19
2026-05-19 22:32:54,998 [INFO] phase6.runner: [CYCLE 45] 2026-05-19T22:32:54 | rebalance_needed=False | last_rebalance=2026-05-19
2026-05-19 22:37:54,998 [INFO] phase6.runner: [CYCLE 46] 2026-05-19T22:37:54 | rebalance_needed=False | last_rebalance=2026-05-19
2026-05-19 22:42:54,999 [INFO] phase6.runner: [CYCLE 47] 2026-05-19T22:42:54 | rebalance_needed=False | last_rebalance=2026-05-19
2026-05-19 22:47:54,999 [INFO] phase6.runner: [CYCLE 48] 2026-05-19T22:47:54 | rebalance_needed=False | last_rebalance=2026-05-19
2026-05-19 22:52:54,999 [INFO] phase6.runner: [CYCLE 49] 2026-05-19T22:52:54 | rebalance_needed=False | last_rebalance=2026-05-19
2026-05-19 22:57:55,000 [INFO] phase6.runner: [CYCLE 50] 2026-05-19T22:57:55 | rebalance_needed=False | last_rebalance=2026-05-19
2026-05-19 23:02:55,000 [INFO] phase6.runner: [CYCLE 51] 2026-05-19T23:02:55 | rebalance_needed=False | last_rebalance=2026-05-19
2026-05-19 23:07:55,000 [INFO] phase6.runner: [CYCLE 52] 2026-05-19T23:07:55 | rebalance_needed=False | last_rebalance=2026-05-19
2026-05-19 23:12:55,001 [INFO] phase6.runner: [CYCLE 53] 2026-05-19T23:12:55 | rebalance_needed=False | last_rebalance=2026-05-19
2026-05-19 23:17:55,001 [INFO] phase6.runner: [CYCLE 54] 2026-05-19T23:17:55 | rebalance_needed=False | last_rebalance=2026-05-19
2026-05-19 23:22:55,002 [INFO] phase6.runner: [CYCLE 55] 2026-05-19T23:22:55 | rebalance_needed=False | last_rebalance=2026-05-19
2026-05-19 23:27:55,003 [INFO] phase6.runner: [CYCLE 56] 2026-05-19T23:27:55 | rebalance_needed=False | last_rebalance=2026-05-19
2026-05-19 23:32:55,003 [INFO] phase6.runner: [CYCLE 57] 2026-05-19T23:32:55 | rebalance_needed=False | last_rebalance=2026-05-19
2026-05-19 23:37:55,004 [INFO] phase6.runner: [CYCLE 58] 2026-05-19T23:37:55 | rebalance_needed=False | last_rebalance=2026-05-19
2026-05-19 23:42:55,004 [INFO] phase6.runner: [CYCLE 59] 2026-05-19T23:42:55 | rebalance_needed=False | last_rebalance=2026-05-19
2026-05-19 23:47:55,004 [INFO] phase6.runner: [CYCLE 60] 2026-05-19T23:47:55 | rebalance_needed=False | last_rebalance=2026-05-19
2026-05-19 23:52:55,005 [INFO] phase6.runner: [CYCLE 61] 2026-05-19T23:52:55 | rebalance_needed=False | last_rebalance=2026-05-19
2026-05-19 23:57:55,005 [INFO] phase6.runner: [CYCLE 62] 2026-05-19T23:57:55 | rebalance_needed=False | last_rebalance=2026-05-19
2026-05-20 00:02:55,006 [INFO] phase6.runner: [CYCLE 63] 2026-05-20T00:02:55 | rebalance_needed=False | last_rebalance=2026-05-19
2026-05-20 00:07:55,006 [INFO] phase6.runner: [CYCLE 64] 2026-05-20T00:07:55 | rebalance_needed=False | last_rebalance=2026-05-19
2026-05-20 00:12:55,006 [INFO] phase6.runner: [CYCLE 65] 2026-05-20T00:12:55 | rebalance_needed=False | last_rebalance=2026-05-19
2026-05-20 00:17:55,007 [INFO] phase6.runner: [CYCLE 66] 2026-05-20T00:17:55 | rebalance_needed=False | last_rebalance=2026-05-19
2026-05-20 00:22:55,007 [INFO] phase6.runner: [CYCLE 67] 2026-05-20T00:22:55 | rebalance_needed=False | last_rebalance=2026-05-19
2026-05-20 00:27:55,008 [INFO] phase6.runner: [CYCLE 68] 2026-05-20T00:27:55 | rebalance_needed=False | last_rebalance=2026-05-19
2026-05-20 00:32:55,008 [INFO] phase6.runner: [CYCLE 69] 2026-05-20T00:32:55 | rebalance_needed=False | last_rebalance=2026-05-19
2026-05-20 00:37:55,008 [INFO] phase6.runner: [CYCLE 70] 2026-05-20T00:37:55 | rebalance_needed=False | last_rebalance=2026-05-19
2026-05-20 00:42:55,009 [INFO] phase6.runner: [CYCLE 71] 2026-05-20T00:42:55 | rebalance_needed=False | last_rebalance=2026-05-19
2026-05-20 00:47:55,009 [INFO] phase6.runner: [CYCLE 72] 2026-05-20T00:47:55 | rebalance_needed=False | last_rebalance=2026-05-19
2026-05-20 00:52:55,010 [INFO] phase6.runner: [CYCLE 73] 2026-05-20T00:52:55 | rebalance_needed=False | last_rebalance=2026-05-19
2026-05-20 00:57:55,010 [INFO] phase6.runner: [CYCLE 74] 2026-05-20T00:57:55 | rebalance_needed=False | last_rebalance=2026-05-19
2026-05-20 01:02:55,010 [INFO] phase6.runner: [CYCLE 75] 2026-05-20T01:02:55 | rebalance_needed=False | last_rebalance=2026-05-19
2026-05-20 01:07:55,011 [INFO] phase6.runner: [CYCLE 76] 2026-05-20T01:07:55 | rebalance_needed=False | last_rebalance=2026-05-19
2026-05-20 01:12:55,011 [INFO] phase6.runner: [CYCLE 77] 2026-05-20T01:12:55 | rebalance_needed=False | last_rebalance=2026-05-19
2026-05-20 01:17:55,011 [INFO] phase6.runner: [CYCLE 78] 2026-05-20T01:17:55 | rebalance_needed=False | last_rebalance=2026-05-19
2026-05-20 01:22:55,012 [INFO] phase6.runner: [CYCLE 79] 2026-05-20T01:22:55 | rebalance_needed=False | last_rebalance=2026-05-19
2026-05-20 01:27:55,012 [INFO] phase6.runner: [CYCLE 80] 2026-05-20T01:27:55 | rebalance_needed=False | last_rebalance=2026-05-19
2026-05-20 01:32:55,012 [INFO] phase6.runner: [CYCLE 81] 2026-05-20T01:32:55 | rebalance_needed=False | last_rebalance=2026-05-19
2026-05-20 01:37:55,013 [INFO] phase6.runner: [CYCLE 82] 2026-05-20T01:37:55 | rebalance_needed=False | last_rebalance=2026-05-19
2026-05-20 01:42:55,013 [INFO] phase6.runner: [CYCLE 83] 2026-05-20T01:42:55 | rebalance_needed=False | last_rebalance=2026-05-19
2026-05-20 01:47:55,013 [INFO] phase6.runner: [CYCLE 84] 2026-05-20T01:47:55 | rebalance_needed=False | last_rebalance=2026-05-19
2026-05-20 01:52:55,014 [INFO] phase6.runner: [CYCLE 85] 2026-05-20T01:52:55 | rebalance_needed=False | last_rebalance=2026-05-19
2026-05-20 01:57:55,014 [INFO] phase6.runner: [CYCLE 86] 2026-05-20T01:57:55 | rebalance_needed=False | last_rebalance=2026-05-19
2026-05-20 02:02:55,014 [INFO] phase6.runner: [CYCLE 87] 2026-05-20T02:02:55 | rebalance_needed=False | last_rebalance=2026-05-19
2026-05-20 02:07:55,015 [INFO] phase6.runner: [CYCLE 88] 2026-05-20T02:07:55 | rebalance_needed=False | last_rebalance=2026-05-19
2026-05-20 02:12:55,015 [INFO] phase6.runner: [CYCLE 89] 2026-05-20T02:12:55 | rebalance_needed=False | last_rebalance=2026-05-19
2026-05-20 02:17:55,016 [INFO] phase6.runner: [CYCLE 90] 2026-05-20T02:17:55 | rebalance_needed=False | last_rebalance=2026-05-19
2026-05-20 02:22:55,016 [INFO] phase6.runner: [CYCLE 91] 2026-05-20T02:22:55 | rebalance_needed=False | last_rebalance=2026-05-19
2026-05-20 02:27:55,016 [INFO] phase6.runner: [CYCLE 92] 2026-05-20T02:27:55 | rebalance_needed=False | last_rebalance=2026-05-19
2026-05-20 02:32:55,017 [INFO] phase6.runner: [CYCLE 93] 2026-05-20T02:32:55 | rebalance_needed=False | last_rebalance=2026-05-19
2026-05-20 02:37:55,017 [INFO] phase6.runner: [CYCLE 94] 2026-05-20T02:37:55 | rebalance_needed=False | last_rebalance=2026-05-19
2026-05-20 02:42:55,017 [INFO] phase6.runner: [CYCLE 95] 2026-05-20T02:42:55 | rebalance_needed=False | last_rebalance=2026-05-19
2026-05-20 02:47:55,018 [INFO] phase6.runner: [CYCLE 96] 2026-05-20T02:47:55 | rebalance_needed=False | last_rebalance=2026-05-19
2026-05-20 02:52:55,018 [INFO] phase6.runner: [CYCLE 97] 2026-05-20T02:52:55 | rebalance_needed=False | last_rebalance=2026-05-19
2026-05-20 02:57:55,018 [INFO] phase6.runner: [CYCLE 98] 2026-05-20T02:57:55 | rebalance_needed=False | last_rebalance=2026-05-19
2026-05-20 03:02:55,019 [INFO] phase6.runner: [CYCLE 99] 2026-05-20T03:02:55 | rebalance_needed=False | last_rebalance=2026-05-19
2026-05-20 03:07:55,019 [INFO] phase6.runner: [CYCLE 100] 2026-05-20T03:07:55 | rebalance_needed=False | last_rebalance=2026-05-19
2026-05-20 03:12:55,020 [INFO] phase6.runner: [CYCLE 101] 2026-05-20T03:12:55 | rebalance_needed=False | last_rebalance=2026-05-19
2026-05-20 03:17:55,020 [INFO] phase6.runner: [CYCLE 102] 2026-05-20T03:17:55 | rebalance_needed=False | last_rebalance=2026-05-19
2026-05-20 03:22:55,020 [INFO] phase6.runner: [CYCLE 103] 2026-05-20T03:22:55 | rebalance_needed=False | last_rebalance=2026-05-19
2026-05-20 03:27:55,021 [INFO] phase6.runner: [CYCLE 104] 2026-05-20T03:27:55 | rebalance_needed=False | last_rebalance=2026-05-19
2026-05-20 03:32:55,021 [INFO] phase6.runner: [CYCLE 105] 2026-05-20T03:32:55 | rebalance_needed=False | last_rebalance=2026-05-19
2026-05-20 03:37:55,021 [INFO] phase6.runner: [CYCLE 106] 2026-05-20T03:37:55 | rebalance_needed=False | last_rebalance=2026-05-19
2026-05-20 03:42:55,022 [INFO] phase6.runner: [CYCLE 107] 2026-05-20T03:42:55 | rebalance_needed=False | last_rebalance=2026-05-19
2026-05-20 03:47:55,022 [INFO] phase6.runner: [CYCLE 108] 2026-05-20T03:47:55 | rebalance_needed=False | last_rebalance=2026-05-19
2026-05-20 03:52:55,022 [INFO] phase6.runner: [CYCLE 109] 2026-05-20T03:52:55 | rebalance_needed=False | last_rebalance=2026-05-19
2026-05-20 03:57:55,023 [INFO] phase6.runner: [CYCLE 110] 2026-05-20T03:57:55 | rebalance_needed=False | last_rebalance=2026-05-19
2026-05-20 04:02:55,023 [INFO] phase6.runner: [CYCLE 111] 2026-05-20T04:02:55 | rebalance_needed=False | last_rebalance=2026-05-19
2026-05-20 04:07:55,024 [INFO] phase6.runner: [CYCLE 112] 2026-05-20T04:07:55 | rebalance_needed=False | last_rebalance=2026-05-19
2026-05-20 04:12:55,024 [INFO] phase6.runner: [CYCLE 113] 2026-05-20T04:12:55 | rebalance_needed=False | last_rebalance=2026-05-19
2026-05-20 04:17:55,024 [INFO] phase6.runner: [CYCLE 114] 2026-05-20T04:17:55 | rebalance_needed=False | last_rebalance=2026-05-19
2026-05-20 04:22:55,025 [INFO] phase6.runner: [CYCLE 115] 2026-05-20T04:22:55 | rebalance_needed=False | last_rebalance=2026-05-19
2026-05-20 04:27:55,025 [INFO] phase6.runner: [CYCLE 116] 2026-05-20T04:27:55 | rebalance_needed=False | last_rebalance=2026-05-19
2026-05-20 04:32:55,025 [INFO] phase6.runner: [CYCLE 117] 2026-05-20T04:32:55 | rebalance_needed=False | last_rebalance=2026-05-19
2026-05-20 04:37:55,026 [INFO] phase6.runner: [CYCLE 118] 2026-05-20T04:37:55 | rebalance_needed=False | last_rebalance=2026-05-19
2026-05-20 04:42:55,026 [INFO] phase6.runner: [CYCLE 119] 2026-05-20T04:42:55 | rebalance_needed=False | last_rebalance=2026-05-19
2026-05-20 04:47:55,026 [INFO] phase6.runner: [CYCLE 120] 2026-05-20T04:47:55 | rebalance_needed=False | last_rebalance=2026-05-19
2026-05-20 04:52:55,027 [INFO] phase6.runner: [CYCLE 121] 2026-05-20T04:52:55 | rebalance_needed=False | last_rebalance=2026-05-19
2026-05-20 04:57:55,027 [INFO] phase6.runner: [CYCLE 122] 2026-05-20T04:57:55 | rebalance_needed=False | last_rebalance=2026-05-19
2026-05-20 05:02:55,028 [INFO] phase6.runner: [CYCLE 123] 2026-05-20T05:02:55 | rebalance_needed=False | last_rebalance=2026-05-19
2026-05-20 05:07:55,028 [INFO] phase6.runner: [CYCLE 124] 2026-05-20T05:07:55 | rebalance_needed=False | last_rebalance=2026-05-19
2026-05-20 05:12:55,028 [INFO] phase6.runner: [CYCLE 125] 2026-05-20T05:12:55 | rebalance_needed=False | last_rebalance=2026-05-19
2026-05-20 05:17:55,029 [INFO] phase6.runner: [CYCLE 126] 2026-05-20T05:17:55 | rebalance_needed=False | last_rebalance=2026-05-19
2026-05-20 05:22:55,029 [INFO] phase6.runner: [CYCLE 127] 2026-05-20T05:22:55 | rebalance_needed=False | last_rebalance=2026-05-19
2026-05-20 05:27:55,029 [INFO] phase6.runner: [CYCLE 128] 2026-05-20T05:27:55 | rebalance_needed=False | last_rebalance=2026-05-19
2026-05-20 05:32:55,030 [INFO] phase6.runner: [CYCLE 129] 2026-05-20T05:32:55 | rebalance_needed=False | last_rebalance=2026-05-19
2026-05-20 05:37:55,030 [INFO] phase6.runner: [CYCLE 130] 2026-05-20T05:37:55 | rebalance_needed=False | last_rebalance=2026-05-19
2026-05-20 05:42:55,031 [INFO] phase6.runner: [CYCLE 131] 2026-05-20T05:42:55 | rebalance_needed=False | last_rebalance=2026-05-19
2026-05-20 05:47:55,031 [INFO] phase6.runner: [CYCLE 132] 2026-05-20T05:47:55 | rebalance_needed=False | last_rebalance=2026-05-19
2026-05-20 05:52:55,031 [INFO] phase6.runner: [CYCLE 133] 2026-05-20T05:52:55 | rebalance_needed=False | last_rebalance=2026-05-19
2026-05-20 05:57:55,032 [INFO] phase6.runner: [CYCLE 134] 2026-05-20T05:57:55 | rebalance_needed=False | last_rebalance=2026-05-19
2026-05-20 06:02:55,032 [INFO] phase6.runner: [CYCLE 135] 2026-05-20T06:02:55 | rebalance_needed=False | last_rebalance=2026-05-19
2026-05-20 06:07:55,033 [INFO] phase6.runner: [CYCLE 136] 2026-05-20T06:07:55 | rebalance_needed=False | last_rebalance=2026-05-19
2026-05-20 06:12:55,034 [INFO] phase6.runner: [CYCLE 137] 2026-05-20T06:12:55 | rebalance_needed=False | last_rebalance=2026-05-19
2026-05-20 06:17:55,035 [INFO] phase6.runner: [CYCLE 138] 2026-05-20T06:17:55 | rebalance_needed=False | last_rebalance=2026-05-19
2026-05-20 06:22:55,141 [INFO] phase6.runner: [CYCLE 139] 2026-05-20T06:22:55 | rebalance_needed=False | last_rebalance=2026-05-19
2026-05-20 06:27:55,142 [INFO] phase6.runner: [CYCLE 140] 2026-05-20T06:27:55 | rebalance_needed=False | last_rebalance=2026-05-19
2026-05-20 06:32:55,142 [INFO] phase6.runner: [CYCLE 141] 2026-05-20T06:32:55 | rebalance_needed=False | last_rebalance=2026-05-19
2026-05-20 06:37:55,142 [INFO] phase6.runner: [CYCLE 142] 2026-05-20T06:37:55 | rebalance_needed=False | last_rebalance=2026-05-19
2026-05-20 06:42:55,143 [INFO] phase6.runner: [CYCLE 143] 2026-05-20T06:42:55 | rebalance_needed=False | last_rebalance=2026-05-19
2026-05-20 06:47:55,143 [INFO] phase6.runner: [CYCLE 144] 2026-05-20T06:47:55 | rebalance_needed=False | last_rebalance=2026-05-19
2026-05-20 06:52:55,143 [INFO] phase6.runner: [CYCLE 145] 2026-05-20T06:52:55 | rebalance_needed=False | last_rebalance=2026-05-19
2026-05-20 06:57:55,144 [INFO] phase6.runner: [CYCLE 146] 2026-05-20T06:57:55 | rebalance_needed=False | last_rebalance=2026-05-19
2026-05-20 07:02:55,144 [INFO] phase6.runner: [CYCLE 147] 2026-05-20T07:02:55 | rebalance_needed=False | last_rebalance=2026-05-19
2026-05-20 07:07:55,144 [INFO] phase6.runner: [CYCLE 148] 2026-05-20T07:07:55 | rebalance_needed=False | last_rebalance=2026-05-19
2026-05-20 07:12:55,145 [INFO] phase6.runner: [CYCLE 149] 2026-05-20T07:12:55 | rebalance_needed=False | last_rebalance=2026-05-19
2026-05-20 07:17:55,160 [INFO] phase6.runner: [CYCLE 150] 2026-05-20T07:17:55 | rebalance_needed=False | last_rebalance=2026-05-19
2026-05-20 07:22:55,160 [INFO] phase6.runner: [CYCLE 151] 2026-05-20T07:22:55 | rebalance_needed=False | last_rebalance=2026-05-19
2026-05-20 07:27:55,160 [INFO] phase6.runner: [CYCLE 152] 2026-05-20T07:27:55 | rebalance_needed=False | last_rebalance=2026-05-19
2026-05-20 07:32:55,161 [INFO] phase6.runner: [CYCLE 153] 2026-05-20T07:32:55 | rebalance_needed=False | last_rebalance=2026-05-19
2026-05-20 07:37:55,161 [INFO] phase6.runner: [CYCLE 154] 2026-05-20T07:37:55 | rebalance_needed=False | last_rebalance=2026-05-19
2026-05-20 07:42:55,161 [INFO] phase6.runner: [CYCLE 155] 2026-05-20T07:42:55 | rebalance_needed=False | last_rebalance=2026-05-19
2026-05-20 07:47:55,162 [INFO] phase6.runner: [CYCLE 156] 2026-05-20T07:47:55 | rebalance_needed=False | last_rebalance=2026-05-19
2026-05-20 07:52:55,172 [INFO] phase6.runner: [CYCLE 157] 2026-05-20T07:52:55 | rebalance_needed=False | last_rebalance=2026-05-19
2026-05-20 07:57:55,185 [INFO] phase6.runner: [CYCLE 158] 2026-05-20T07:57:55 | rebalance_needed=False | last_rebalance=2026-05-19
2026-05-20 08:02:55,186 [INFO] phase6.runner: [CYCLE 159] 2026-05-20T08:02:55 | rebalance_needed=False | last_rebalance=2026-05-19
2026-05-20 08:07:55,186 [INFO] phase6.runner: [CYCLE 160] 2026-05-20T08:07:55 | rebalance_needed=False | last_rebalance=2026-05-19
2026-05-20 08:12:55,186 [INFO] phase6.runner: [CYCLE 161] 2026-05-20T08:12:55 | rebalance_needed=False | last_rebalance=2026-05-19
2026-05-20 08:17:55,187 [INFO] phase6.runner: [CYCLE 162] 2026-05-20T08:17:55 | rebalance_needed=False | last_rebalance=2026-05-19
2026-05-20 08:22:55,187 [INFO] phase6.runner: [CYCLE 163] 2026-05-20T08:22:55 | rebalance_needed=False | last_rebalance=2026-05-19
2026-05-20 08:27:55,187 [INFO] phase6.runner: [CYCLE 164] 2026-05-20T08:27:55 | rebalance_needed=False | last_rebalance=2026-05-19
2026-05-20 08:32:55,188 [INFO] phase6.runner: [CYCLE 165] 2026-05-20T08:32:55 | rebalance_needed=False | last_rebalance=2026-05-19
2026-05-20 08:37:55,188 [INFO] phase6.runner: [CYCLE 166] 2026-05-20T08:37:55 | rebalance_needed=False | last_rebalance=2026-05-19
2026-05-20 08:42:55,188 [INFO] phase6.runner: [CYCLE 167] 2026-05-20T08:42:55 | rebalance_needed=False | last_rebalance=2026-05-19
2026-05-20 08:47:55,189 [INFO] phase6.runner: [CYCLE 168] 2026-05-20T08:47:55 | rebalance_needed=False | last_rebalance=2026-05-19
2026-05-20 08:52:55,189 [INFO] phase6.runner: [CYCLE 169] 2026-05-20T08:52:55 | rebalance_needed=False | last_rebalance=2026-05-19
2026-05-20 08:57:55,189 [INFO] phase6.runner: [CYCLE 170] 2026-05-20T08:57:55 | rebalance_needed=False | last_rebalance=2026-05-19
2026-05-20 09:02:55,190 [INFO] phase6.runner: [CYCLE 171] 2026-05-20T09:02:55 | rebalance_needed=True | last_rebalance=2026-05-19
2026-05-20 09:02:55,212 [INFO] phase6.runner: === Daily Rebalance ===
2026-05-20 09:02:56,246 [INFO] phase6.runner: Daily Rebalance: cash=$76.77 | target_weights={'BTC-USD': 0.2, 'ETH-USD': 0.2, 'SOL-USD': 0.2, 'XRP-USD': 0.2, 'DOGE-USD': 0.2}
2026-05-20 09:02:56,258 [INFO] phase6.runner: Daily rebalance completed. Executed=0, Skipped=0
2026-05-20 09:02:56,978 [INFO] phase6.runner: Telegram digest sent successfully
2026-05-20 09:07:56,980 [INFO] phase6.runner: [CYCLE 172] 2026-05-20T09:07:56 | rebalance_needed=False | last_rebalance=2026-05-20
2026-05-20 09:12:56,981 [INFO] phase6.runner: [CYCLE 173] 2026-05-20T09:12:56 | rebalance_needed=False | last_rebalance=2026-05-20
2026-05-20 09:17:56,981 [INFO] phase6.runner: [CYCLE 174] 2026-05-20T09:17:56 | rebalance_needed=False | last_rebalance=2026-05-20
2026-05-20 09:22:56,981 [INFO] phase6.runner: [CYCLE 175] 2026-05-20T09:22:56 | rebalance_needed=False | last_rebalance=2026-05-20
2026-05-20 09:27:56,982 [INFO] phase6.runner: [CYCLE 176] 2026-05-20T09:27:56 | rebalance_needed=False | last_rebalance=2026-05-20
2026-05-20 09:32:56,982 [INFO] phase6.runner: [CYCLE 177] 2026-05-20T09:32:56 | rebalance_needed=False | last_rebalance=2026-05-20
2026-05-20 09:37:56,982 [INFO] phase6.runner: [CYCLE 178] 2026-05-20T09:37:56 | rebalance_needed=False | last_rebalance=2026-05-20
2026-05-20 09:42:56,983 [INFO] phase6.runner: [CYCLE 179] 2026-05-20T09:42:56 | rebalance_needed=False | last_rebalance=2026-05-20
2026-05-20 09:47:56,983 [INFO] phase6.runner: [CYCLE 180] 2026-05-20T09:47:56 | rebalance_needed=False | last_rebalance=2026-05-20
2026-05-20 09:52:56,983 [INFO] phase6.runner: [CYCLE 181] 2026-05-20T09:52:56 | rebalance_needed=False | last_rebalance=2026-05-20
2026-05-20 09:57:56,984 [INFO] phase6.runner: [CYCLE 182] 2026-05-20T09:57:56 | rebalance_needed=False | last_rebalance=2026-05-20
2026-05-20 10:02:56,984 [INFO] phase6.runner: [CYCLE 183] 2026-05-20T10:02:56 | rebalance_needed=False | last_rebalance=2026-05-20
2026-05-20 10:07:56,985 [INFO] phase6.runner: [CYCLE 184] 2026-05-20T10:07:56 | rebalance_needed=False | last_rebalance=2026-05-20
2026-05-20 10:12:56,985 [INFO] phase6.runner: [CYCLE 185] 2026-05-20T10:12:56 | rebalance_needed=False | last_rebalance=2026-05-20
2026-05-20 10:17:56,985 [INFO] phase6.runner: [CYCLE 186] 2026-05-20T10:17:56 | rebalance_needed=False | last_rebalance=2026-05-20
2026-05-20 10:22:56,986 [INFO] phase6.runner: [CYCLE 187] 2026-05-20T10:22:56 | rebalance_needed=False | last_rebalance=2026-05-20
2026-05-20 10:27:56,986 [INFO] phase6.runner: [CYCLE 188] 2026-05-20T10:27:56 | rebalance_needed=False | last_rebalance=2026-05-20
2026-05-20 10:32:56,986 [INFO] phase6.runner: [CYCLE 189] 2026-05-20T10:32:56 | rebalance_needed=False | last_rebalance=2026-05-20
2026-05-20 10:37:56,987 [INFO] phase6.runner: [CYCLE 190] 2026-05-20T10:37:56 | rebalance_needed=False | last_rebalance=2026-05-20
2026-05-20 10:42:56,987 [INFO] phase6.runner: [CYCLE 191] 2026-05-20T10:42:56 | rebalance_needed=False | last_rebalance=2026-05-20
2026-05-20 10:47:56,987 [INFO] phase6.runner: [CYCLE 192] 2026-05-20T10:47:56 | rebalance_needed=False | last_rebalance=2026-05-20
2026-05-20 10:52:56,988 [INFO] phase6.runner: [CYCLE 193] 2026-05-20T10:52:56 | rebalance_needed=False | last_rebalance=2026-05-20
2026-05-20 10:57:56,988 [INFO] phase6.runner: [CYCLE 194] 2026-05-20T10:57:56 | rebalance_needed=False | last_rebalance=2026-05-20
2026-05-20 11:02:56,989 [INFO] phase6.runner: [CYCLE 195] 2026-05-20T11:02:56 | rebalance_needed=False | last_rebalance=2026-05-20
2026-05-20 11:07:56,990 [INFO] phase6.runner: [CYCLE 196] 2026-05-20T11:07:56 | rebalance_needed=False | last_rebalance=2026-05-20
2026-05-20 11:12:56,990 [INFO] phase6.runner: [CYCLE 197] 2026-05-20T11:12:56 | rebalance_needed=False | last_rebalance=2026-05-20
2026-05-20 11:17:56,990 [INFO] phase6.runner: [CYCLE 198] 2026-05-20T11:17:56 | rebalance_needed=False | last_rebalance=2026-05-20
2026-05-20 11:22:56,991 [INFO] phase6.runner: [CYCLE 199] 2026-05-20T11:22:56 | rebalance_needed=False | last_rebalance=2026-05-20
2026-05-20 11:27:56,991 [INFO] phase6.runner: [CYCLE 200] 2026-05-20T11:27:56 | rebalance_needed=False | last_rebalance=2026-05-20
2026-05-20 11:32:56,991 [INFO] phase6.runner: [CYCLE 201] 2026-05-20T11:32:56 | rebalance_needed=False | last_rebalance=2026-05-20
2026-05-20 11:37:56,992 [INFO] phase6.runner: [CYCLE 202] 2026-05-20T11:37:56 | rebalance_needed=False | last_rebalance=2026-05-20
2026-05-20 11:42:56,992 [INFO] phase6.runner: [CYCLE 203] 2026-05-20T11:42:56 | rebalance_needed=False | last_rebalance=2026-05-20
2026-05-20 11:47:56,992 [INFO] phase6.runner: [CYCLE 204] 2026-05-20T11:47:56 | rebalance_needed=False | last_rebalance=2026-05-20
2026-05-20 11:52:56,993 [INFO] phase6.runner: [CYCLE 205] 2026-05-20T11:52:56 | rebalance_needed=False | last_rebalance=2026-05-20
2026-05-20 11:57:56,993 [INFO] phase6.runner: [CYCLE 206] 2026-05-20T11:57:56 | rebalance_needed=False | last_rebalance=2026-05-20
2026-05-20 12:02:56,993 [INFO] phase6.runner: [CYCLE 207] 2026-05-20T12:02:56 | rebalance_needed=False | last_rebalance=2026-05-20
2026-05-20 12:07:56,994 [INFO] phase6.runner: [CYCLE 208] 2026-05-20T12:07:56 | rebalance_needed=False | last_rebalance=2026-05-20
2026-05-20 12:12:56,994 [INFO] phase6.runner: [CYCLE 209] 2026-05-20T12:12:56 | rebalance_needed=False | last_rebalance=2026-05-20
2026-05-20 12:17:56,995 [INFO] phase6.runner: [CYCLE 210] 2026-05-20T12:17:56 | rebalance_needed=False | last_rebalance=2026-05-20
2026-05-20 12:22:56,995 [INFO] phase6.runner: [CYCLE 211] 2026-05-20T12:22:56 | rebalance_needed=False | last_rebalance=2026-05-20
2026-05-20 12:27:56,995 [INFO] phase6.runner: [CYCLE 212] 2026-05-20T12:27:56 | rebalance_needed=False | last_rebalance=2026-05-20
2026-05-20 12:32:56,996 [INFO] phase6.runner: [CYCLE 213] 2026-05-20T12:32:56 | rebalance_needed=False | last_rebalance=2026-05-20
2026-05-20 12:37:56,996 [INFO] phase6.runner: [CYCLE 214] 2026-05-20T12:37:56 | rebalance_needed=False | last_rebalance=2026-05-20
2026-05-20 12:42:56,996 [INFO] phase6.runner: [CYCLE 215] 2026-05-20T12:42:56 | rebalance_needed=False | last_rebalance=2026-05-20
2026-05-20 12:47:56,997 [INFO] phase6.runner: [CYCLE 216] 2026-05-20T12:47:56 | rebalance_needed=False | last_rebalance=2026-05-20
2026-05-20 12:52:56,998 [INFO] phase6.runner: [CYCLE 217] 2026-05-20T12:52:56 | rebalance_needed=False | last_rebalance=2026-05-20
2026-05-20 12:57:56,998 [INFO] phase6.runner: [CYCLE 218] 2026-05-20T12:57:56 | rebalance_needed=False | last_rebalance=2026-05-20
2026-05-20 13:02:56,998 [INFO] phase6.runner: [CYCLE 219] 2026-05-20T13:02:56 | rebalance_needed=False | last_rebalance=2026-05-20
2026-05-20 13:07:56,999 [INFO] phase6.runner: [CYCLE 220] 2026-05-20T13:07:56 | rebalance_needed=False | last_rebalance=2026-05-20
2026-05-20 13:12:56,999 [INFO] phase6.runner: [CYCLE 221] 2026-05-20T13:12:56 | rebalance_needed=False | last_rebalance=2026-05-20
2026-05-20 13:17:56,999 [INFO] phase6.runner: [CYCLE 222] 2026-05-20T13:17:56 | rebalance_needed=False | last_rebalance=2026-05-20
2026-05-20 13:22:57,000 [INFO] phase6.runner: [CYCLE 223] 2026-05-20T13:22:57 | rebalance_needed=False | last_rebalance=2026-05-20
2026-05-20 13:27:57,000 [INFO] phase6.runner: [CYCLE 224] 2026-05-20T13:27:57 | rebalance_needed=False | last_rebalance=2026-05-20
2026-05-20 13:32:57,001 [INFO] phase6.runner: [CYCLE 225] 2026-05-20T13:32:57 | rebalance_needed=False | last_rebalance=2026-05-20
2026-05-20 13:37:57,001 [INFO] phase6.runner: [CYCLE 226] 2026-05-20T13:37:57 | rebalance_needed=False | last_rebalance=2026-05-20
2026-05-20 13:42:57,001 [INFO] phase6.runner: [CYCLE 227] 2026-05-20T13:42:57 | rebalance_needed=False | last_rebalance=2026-05-20
2026-05-20 13:47:57,002 [INFO] phase6.runner: [CYCLE 228] 2026-05-20T13:47:57 | rebalance_needed=False | last_rebalance=2026-05-20
2026-05-20 13:52:57,002 [INFO] phase6.runner: [CYCLE 229] 2026-05-20T13:52:57 | rebalance_needed=False | last_rebalance=2026-05-20
2026-05-20 13:57:57,002 [INFO] phase6.runner: [CYCLE 230] 2026-05-20T13:57:57 | rebalance_needed=False | last_rebalance=2026-05-20
2026-05-20 14:02:57,003 [INFO] phase6.runner: [CYCLE 231] 2026-05-20T14:02:57 | rebalance_needed=False | last_rebalance=2026-05-20
2026-05-20 14:07:57,003 [INFO] phase6.runner: [CYCLE 232] 2026-05-20T14:07:57 | rebalance_needed=False | last_rebalance=2026-05-20
2026-05-20 14:12:57,003 [INFO] phase6.runner: [CYCLE 233] 2026-05-20T14:12:57 | rebalance_needed=False | last_rebalance=2026-05-20
2026-05-20 14:17:57,004 [INFO] phase6.runner: [CYCLE 234] 2026-05-20T14:17:57 | rebalance_needed=False | last_rebalance=2026-05-20
2026-05-20 14:22:57,004 [INFO] phase6.runner: [CYCLE 235] 2026-05-20T14:22:57 | rebalance_needed=False | last_rebalance=2026-05-20
2026-05-20 14:27:57,005 [INFO] phase6.runner: [CYCLE 236] 2026-05-20T14:27:57 | rebalance_needed=False | last_rebalance=2026-05-20
2026-05-20 14:32:57,005 [INFO] phase6.runner: [CYCLE 237] 2026-05-20T14:32:57 | rebalance_needed=False | last_rebalance=2026-05-20
2026-05-20 14:37:57,005 [INFO] phase6.runner: [CYCLE 238] 2026-05-20T14:37:57 | rebalance_needed=False | last_rebalance=2026-05-20
2026-05-20 14:42:57,006 [INFO] phase6.runner: [CYCLE 239] 2026-05-20T14:42:57 | rebalance_needed=False | last_rebalance=2026-05-20
2026-05-20 14:47:57,006 [INFO] phase6.runner: [CYCLE 240] 2026-05-20T14:47:57 | rebalance_needed=False | last_rebalance=2026-05-20
2026-05-20 14:52:57,006 [INFO] phase6.runner: [CYCLE 241] 2026-05-20T14:52:57 | rebalance_needed=False | last_rebalance=2026-05-20
2026-05-20 14:57:57,007 [INFO] phase6.runner: [CYCLE 242] 2026-05-20T14:57:57 | rebalance_needed=False | last_rebalance=2026-05-20
2026-05-20 15:02:57,007 [INFO] phase6.runner: [CYCLE 243] 2026-05-20T15:02:57 | rebalance_needed=False | last_rebalance=2026-05-20
2026-05-20 15:07:57,007 [INFO] phase6.runner: [CYCLE 244] 2026-05-20T15:07:57 | rebalance_needed=False | last_rebalance=2026-05-20
2026-05-20 15:12:57,008 [INFO] phase6.runner: [CYCLE 245] 2026-05-20T15:12:57 | rebalance_needed=False | last_rebalance=2026-05-20
2026-05-20 15:17:57,008 [INFO] phase6.runner: [CYCLE 246] 2026-05-20T15:17:57 | rebalance_needed=False | last_rebalance=2026-05-20
2026-05-20 15:22:57,008 [INFO] phase6.runner: [CYCLE 247] 2026-05-20T15:22:57 | rebalance_needed=False | last_rebalance=2026-05-20
2026-05-20 15:27:57,009 [INFO] phase6.runner: [CYCLE 248] 2026-05-20T15:27:57 | rebalance_needed=False | last_rebalance=2026-05-20
2026-05-20 15:32:57,009 [INFO] phase6.runner: [CYCLE 249] 2026-05-20T15:32:57 | rebalance_needed=False | last_rebalance=2026-05-20
2026-05-20 15:37:57,010 [INFO] phase6.runner: [CYCLE 250] 2026-05-20T15:37:57 | rebalance_needed=False | last_rebalance=2026-05-20
2026-05-20 15:42:57,010 [INFO] phase6.runner: [CYCLE 251] 2026-05-20T15:42:57 | rebalance_needed=False | last_rebalance=2026-05-20
2026-05-20 15:47:57,010 [INFO] phase6.runner: [CYCLE 252] 2026-05-20T15:47:57 | rebalance_needed=False | last_rebalance=2026-05-20
2026-05-20 15:52:57,010 [INFO] phase6.runner: [CYCLE 253] 2026-05-20T15:52:57 | rebalance_needed=False | last_rebalance=2026-05-20
2026-05-20 15:57:57,011 [INFO] phase6.runner: [CYCLE 254] 2026-05-20T15:57:57 | rebalance_needed=False | last_rebalance=2026-05-20
2026-05-20 16:02:57,012 [INFO] phase6.runner: [CYCLE 255] 2026-05-20T16:02:57 | rebalance_needed=False | last_rebalance=2026-05-20
2026-05-20 16:07:57,012 [INFO] phase6.runner: [CYCLE 256] 2026-05-20T16:07:57 | rebalance_needed=False | last_rebalance=2026-05-20
2026-05-20 16:12:57,012 [INFO] phase6.runner: [CYCLE 257] 2026-05-20T16:12:57 | rebalance_needed=False | last_rebalance=2026-05-20
2026-05-20 16:17:57,013 [INFO] phase6.runner: [CYCLE 258] 2026-05-20T16:17:57 | rebalance_needed=False | last_rebalance=2026-05-20
2026-05-20 16:22:57,013 [INFO] phase6.runner: [CYCLE 259] 2026-05-20T16:22:57 | rebalance_needed=False | last_rebalance=2026-05-20
2026-05-20 16:27:57,013 [INFO] phase6.runner: [CYCLE 260] 2026-05-20T16:27:57 | rebalance_needed=False | last_rebalance=2026-05-20
2026-05-20 16:32:57,014 [INFO] phase6.runner: [CYCLE 261] 2026-05-20T16:32:57 | rebalance_needed=False | last_rebalance=2026-05-20
2026-05-20 16:37:57,014 [INFO] phase6.runner: [CYCLE 262] 2026-05-20T16:37:57 | rebalance_needed=False | last_rebalance=2026-05-20
2026-05-20 16:42:57,014 [INFO] phase6.runner: [CYCLE 263] 2026-05-20T16:42:57 | rebalance_needed=False | last_rebalance=2026-05-20
2026-05-20 16:47:57,015 [INFO] phase6.runner: [CYCLE 264] 2026-05-20T16:47:57 | rebalance_needed=False | last_rebalance=2026-05-20
2026-05-20 16:52:57,015 [INFO] phase6.runner: [CYCLE 265] 2026-05-20T16:52:57 | rebalance_needed=False | last_rebalance=2026-05-20
2026-05-20 16:57:57,016 [INFO] phase6.runner: [CYCLE 266] 2026-05-20T16:57:57 | rebalance_needed=False | last_rebalance=2026-05-20
2026-05-20 17:02:57,016 [INFO] phase6.runner: [CYCLE 267] 2026-05-20T17:02:57 | rebalance_needed=False | last_rebalance=2026-05-20
2026-05-20 17:07:57,016 [INFO] phase6.runner: [CYCLE 268] 2026-05-20T17:07:57 | rebalance_needed=False | last_rebalance=2026-05-20
2026-05-20 17:12:57,017 [INFO] phase6.runner: [CYCLE 269] 2026-05-20T17:12:57 | rebalance_needed=False | last_rebalance=2026-05-20
2026-05-20 17:17:57,017 [INFO] phase6.runner: [CYCLE 270] 2026-05-20T17:17:57 | rebalance_needed=False | last_rebalance=2026-05-20
2026-05-20 17:22:57,017 [INFO] phase6.runner: [CYCLE 271] 2026-05-20T17:22:57 | rebalance_needed=False | last_rebalance=2026-05-20
2026-05-20 17:27:57,018 [INFO] phase6.runner: [CYCLE 272] 2026-05-20T17:27:57 | rebalance_needed=False | last_rebalance=2026-05-20
2026-05-20 17:32:57,018 [INFO] phase6.runner: [CYCLE 273] 2026-05-20T17:32:57 | rebalance_needed=False | last_rebalance=2026-05-20
2026-05-20 17:37:57,018 [INFO] phase6.runner: [CYCLE 274] 2026-05-20T17:37:57 | rebalance_needed=False | last_rebalance=2026-05-20
2026-05-20 17:42:57,019 [INFO] phase6.runner: [CYCLE 275] 2026-05-20T17:42:57 | rebalance_needed=False | last_rebalance=2026-05-20
2026-05-20 17:47:57,019 [INFO] phase6.runner: [CYCLE 276] 2026-05-20T17:47:57 | rebalance_needed=False | last_rebalance=2026-05-20
2026-05-20 17:52:57,019 [INFO] phase6.runner: [CYCLE 277] 2026-05-20T17:52:57 | rebalance_needed=False | last_rebalance=2026-05-20
2026-05-20 17:57:57,020 [INFO] phase6.runner: [CYCLE 278] 2026-05-20T17:57:57 | rebalance_needed=False | last_rebalance=2026-05-20
2026-05-20 18:02:57,020 [INFO] phase6.runner: [CYCLE 279] 2026-05-20T18:02:57 | rebalance_needed=False | last_rebalance=2026-05-20
2026-05-20 18:07:57,020 [INFO] phase6.runner: [CYCLE 280] 2026-05-20T18:07:57 | rebalance_needed=False | last_rebalance=2026-05-20
2026-05-20 18:12:57,021 [INFO] phase6.runner: [CYCLE 281] 2026-05-20T18:12:57 | rebalance_needed=False | last_rebalance=2026-05-20
2026-05-20 18:17:57,021 [INFO] phase6.runner: [CYCLE 282] 2026-05-20T18:17:57 | rebalance_needed=False | last_rebalance=2026-05-20
2026-05-20 18:22:57,022 [INFO] phase6.runner: [CYCLE 283] 2026-05-20T18:22:57 | rebalance_needed=False | last_rebalance=2026-05-20
2026-05-20 18:27:57,022 [INFO] phase6.runner: [CYCLE 284] 2026-05-20T18:27:57 | rebalance_needed=False | last_rebalance=2026-05-20
2026-05-20 18:32:57,022 [INFO] phase6.runner: [CYCLE 285] 2026-05-20T18:32:57 | rebalance_needed=False | last_rebalance=2026-05-20
2026-05-20 18:37:57,023 [INFO] phase6.runner: [CYCLE 286] 2026-05-20T18:37:57 | rebalance_needed=False | last_rebalance=2026-05-20
2026-05-20 18:42:57,023 [INFO] phase6.runner: [CYCLE 287] 2026-05-20T18:42:57 | rebalance_needed=False | last_rebalance=2026-05-20
2026-05-20 18:47:57,023 [INFO] phase6.runner: [CYCLE 288] 2026-05-20T18:47:57 | rebalance_needed=False | last_rebalance=2026-05-20
2026-05-20 18:52:57,024 [INFO] phase6.runner: [CYCLE 289] 2026-05-20T18:52:57 | rebalance_needed=False | last_rebalance=2026-05-20
2026-05-20 18:57:57,024 [INFO] phase6.runner: [CYCLE 290] 2026-05-20T18:57:57 | rebalance_needed=False | last_rebalance=2026-05-20
2026-05-20 19:02:57,024 [INFO] phase6.runner: [CYCLE 291] 2026-05-20T19:02:57 | rebalance_needed=False | last_rebalance=2026-05-20
2026-05-20 19:07:57,025 [INFO] phase6.runner: [CYCLE 292] 2026-05-20T19:07:57 | rebalance_needed=False | last_rebalance=2026-05-20
2026-05-20 19:12:57,025 [INFO] phase6.runner: [CYCLE 293] 2026-05-20T19:12:57 | rebalance_needed=False | last_rebalance=2026-05-20
2026-05-20 19:17:57,026 [INFO] phase6.runner: [CYCLE 294] 2026-05-20T19:17:57 | rebalance_needed=False | last_rebalance=2026-05-20
2026-05-20 19:22:57,026 [INFO] phase6.runner: [CYCLE 295] 2026-05-20T19:22:57 | rebalance_needed=False | last_rebalance=2026-05-20
2026-05-20 19:27:57,026 [INFO] phase6.runner: [CYCLE 296] 2026-05-20T19:27:57 | rebalance_needed=False | last_rebalance=2026-05-20
2026-05-20 19:32:57,027 [INFO] phase6.runner: [CYCLE 297] 2026-05-20T19:32:57 | rebalance_needed=False | last_rebalance=2026-05-20
2026-05-20 19:37:57,027 [INFO] phase6.runner: [CYCLE 298] 2026-05-20T19:37:57 | rebalance_needed=False | last_rebalance=2026-05-20
2026-05-20 19:42:57,028 [INFO] phase6.runner: [CYCLE 299] 2026-05-20T19:42:57 | rebalance_needed=False | last_rebalance=2026-05-20
2026-05-20 19:47:57,028 [INFO] phase6.runner: [CYCLE 300] 2026-05-20T19:47:57 | rebalance_needed=False | last_rebalance=2026-05-20
2026-05-20 19:52:57,028 [INFO] phase6.runner: [CYCLE 301] 2026-05-20T19:52:57 | rebalance_needed=False | last_rebalance=2026-05-20
2026-05-20 19:57:57,029 [INFO] phase6.runner: [CYCLE 302] 2026-05-20T19:57:57 | rebalance_needed=False | last_rebalance=2026-05-20
2026-05-20 20:02:57,029 [INFO] phase6.runner: [CYCLE 303] 2026-05-20T20:02:57 | rebalance_needed=False | last_rebalance=2026-05-20
2026-05-20 20:07:57,030 [INFO] phase6.runner: [CYCLE 304] 2026-05-20T20:07:57 | rebalance_needed=False | last_rebalance=2026-05-20
2026-05-20 20:12:57,030 [INFO] phase6.runner: [CYCLE 305] 2026-05-20T20:12:57 | rebalance_needed=False | last_rebalance=2026-05-20
2026-05-20 20:17:57,030 [INFO] phase6.runner: [CYCLE 306] 2026-05-20T20:17:57 | rebalance_needed=False | last_rebalance=2026-05-20
2026-05-20 20:22:57,031 [INFO] phase6.runner: [CYCLE 307] 2026-05-20T20:22:57 | rebalance_needed=False | last_rebalance=2026-05-20
2026-05-20 20:27:57,031 [INFO] phase6.runner: [CYCLE 308] 2026-05-20T20:27:57 | rebalance_needed=False | last_rebalance=2026-05-20
2026-05-20 20:32:57,032 [INFO] phase6.runner: [CYCLE 309] 2026-05-20T20:32:57 | rebalance_needed=False | last_rebalance=2026-05-20
2026-05-20 20:37:57,032 [INFO] phase6.runner: [CYCLE 310] 2026-05-20T20:37:57 | rebalance_needed=False | last_rebalance=2026-05-20
2026-05-20 20:42:57,032 [INFO] phase6.runner: [CYCLE 311] 2026-05-20T20:42:57 | rebalance_needed=False | last_rebalance=2026-05-20
2026-05-20 20:47:57,033 [INFO] phase6.runner: [CYCLE 312] 2026-05-20T20:47:57 | rebalance_needed=False | last_rebalance=2026-05-20
2026-05-20 20:52:57,033 [INFO] phase6.runner: [CYCLE 313] 2026-05-20T20:52:57 | rebalance_needed=False | last_rebalance=2026-05-20
2026-05-20 20:57:57,033 [INFO] phase6.runner: [CYCLE 314] 2026-05-20T20:57:57 | rebalance_needed=False | last_rebalance=2026-05-20
2026-05-20 21:02:57,034 [INFO] phase6.runner: [CYCLE 315] 2026-05-20T21:02:57 | rebalance_needed=False | last_rebalance=2026-05-20
2026-05-20 21:07:57,034 [INFO] phase6.runner: [CYCLE 316] 2026-05-20T21:07:57 | rebalance_needed=False | last_rebalance=2026-05-20
2026-05-20 21:12:57,035 [INFO] phase6.runner: [CYCLE 317] 2026-05-20T21:12:57 | rebalance_needed=False | last_rebalance=2026-05-20
2026-05-20 21:17:57,035 [INFO] phase6.runner: [CYCLE 318] 2026-05-20T21:17:57 | rebalance_needed=False | last_rebalance=2026-05-20
2026-05-20 21:22:57,036 [INFO] phase6.runner: [CYCLE 319] 2026-05-20T21:22:57 | rebalance_needed=False | last_rebalance=2026-05-20
2026-05-20 21:27:57,036 [INFO] phase6.runner: [CYCLE 320] 2026-05-20T21:27:57 | rebalance_needed=False | last_rebalance=2026-05-20
2026-05-20 21:32:57,037 [INFO] phase6.runner: [CYCLE 321] 2026-05-20T21:32:57 | rebalance_needed=False | last_rebalance=2026-05-20
2026-05-20 21:37:57,037 [INFO] phase6.runner: [CYCLE 322] 2026-05-20T21:37:57 | rebalance_needed=False | last_rebalance=2026-05-20
2026-05-20 21:42:57,037 [INFO] phase6.runner: [CYCLE 323] 2026-05-20T21:42:57 | rebalance_needed=False | last_rebalance=2026-05-20
2026-05-20 21:47:57,038 [INFO] phase6.runner: [CYCLE 324] 2026-05-20T21:47:57 | rebalance_needed=False | last_rebalance=2026-05-20
2026-05-20 21:52:57,038 [INFO] phase6.runner: [CYCLE 325] 2026-05-20T21:52:57 | rebalance_needed=False | last_rebalance=2026-05-20
2026-05-20 21:57:57,039 [INFO] phase6.runner: [CYCLE 326] 2026-05-20T21:57:57 | rebalance_needed=False | last_rebalance=2026-05-20
2026-05-20 22:02:57,039 [INFO] phase6.runner: [CYCLE 327] 2026-05-20T22:02:57 | rebalance_needed=False | last_rebalance=2026-05-20
2026-05-20 22:07:57,039 [INFO] phase6.runner: [CYCLE 328] 2026-05-20T22:07:57 | rebalance_needed=False | last_rebalance=2026-05-20
2026-05-20 22:12:57,040 [INFO] phase6.runner: [CYCLE 329] 2026-05-20T22:12:57 | rebalance_needed=False | last_rebalance=2026-05-20
2026-05-20 22:17:57,040 [INFO] phase6.runner: [CYCLE 330] 2026-05-20T22:17:57 | rebalance_needed=False | last_rebalance=2026-05-20
2026-05-20 22:22:57,040 [INFO] phase6.runner: [CYCLE 331] 2026-05-20T22:22:57 | rebalance_needed=False | last_rebalance=2026-05-20
2026-05-20 22:27:57,041 [INFO] phase6.runner: [CYCLE 332] 2026-05-20T22:27:57 | rebalance_needed=False | last_rebalance=2026-05-20
2026-05-20 22:32:57,041 [INFO] phase6.runner: [CYCLE 333] 2026-05-20T22:32:57 | rebalance_needed=False | last_rebalance=2026-05-20
2026-05-20 22:37:57,042 [INFO] phase6.runner: [CYCLE 334] 2026-05-20T22:37:57 | rebalance_needed=False | last_rebalance=2026-05-20
2026-05-20 22:42:57,042 [INFO] phase6.runner: [CYCLE 335] 2026-05-20T22:42:57 | rebalance_needed=False | last_rebalance=2026-05-20
2026-05-20 22:47:57,042 [INFO] phase6.runner: [CYCLE 336] 2026-05-20T22:47:57 | rebalance_needed=False | last_rebalance=2026-05-20
2026-05-20 22:52:57,043 [INFO] phase6.runner: [CYCLE 337] 2026-05-20T22:52:57 | rebalance_needed=False | last_rebalance=2026-05-20
2026-05-20 22:57:57,043 [INFO] phase6.runner: [CYCLE 338] 2026-05-20T22:57:57 | rebalance_needed=False | last_rebalance=2026-05-20
2026-05-20 23:02:57,043 [INFO] phase6.runner: [CYCLE 339] 2026-05-20T23:02:57 | rebalance_needed=False | last_rebalance=2026-05-20
2026-05-20 23:07:57,044 [INFO] phase6.runner: [CYCLE 340] 2026-05-20T23:07:57 | rebalance_needed=False | last_rebalance=2026-05-20
2026-05-20 23:12:57,044 [INFO] phase6.runner: [CYCLE 341] 2026-05-20T23:12:57 | rebalance_needed=False | last_rebalance=2026-05-20
2026-05-20 23:17:57,044 [INFO] phase6.runner: [CYCLE 342] 2026-05-20T23:17:57 | rebalance_needed=False | last_rebalance=2026-05-20
2026-05-20 23:22:57,045 [INFO] phase6.runner: [CYCLE 343] 2026-05-20T23:22:57 | rebalance_needed=False | last_rebalance=2026-05-20
2026-05-20 23:27:57,045 [INFO] phase6.runner: [CYCLE 344] 2026-05-20T23:27:57 | rebalance_needed=False | last_rebalance=2026-05-20
2026-05-20 23:32:57,045 [INFO] phase6.runner: [CYCLE 345] 2026-05-20T23:32:57 | rebalance_needed=False | last_rebalance=2026-05-20
2026-05-20 23:37:57,046 [INFO] phase6.runner: [CYCLE 346] 2026-05-20T23:37:57 | rebalance_needed=False | last_rebalance=2026-05-20
2026-05-20 23:42:57,046 [INFO] phase6.runner: [CYCLE 347] 2026-05-20T23:42:57 | rebalance_needed=False | last_rebalance=2026-05-20
2026-05-20 23:47:57,046 [INFO] phase6.runner: [CYCLE 348] 2026-05-20T23:47:57 | rebalance_needed=False | last_rebalance=2026-05-20
2026-05-20 23:52:57,047 [INFO] phase6.runner: [CYCLE 349] 2026-05-20T23:52:57 | rebalance_needed=False | last_rebalance=2026-05-20
2026-05-20 23:57:57,047 [INFO] phase6.runner: [CYCLE 350] 2026-05-20T23:57:57 | rebalance_needed=False | last_rebalance=2026-05-20
2026-05-21 00:02:57,047 [INFO] phase6.runner: [CYCLE 351] 2026-05-21T00:02:57 | rebalance_needed=False | last_rebalance=2026-05-20
2026-05-21 00:07:57,048 [INFO] phase6.runner: [CYCLE 352] 2026-05-21T00:07:57 | rebalance_needed=False | last_rebalance=2026-05-20
2026-05-21 00:12:57,048 [INFO] phase6.runner: [CYCLE 353] 2026-05-21T00:12:57 | rebalance_needed=False | last_rebalance=2026-05-20
2026-05-21 00:17:57,049 [INFO] phase6.runner: [CYCLE 354] 2026-05-21T00:17:57 | rebalance_needed=False | last_rebalance=2026-05-20
2026-05-21 00:22:57,049 [INFO] phase6.runner: [CYCLE 355] 2026-05-21T00:22:57 | rebalance_needed=False | last_rebalance=2026-05-20
2026-05-21 00:27:57,050 [INFO] phase6.runner: [CYCLE 356] 2026-05-21T00:27:57 | rebalance_needed=False | last_rebalance=2026-05-20
2026-05-21 00:32:57,050 [INFO] phase6.runner: [CYCLE 357] 2026-05-21T00:32:57 | rebalance_needed=False | last_rebalance=2026-05-20
2026-05-21 00:37:57,050 [INFO] phase6.runner: [CYCLE 358] 2026-05-21T00:37:57 | rebalance_needed=False | last_rebalance=2026-05-20
2026-05-21 00:42:57,051 [INFO] phase6.runner: [CYCLE 359] 2026-05-21T00:42:57 | rebalance_needed=False | last_rebalance=2026-05-20
2026-05-21 00:47:57,051 [INFO] phase6.runner: [CYCLE 360] 2026-05-21T00:47:57 | rebalance_needed=False | last_rebalance=2026-05-20
2026-05-21 00:52:57,051 [INFO] phase6.runner: [CYCLE 361] 2026-05-21T00:52:57 | rebalance_needed=False | last_rebalance=2026-05-20
2026-05-21 00:57:57,052 [INFO] phase6.runner: [CYCLE 362] 2026-05-21T00:57:57 | rebalance_needed=False | last_rebalance=2026-05-20
2026-05-21 01:02:57,052 [INFO] phase6.runner: [CYCLE 363] 2026-05-21T01:02:57 | rebalance_needed=False | last_rebalance=2026-05-20
2026-05-21 01:07:57,053 [INFO] phase6.runner: [CYCLE 364] 2026-05-21T01:07:57 | rebalance_needed=False | last_rebalance=2026-05-20
2026-05-21 01:12:57,053 [INFO] phase6.runner: [CYCLE 365] 2026-05-21T01:12:57 | rebalance_needed=False | last_rebalance=2026-05-20
2026-05-21 01:17:57,053 [INFO] phase6.runner: [CYCLE 366] 2026-05-21T01:17:57 | rebalance_needed=False | last_rebalance=2026-05-20
2026-05-21 01:22:57,054 [INFO] phase6.runner: [CYCLE 367] 2026-05-21T01:22:57 | rebalance_needed=False | last_rebalance=2026-05-20
2026-05-21 01:27:57,054 [INFO] phase6.runner: [CYCLE 368] 2026-05-21T01:27:57 | rebalance_needed=False | last_rebalance=2026-05-20
2026-05-21 01:32:57,054 [INFO] phase6.runner: [CYCLE 369] 2026-05-21T01:32:57 | rebalance_needed=False | last_rebalance=2026-05-20
2026-05-21 01:37:57,055 [INFO] phase6.runner: [CYCLE 370] 2026-05-21T01:37:57 | rebalance_needed=False | last_rebalance=2026-05-20
2026-05-21 01:42:57,055 [INFO] phase6.runner: [CYCLE 371] 2026-05-21T01:42:57 | rebalance_needed=False | last_rebalance=2026-05-20
2026-05-21 01:47:57,055 [INFO] phase6.runner: [CYCLE 372] 2026-05-21T01:47:57 | rebalance_needed=False | last_rebalance=2026-05-20
2026-05-21 01:52:57,056 [INFO] phase6.runner: [CYCLE 373] 2026-05-21T01:52:57 | rebalance_needed=False | last_rebalance=2026-05-20
2026-05-21 01:57:57,056 [INFO] phase6.runner: [CYCLE 374] 2026-05-21T01:57:57 | rebalance_needed=False | last_rebalance=2026-05-20
2026-05-21 02:02:57,057 [INFO] phase6.runner: [CYCLE 375] 2026-05-21T02:02:57 | rebalance_needed=False | last_rebalance=2026-05-20
2026-05-21 02:07:57,057 [INFO] phase6.runner: [CYCLE 376] 2026-05-21T02:07:57 | rebalance_needed=False | last_rebalance=2026-05-20
2026-05-21 02:12:57,057 [INFO] phase6.runner: [CYCLE 377] 2026-05-21T02:12:57 | rebalance_needed=False | last_rebalance=2026-05-20
2026-05-21 02:17:57,058 [INFO] phase6.runner: [CYCLE 378] 2026-05-21T02:17:57 | rebalance_needed=False | last_rebalance=2026-05-20
2026-05-21 02:22:57,058 [INFO] phase6.runner: [CYCLE 379] 2026-05-21T02:22:57 | rebalance_needed=False | last_rebalance=2026-05-20
2026-05-21 02:27:57,059 [INFO] phase6.runner: [CYCLE 380] 2026-05-21T02:27:57 | rebalance_needed=False | last_rebalance=2026-05-20
2026-05-21 02:32:57,059 [INFO] phase6.runner: [CYCLE 381] 2026-05-21T02:32:57 | rebalance_needed=False | last_rebalance=2026-05-20
2026-05-21 02:37:57,059 [INFO] phase6.runner: [CYCLE 382] 2026-05-21T02:37:57 | rebalance_needed=False | last_rebalance=2026-05-20
2026-05-21 02:42:57,060 [INFO] phase6.runner: [CYCLE 383] 2026-05-21T02:42:57 | rebalance_needed=False | last_rebalance=2026-05-20
2026-05-21 02:47:57,060 [INFO] phase6.runner: [CYCLE 384] 2026-05-21T02:47:57 | rebalance_needed=False | last_rebalance=2026-05-20
2026-05-21 02:52:57,060 [INFO] phase6.runner: [CYCLE 385] 2026-05-21T02:52:57 | rebalance_needed=False | last_rebalance=2026-05-20
2026-05-21 02:57:57,061 [INFO] phase6.runner: [CYCLE 386] 2026-05-21T02:57:57 | rebalance_needed=False | last_rebalance=2026-05-20
2026-05-21 03:02:57,061 [INFO] phase6.runner: [CYCLE 387] 2026-05-21T03:02:57 | rebalance_needed=False | last_rebalance=2026-05-20
2026-05-21 03:07:57,062 [INFO] phase6.runner: [CYCLE 388] 2026-05-21T03:07:57 | rebalance_needed=False | last_rebalance=2026-05-20
2026-05-21 03:12:57,062 [INFO] phase6.runner: [CYCLE 389] 2026-05-21T03:12:57 | rebalance_needed=False | last_rebalance=2026-05-20
2026-05-21 03:17:57,063 [INFO] phase6.runner: [CYCLE 390] 2026-05-21T03:17:57 | rebalance_needed=False | last_rebalance=2026-05-20
2026-05-21 03:22:57,063 [INFO] phase6.runner: [CYCLE 391] 2026-05-21T03:22:57 | rebalance_needed=False | last_rebalance=2026-05-20
2026-05-21 03:27:57,063 [INFO] phase6.runner: [CYCLE 392] 2026-05-21T03:27:57 | rebalance_needed=False | last_rebalance=2026-05-20
2026-05-21 03:32:57,064 [INFO] phase6.runner: [CYCLE 393] 2026-05-21T03:32:57 | rebalance_needed=False | last_rebalance=2026-05-20
2026-05-21 03:37:57,064 [INFO] phase6.runner: [CYCLE 394] 2026-05-21T03:37:57 | rebalance_needed=False | last_rebalance=2026-05-20
2026-05-21 03:42:57,064 [INFO] phase6.runner: [CYCLE 395] 2026-05-21T03:42:57 | rebalance_needed=False | last_rebalance=2026-05-20
2026-05-21 03:47:57,065 [INFO] phase6.runner: [CYCLE 396] 2026-05-21T03:47:57 | rebalance_needed=False | last_rebalance=2026-05-20
2026-05-21 03:52:57,065 [INFO] phase6.runner: [CYCLE 397] 2026-05-21T03:52:57 | rebalance_needed=False | last_rebalance=2026-05-20
2026-05-21 03:57:57,066 [INFO] phase6.runner: [CYCLE 398] 2026-05-21T03:57:57 | rebalance_needed=False | last_rebalance=2026-05-20
2026-05-21 04:02:57,066 [INFO] phase6.runner: [CYCLE 399] 2026-05-21T04:02:57 | rebalance_needed=False | last_rebalance=2026-05-20
2026-05-21 04:07:57,066 [INFO] phase6.runner: [CYCLE 400] 2026-05-21T04:07:57 | rebalance_needed=False | last_rebalance=2026-05-20
2026-05-21 04:12:57,067 [INFO] phase6.runner: [CYCLE 401] 2026-05-21T04:12:57 | rebalance_needed=False | last_rebalance=2026-05-20
2026-05-21 04:17:57,067 [INFO] phase6.runner: [CYCLE 402] 2026-05-21T04:17:57 | rebalance_needed=False | last_rebalance=2026-05-20
2026-05-21 04:22:57,068 [INFO] phase6.runner: [CYCLE 403] 2026-05-21T04:22:57 | rebalance_needed=False | last_rebalance=2026-05-20
2026-05-21 04:27:57,068 [INFO] phase6.runner: [CYCLE 404] 2026-05-21T04:27:57 | rebalance_needed=False | last_rebalance=2026-05-20
2026-05-21 04:32:57,068 [INFO] phase6.runner: [CYCLE 405] 2026-05-21T04:32:57 | rebalance_needed=False | last_rebalance=2026-05-20
2026-05-21 04:37:57,069 [INFO] phase6.runner: [CYCLE 406] 2026-05-21T04:37:57 | rebalance_needed=False | last_rebalance=2026-05-20
2026-05-21 04:42:57,069 [INFO] phase6.runner: [CYCLE 407] 2026-05-21T04:42:57 | rebalance_needed=False | last_rebalance=2026-05-20
2026-05-21 04:47:57,070 [INFO] phase6.runner: [CYCLE 408] 2026-05-21T04:47:57 | rebalance_needed=False | last_rebalance=2026-05-20
2026-05-21 04:52:57,070 [INFO] phase6.runner: [CYCLE 409] 2026-05-21T04:52:57 | rebalance_needed=False | last_rebalance=2026-05-20
2026-05-21 04:57:57,070 [INFO] phase6.runner: [CYCLE 410] 2026-05-21T04:57:57 | rebalance_needed=False | last_rebalance=2026-05-20
2026-05-21 05:02:57,071 [INFO] phase6.runner: [CYCLE 411] 2026-05-21T05:02:57 | rebalance_needed=False | last_rebalance=2026-05-20
2026-05-21 05:07:57,072 [INFO] phase6.runner: [CYCLE 412] 2026-05-21T05:07:57 | rebalance_needed=False | last_rebalance=2026-05-20
2026-05-21 05:12:57,072 [INFO] phase6.runner: [CYCLE 413] 2026-05-21T05:12:57 | rebalance_needed=False | last_rebalance=2026-05-20
2026-05-21 05:17:57,072 [INFO] phase6.runner: [CYCLE 414] 2026-05-21T05:17:57 | rebalance_needed=False | last_rebalance=2026-05-20
2026-05-21 05:22:57,073 [INFO] phase6.runner: [CYCLE 415] 2026-05-21T05:22:57 | rebalance_needed=False | last_rebalance=2026-05-20
2026-05-21 05:27:57,073 [INFO] phase6.runner: [CYCLE 416] 2026-05-21T05:27:57 | rebalance_needed=False | last_rebalance=2026-05-20
2026-05-21 05:32:57,074 [INFO] phase6.runner: [CYCLE 417] 2026-05-21T05:32:57 | rebalance_needed=False | last_rebalance=2026-05-20
2026-05-21 05:37:57,074 [INFO] phase6.runner: [CYCLE 418] 2026-05-21T05:37:57 | rebalance_needed=False | last_rebalance=2026-05-20
2026-05-21 05:42:57,074 [INFO] phase6.runner: [CYCLE 419] 2026-05-21T05:42:57 | rebalance_needed=False | last_rebalance=2026-05-20
2026-05-21 05:47:57,075 [INFO] phase6.runner: [CYCLE 420] 2026-05-21T05:47:57 | rebalance_needed=False | last_rebalance=2026-05-20
2026-05-21 05:52:57,075 [INFO] phase6.runner: [CYCLE 421] 2026-05-21T05:52:57 | rebalance_needed=False | last_rebalance=2026-05-20
2026-05-21 05:57:57,076 [INFO] phase6.runner: [CYCLE 422] 2026-05-21T05:57:57 | rebalance_needed=False | last_rebalance=2026-05-20
2026-05-21 06:02:57,076 [INFO] phase6.runner: [CYCLE 423] 2026-05-21T06:02:57 | rebalance_needed=False | last_rebalance=2026-05-20
2026-05-21 06:07:57,077 [INFO] phase6.runner: [CYCLE 424] 2026-05-21T06:07:57 | rebalance_needed=False | last_rebalance=2026-05-20
2026-05-21 06:12:57,078 [INFO] phase6.runner: [CYCLE 425] 2026-05-21T06:12:57 | rebalance_needed=False | last_rebalance=2026-05-20
2026-05-21 06:17:57,078 [INFO] phase6.runner: [CYCLE 426] 2026-05-21T06:17:57 | rebalance_needed=False | last_rebalance=2026-05-20
2026-05-21 06:22:57,078 [INFO] phase6.runner: [CYCLE 427] 2026-05-21T06:22:57 | rebalance_needed=False | last_rebalance=2026-05-20
2026-05-21 06:27:57,079 [INFO] phase6.runner: [CYCLE 428] 2026-05-21T06:27:57 | rebalance_needed=False | last_rebalance=2026-05-20
2026-05-21 06:32:57,079 [INFO] phase6.runner: [CYCLE 429] 2026-05-21T06:32:57 | rebalance_needed=False | last_rebalance=2026-05-20
2026-05-21 06:37:57,080 [INFO] phase6.runner: [CYCLE 430] 2026-05-21T06:37:57 | rebalance_needed=False | last_rebalance=2026-05-20
2026-05-21 06:42:57,080 [INFO] phase6.runner: [CYCLE 431] 2026-05-21T06:42:57 | rebalance_needed=False | last_rebalance=2026-05-20
2026-05-21 06:47:57,080 [INFO] phase6.runner: [CYCLE 432] 2026-05-21T06:47:57 | rebalance_needed=False | last_rebalance=2026-05-20
2026-05-21 06:52:57,081 [INFO] phase6.runner: [CYCLE 433] 2026-05-21T06:52:57 | rebalance_needed=False | last_rebalance=2026-05-20
2026-05-21 06:57:57,081 [INFO] phase6.runner: [CYCLE 434] 2026-05-21T06:57:57 | rebalance_needed=False | last_rebalance=2026-05-20
2026-05-21 07:02:57,081 [INFO] phase6.runner: [CYCLE 435] 2026-05-21T07:02:57 | rebalance_needed=False | last_rebalance=2026-05-20
2026-05-21 07:07:57,082 [INFO] phase6.runner: [CYCLE 436] 2026-05-21T07:07:57 | rebalance_needed=False | last_rebalance=2026-05-20
2026-05-21 07:12:57,082 [INFO] phase6.runner: [CYCLE 437] 2026-05-21T07:12:57 | rebalance_needed=False | last_rebalance=2026-05-20
2026-05-21 07:17:57,083 [INFO] phase6.runner: [CYCLE 438] 2026-05-21T07:17:57 | rebalance_needed=False | last_rebalance=2026-05-20
2026-05-21 07:22:57,083 [INFO] phase6.runner: [CYCLE 439] 2026-05-21T07:22:57 | rebalance_needed=False | last_rebalance=2026-05-20
2026-05-21 07:27:57,083 [INFO] phase6.runner: [CYCLE 440] 2026-05-21T07:27:57 | rebalance_needed=False | last_rebalance=2026-05-20
2026-05-21 07:32:57,084 [INFO] phase6.runner: [CYCLE 441] 2026-05-21T07:32:57 | rebalance_needed=False | last_rebalance=2026-05-20
2026-05-21 07:37:57,084 [INFO] phase6.runner: [CYCLE 442] 2026-05-21T07:37:57 | rebalance_needed=False | last_rebalance=2026-05-20
2026-05-21 07:42:57,084 [INFO] phase6.runner: [CYCLE 443] 2026-05-21T07:42:57 | rebalance_needed=False | last_rebalance=2026-05-20
2026-05-21 07:47:57,085 [INFO] phase6.runner: [CYCLE 444] 2026-05-21T07:47:57 | rebalance_needed=False | last_rebalance=2026-05-20
2026-05-21 07:52:57,085 [INFO] phase6.runner: [CYCLE 445] 2026-05-21T07:52:57 | rebalance_needed=False | last_rebalance=2026-05-20
2026-05-21 07:57:57,085 [INFO] phase6.runner: [CYCLE 446] 2026-05-21T07:57:57 | rebalance_needed=False | last_rebalance=2026-05-20
2026-05-21 08:02:57,086 [INFO] phase6.runner: [CYCLE 447] 2026-05-21T08:02:57 | rebalance_needed=False | last_rebalance=2026-05-20
2026-05-21 08:07:57,087 [INFO] phase6.runner: [CYCLE 448] 2026-05-21T08:07:57 | rebalance_needed=False | last_rebalance=2026-05-20
2026-05-21 08:12:57,087 [INFO] phase6.runner: [CYCLE 449] 2026-05-21T08:12:57 | rebalance_needed=False | last_rebalance=2026-05-20
2026-05-21 08:17:57,088 [INFO] phase6.runner: [CYCLE 450] 2026-05-21T08:17:57 | rebalance_needed=False | last_rebalance=2026-05-20
2026-05-21 08:22:57,088 [INFO] phase6.runner: [CYCLE 451] 2026-05-21T08:22:57 | rebalance_needed=False | last_rebalance=2026-05-20
2026-05-21 08:27:57,089 [INFO] phase6.runner: [CYCLE 452] 2026-05-21T08:27:57 | rebalance_needed=False | last_rebalance=2026-05-20
2026-05-21 08:32:57,089 [INFO] phase6.runner: [CYCLE 453] 2026-05-21T08:32:57 | rebalance_needed=False | last_rebalance=2026-05-20
2026-05-21 08:37:57,090 [INFO] phase6.runner: [CYCLE 454] 2026-05-21T08:37:57 | rebalance_needed=False | last_rebalance=2026-05-20
2026-05-21 08:42:57,090 [INFO] phase6.runner: [CYCLE 455] 2026-05-21T08:42:57 | rebalance_needed=False | last_rebalance=2026-05-20
2026-05-21 08:47:57,090 [INFO] phase6.runner: [CYCLE 456] 2026-05-21T08:47:57 | rebalance_needed=False | last_rebalance=2026-05-20
2026-05-21 08:52:57,091 [INFO] phase6.runner: [CYCLE 457] 2026-05-21T08:52:57 | rebalance_needed=False | last_rebalance=2026-05-20
2026-05-21 08:57:57,091 [INFO] phase6.runner: [CYCLE 458] 2026-05-21T08:57:57 | rebalance_needed=False | last_rebalance=2026-05-20
2026-05-21 09:02:57,092 [INFO] phase6.runner: [CYCLE 459] 2026-05-21T09:02:57 | rebalance_needed=True | last_rebalance=2026-05-20
2026-05-21 09:02:57,128 [INFO] phase6.runner: === Daily Rebalance ===
2026-05-21 09:03:00,750 [INFO] phase6.runner: Daily Rebalance: cash=$76.77 | target_weights={'BTC-USD': 0.2, 'ETH-USD': 0.2, 'SOL-USD': 0.2, 'XRP-USD': 0.2, 'DOGE-USD': 0.2}
2026-05-21 09:03:00,797 [INFO] phase6.runner: Daily rebalance completed. Executed=0, Skipped=0
2026-05-21 09:03:01,599 [INFO] phase6.runner: Telegram digest sent successfully
2026-05-21 09:08:01,612 [INFO] phase6.runner: [CYCLE 460] 2026-05-21T09:08:01 | rebalance_needed=False | last_rebalance=2026-05-21
2026-05-21 09:13:01,612 [INFO] phase6.runner: [CYCLE 461] 2026-05-21T09:13:01 | rebalance_needed=False | last_rebalance=2026-05-21
2026-05-21 09:18:01,612 [INFO] phase6.runner: [CYCLE 462] 2026-05-21T09:18:01 | rebalance_needed=False | last_rebalance=2026-05-21
2026-05-21 09:23:01,613 [INFO] phase6.runner: [CYCLE 463] 2026-05-21T09:23:01 | rebalance_needed=False | last_rebalance=2026-05-21
2026-05-21 09:28:01,613 [INFO] phase6.runner: [CYCLE 464] 2026-05-21T09:28:01 | rebalance_needed=False | last_rebalance=2026-05-21
2026-05-21 09:33:01,614 [INFO] phase6.runner: [CYCLE 465] 2026-05-21T09:33:01 | rebalance_needed=False | last_rebalance=2026-05-21
2026-05-21 09:38:01,614 [INFO] phase6.runner: [CYCLE 466] 2026-05-21T09:38:01 | rebalance_needed=False | last_rebalance=2026-05-21
2026-05-21 09:43:01,614 [INFO] phase6.runner: [CYCLE 467] 2026-05-21T09:43:01 | rebalance_needed=False | last_rebalance=2026-05-21
2026-05-21 09:48:01,615 [INFO] phase6.runner: [CYCLE 468] 2026-05-21T09:48:01 | rebalance_needed=False | last_rebalance=2026-05-21
2026-05-21 09:53:01,615 [INFO] phase6.runner: [CYCLE 469] 2026-05-21T09:53:01 | rebalance_needed=False | last_rebalance=2026-05-21
2026-05-21 09:58:01,615 [INFO] phase6.runner: [CYCLE 470] 2026-05-21T09:58:01 | rebalance_needed=False | last_rebalance=2026-05-21
2026-05-21 10:03:01,616 [INFO] phase6.runner: [CYCLE 471] 2026-05-21T10:03:01 | rebalance_needed=False | last_rebalance=2026-05-21
2026-05-21 10:08:01,616 [INFO] phase6.runner: [CYCLE 472] 2026-05-21T10:08:01 | rebalance_needed=False | last_rebalance=2026-05-21
2026-05-21 10:13:01,616 [INFO] phase6.runner: [CYCLE 473] 2026-05-21T10:13:01 | rebalance_needed=False | last_rebalance=2026-05-21
2026-05-21 10:18:01,617 [INFO] phase6.runner: [CYCLE 474] 2026-05-21T10:18:01 | rebalance_needed=False | last_rebalance=2026-05-21
2026-05-21 10:23:01,617 [INFO] phase6.runner: [CYCLE 475] 2026-05-21T10:23:01 | rebalance_needed=False | last_rebalance=2026-05-21
2026-05-21 10:28:01,617 [INFO] phase6.runner: [CYCLE 476] 2026-05-21T10:28:01 | rebalance_needed=False | last_rebalance=2026-05-21
2026-05-21 10:33:01,618 [INFO] phase6.runner: [CYCLE 477] 2026-05-21T10:33:01 | rebalance_needed=False | last_rebalance=2026-05-21
2026-05-21 10:38:01,618 [INFO] phase6.runner: [CYCLE 478] 2026-05-21T10:38:01 | rebalance_needed=False | last_rebalance=2026-05-21
2026-05-21 10:43:01,618 [INFO] phase6.runner: [CYCLE 479] 2026-05-21T10:43:01 | rebalance_needed=False | last_rebalance=2026-05-21
2026-05-21 10:48:01,619 [INFO] phase6.runner: [CYCLE 480] 2026-05-21T10:48:01 | rebalance_needed=False | last_rebalance=2026-05-21
2026-05-21 10:53:01,619 [INFO] phase6.runner: [CYCLE 481] 2026-05-21T10:53:01 | rebalance_needed=False | last_rebalance=2026-05-21
2026-05-21 10:58:01,619 [INFO] phase6.runner: [CYCLE 482] 2026-05-21T10:58:01 | rebalance_needed=False | last_rebalance=2026-05-21
2026-05-21 11:03:01,620 [INFO] phase6.runner: [CYCLE 483] 2026-05-21T11:03:01 | rebalance_needed=False | last_rebalance=2026-05-21
2026-05-21 11:08:01,620 [INFO] phase6.runner: [CYCLE 484] 2026-05-21T11:08:01 | rebalance_needed=False | last_rebalance=2026-05-21
2026-05-21 11:13:01,621 [INFO] phase6.runner: [CYCLE 485] 2026-05-21T11:13:01 | rebalance_needed=False | last_rebalance=2026-05-21
2026-05-21 11:18:01,621 [INFO] phase6.runner: [CYCLE 486] 2026-05-21T11:18:01 | rebalance_needed=False | last_rebalance=2026-05-21
2026-05-21 11:23:01,621 [INFO] phase6.runner: [CYCLE 487] 2026-05-21T11:23:01 | rebalance_needed=False | last_rebalance=2026-05-21
2026-05-21 11:28:01,622 [INFO] phase6.runner: [CYCLE 488] 2026-05-21T11:28:01 | rebalance_needed=False | last_rebalance=2026-05-21
2026-05-21 11:33:01,622 [INFO] phase6.runner: [CYCLE 489] 2026-05-21T11:33:01 | rebalance_needed=False | last_rebalance=2026-05-21
2026-05-21 11:38:01,622 [INFO] phase6.runner: [CYCLE 490] 2026-05-21T11:38:01 | rebalance_needed=False | last_rebalance=2026-05-21
2026-05-21 11:43:01,623 [INFO] phase6.runner: [CYCLE 491] 2026-05-21T11:43:01 | rebalance_needed=False | last_rebalance=2026-05-21
2026-05-21 11:48:01,623 [INFO] phase6.runner: [CYCLE 492] 2026-05-21T11:48:01 | rebalance_needed=False | last_rebalance=2026-05-21
2026-05-21 11:53:01,623 [INFO] phase6.runner: [CYCLE 493] 2026-05-21T11:53:01 | rebalance_needed=False | last_rebalance=2026-05-21
2026-05-21 11:58:01,624 [INFO] phase6.runner: [CYCLE 494] 2026-05-21T11:58:01 | rebalance_needed=False | last_rebalance=2026-05-21
2026-05-21 12:03:01,624 [INFO] phase6.runner: [CYCLE 495] 2026-05-21T12:03:01 | rebalance_needed=False | last_rebalance=2026-05-21
2026-05-21 12:08:01,624 [INFO] phase6.runner: [CYCLE 496] 2026-05-21T12:08:01 | rebalance_needed=False | last_rebalance=2026-05-21
2026-05-21 12:13:01,625 [INFO] phase6.runner: [CYCLE 497] 2026-05-21T12:13:01 | rebalance_needed=False | last_rebalance=2026-05-21
2026-05-21 12:18:01,625 [INFO] phase6.runner: [CYCLE 498] 2026-05-21T12:18:01 | rebalance_needed=False | last_rebalance=2026-05-21
2026-05-21 12:23:01,625 [INFO] phase6.runner: [CYCLE 499] 2026-05-21T12:23:01 | rebalance_needed=False | last_rebalance=2026-05-21
2026-05-21 12:28:01,626 [INFO] phase6.runner: [CYCLE 500] 2026-05-21T12:28:01 | rebalance_needed=False | last_rebalance=2026-05-21
2026-05-21 12:33:01,626 [INFO] phase6.runner: [CYCLE 501] 2026-05-21T12:33:01 | rebalance_needed=False | last_rebalance=2026-05-21
2026-05-21 12:38:01,626 [INFO] phase6.runner: [CYCLE 502] 2026-05-21T12:38:01 | rebalance_needed=False | last_rebalance=2026-05-21
2026-05-21 12:43:01,627 [INFO] phase6.runner: [CYCLE 503] 2026-05-21T12:43:01 | rebalance_needed=False | last_rebalance=2026-05-21
2026-05-21 12:48:01,627 [INFO] phase6.runner: [CYCLE 504] 2026-05-21T12:48:01 | rebalance_needed=False | last_rebalance=2026-05-21
2026-05-21 12:53:01,627 [INFO] phase6.runner: [CYCLE 505] 2026-05-21T12:53:01 | rebalance_needed=False | last_rebalance=2026-05-21
2026-05-21 12:58:01,628 [INFO] phase6.runner: [CYCLE 506] 2026-05-21T12:58:01 | rebalance_needed=False | last_rebalance=2026-05-21
2026-05-21 13:03:01,628 [INFO] phase6.runner: [CYCLE 507] 2026-05-21T13:03:01 | rebalance_needed=False | last_rebalance=2026-05-21
2026-05-21 13:08:01,628 [INFO] phase6.runner: [CYCLE 508] 2026-05-21T13:08:01 | rebalance_needed=False | last_rebalance=2026-05-21
2026-05-21 13:13:01,629 [INFO] phase6.runner: [CYCLE 509] 2026-05-21T13:13:01 | rebalance_needed=False | last_rebalance=2026-05-21
2026-05-21 13:18:01,629 [INFO] phase6.runner: [CYCLE 510] 2026-05-21T13:18:01 | rebalance_needed=False | last_rebalance=2026-05-21
2026-05-21 13:23:01,630 [INFO] phase6.runner: [CYCLE 511] 2026-05-21T13:23:01 | rebalance_needed=False | last_rebalance=2026-05-21
2026-05-21 13:28:01,630 [INFO] phase6.runner: [CYCLE 512] 2026-05-21T13:28:01 | rebalance_needed=False | last_rebalance=2026-05-21
2026-05-21 13:33:01,630 [INFO] phase6.runner: [CYCLE 513] 2026-05-21T13:33:01 | rebalance_needed=False | last_rebalance=2026-05-21
2026-05-21 13:38:01,631 [INFO] phase6.runner: [CYCLE 514] 2026-05-21T13:38:01 | rebalance_needed=False | last_rebalance=2026-05-21
2026-05-21 13:43:01,631 [INFO] phase6.runner: [CYCLE 515] 2026-05-21T13:43:01 | rebalance_needed=False | last_rebalance=2026-05-21
2026-05-21 13:48:01,631 [INFO] phase6.runner: [CYCLE 516] 2026-05-21T13:48:01 | rebalance_needed=False | last_rebalance=2026-05-21
2026-05-21 13:53:01,632 [INFO] phase6.runner: [CYCLE 517] 2026-05-21T13:53:01 | rebalance_needed=False | last_rebalance=2026-05-21
2026-05-21 13:58:01,632 [INFO] phase6.runner: [CYCLE 518] 2026-05-21T13:58:01 | rebalance_needed=False | last_rebalance=2026-05-21
2026-05-21 14:03:01,633 [INFO] phase6.runner: [CYCLE 519] 2026-05-21T14:03:01 | rebalance_needed=False | last_rebalance=2026-05-21
2026-05-21 14:08:01,633 [INFO] phase6.runner: [CYCLE 520] 2026-05-21T14:08:01 | rebalance_needed=False | last_rebalance=2026-05-21
2026-05-21 14:13:01,633 [INFO] phase6.runner: [CYCLE 521] 2026-05-21T14:13:01 | rebalance_needed=False | last_rebalance=2026-05-21
2026-05-21 14:18:01,635 [INFO] phase6.runner: [CYCLE 522] 2026-05-21T14:18:01 | rebalance_needed=False | last_rebalance=2026-05-21
2026-05-21 14:23:01,635 [INFO] phase6.runner: [CYCLE 523] 2026-05-21T14:23:01 | rebalance_needed=False | last_rebalance=2026-05-21
2026-05-21 14:28:01,635 [INFO] phase6.runner: [CYCLE 524] 2026-05-21T14:28:01 | rebalance_needed=False | last_rebalance=2026-05-21
2026-05-21 14:33:01,636 [INFO] phase6.runner: [CYCLE 525] 2026-05-21T14:33:01 | rebalance_needed=False | last_rebalance=2026-05-21
2026-05-21 14:38:01,636 [INFO] phase6.runner: [CYCLE 526] 2026-05-21T14:38:01 | rebalance_needed=False | last_rebalance=2026-05-21
2026-05-21 14:43:01,636 [INFO] phase6.runner: [CYCLE 527] 2026-05-21T14:43:01 | rebalance_needed=False | last_rebalance=2026-05-21
2026-05-21 14:48:01,637 [INFO] phase6.runner: [CYCLE 528] 2026-05-21T14:48:01 | rebalance_needed=False | last_rebalance=2026-05-21
2026-05-21 14:53:01,637 [INFO] phase6.runner: [CYCLE 529] 2026-05-21T14:53:01 | rebalance_needed=False | last_rebalance=2026-05-21
2026-05-21 14:58:01,638 [INFO] phase6.runner: [CYCLE 530] 2026-05-21T14:58:01 | rebalance_needed=False | last_rebalance=2026-05-21
2026-05-21 15:03:01,638 [INFO] phase6.runner: [CYCLE 531] 2026-05-21T15:03:01 | rebalance_needed=False | last_rebalance=2026-05-21
2026-05-21 15:08:01,638 [INFO] phase6.runner: [CYCLE 532] 2026-05-21T15:08:01 | rebalance_needed=False | last_rebalance=2026-05-21
2026-05-21 15:13:01,639 [INFO] phase6.runner: [CYCLE 533] 2026-05-21T15:13:01 | rebalance_needed=False | last_rebalance=2026-05-21
2026-05-21 15:18:01,639 [INFO] phase6.runner: [CYCLE 534] 2026-05-21T15:18:01 | rebalance_needed=False | last_rebalance=2026-05-21
2026-05-21 15:23:01,639 [INFO] phase6.runner: [CYCLE 535] 2026-05-21T15:23:01 | rebalance_needed=False | last_rebalance=2026-05-21
2026-05-21 15:28:01,640 [INFO] phase6.runner: [CYCLE 536] 2026-05-21T15:28:01 | rebalance_needed=False | last_rebalance=2026-05-21
2026-05-21 15:33:01,640 [INFO] phase6.runner: [CYCLE 537] 2026-05-21T15:33:01 | rebalance_needed=False | last_rebalance=2026-05-21
2026-05-21 15:38:01,640 [INFO] phase6.runner: [CYCLE 538] 2026-05-21T15:38:01 | rebalance_needed=False | last_rebalance=2026-05-21
2026-05-21 15:43:01,641 [INFO] phase6.runner: [CYCLE 539] 2026-05-21T15:43:01 | rebalance_needed=False | last_rebalance=2026-05-21
2026-05-21 15:48:01,641 [INFO] phase6.runner: [CYCLE 540] 2026-05-21T15:48:01 | rebalance_needed=False | last_rebalance=2026-05-21
2026-05-21 15:53:01,641 [INFO] phase6.runner: [CYCLE 541] 2026-05-21T15:53:01 | rebalance_needed=False | last_rebalance=2026-05-21
2026-05-21 15:58:01,642 [INFO] phase6.runner: [CYCLE 542] 2026-05-21T15:58:01 | rebalance_needed=False | last_rebalance=2026-05-21
2026-05-21 16:03:01,642 [INFO] phase6.runner: [CYCLE 543] 2026-05-21T16:03:01 | rebalance_needed=False | last_rebalance=2026-05-21
2026-05-21 16:08:01,643 [INFO] phase6.runner: [CYCLE 544] 2026-05-21T16:08:01 | rebalance_needed=False | last_rebalance=2026-05-21
2026-05-21 16:13:01,643 [INFO] phase6.runner: [CYCLE 545] 2026-05-21T16:13:01 | rebalance_needed=False | last_rebalance=2026-05-21
2026-05-21 16:18:01,643 [INFO] phase6.runner: [CYCLE 546] 2026-05-21T16:18:01 | rebalance_needed=False | last_rebalance=2026-05-21
2026-05-21 16:23:01,644 [INFO] phase6.runner: [CYCLE 547] 2026-05-21T16:23:01 | rebalance_needed=False | last_rebalance=2026-05-21
2026-05-21 16:28:01,644 [INFO] phase6.runner: [CYCLE 548] 2026-05-21T16:28:01 | rebalance_needed=False | last_rebalance=2026-05-21
2026-05-21 16:33:01,645 [INFO] phase6.runner: [CYCLE 549] 2026-05-21T16:33:01 | rebalance_needed=False | last_rebalance=2026-05-21
2026-05-21 16:38:01,645 [INFO] phase6.runner: [CYCLE 550] 2026-05-21T16:38:01 | rebalance_needed=False | last_rebalance=2026-05-21
2026-05-21 16:43:01,645 [INFO] phase6.runner: [CYCLE 551] 2026-05-21T16:43:01 | rebalance_needed=False | last_rebalance=2026-05-21
2026-05-21 16:48:01,646 [INFO] phase6.runner: [CYCLE 552] 2026-05-21T16:48:01 | rebalance_needed=False | last_rebalance=2026-05-21
2026-05-21 16:53:01,646 [INFO] phase6.runner: [CYCLE 553] 2026-05-21T16:53:01 | rebalance_needed=False | last_rebalance=2026-05-21
2026-05-21 16:58:01,647 [INFO] phase6.runner: [CYCLE 554] 2026-05-21T16:58:01 | rebalance_needed=False | last_rebalance=2026-05-21
2026-05-21 17:03:01,647 [INFO] phase6.runner: [CYCLE 555] 2026-05-21T17:03:01 | rebalance_needed=False | last_rebalance=2026-05-21
2026-05-21 17:08:01,647 [INFO] phase6.runner: [CYCLE 556] 2026-05-21T17:08:01 | rebalance_needed=False | last_rebalance=2026-05-21
2026-05-21 17:13:01,648 [INFO] phase6.runner: [CYCLE 557] 2026-05-21T17:13:01 | rebalance_needed=False | last_rebalance=2026-05-21
2026-05-21 17:18:01,648 [INFO] phase6.runner: [CYCLE 558] 2026-05-21T17:18:01 | rebalance_needed=False | last_rebalance=2026-05-21
2026-05-21 17:23:01,648 [INFO] phase6.runner: [CYCLE 559] 2026-05-21T17:23:01 | rebalance_needed=False | last_rebalance=2026-05-21
2026-05-21 17:28:01,649 [INFO] phase6.runner: [CYCLE 560] 2026-05-21T17:28:01 | rebalance_needed=False | last_rebalance=2026-05-21
2026-05-21 17:33:01,649 [INFO] phase6.runner: [CYCLE 561] 2026-05-21T17:33:01 | rebalance_needed=False | last_rebalance=2026-05-21
2026-05-21 17:38:01,650 [INFO] phase6.runner: [CYCLE 562] 2026-05-21T17:38:01 | rebalance_needed=False | last_rebalance=2026-05-21
2026-05-21 17:43:01,650 [INFO] phase6.runner: [CYCLE 563] 2026-05-21T17:43:01 | rebalance_needed=False | last_rebalance=2026-05-21
2026-05-21 17:48:01,650 [INFO] phase6.runner: [CYCLE 564] 2026-05-21T17:48:01 | rebalance_needed=False | last_rebalance=2026-05-21
2026-05-21 17:53:01,651 [INFO] phase6.runner: [CYCLE 565] 2026-05-21T17:53:01 | rebalance_needed=False | last_rebalance=2026-05-21
2026-05-21 17:58:01,651 [INFO] phase6.runner: [CYCLE 566] 2026-05-21T17:58:01 | rebalance_needed=False | last_rebalance=2026-05-21
2026-05-21 18:03:01,652 [INFO] phase6.runner: [CYCLE 567] 2026-05-21T18:03:01 | rebalance_needed=False | last_rebalance=2026-05-21
2026-05-21 18:08:01,652 [INFO] phase6.runner: [CYCLE 568] 2026-05-21T18:08:01 | rebalance_needed=False | last_rebalance=2026-05-21
2026-05-21 18:13:01,652 [INFO] phase6.runner: [CYCLE 569] 2026-05-21T18:13:01 | rebalance_needed=False | last_rebalance=2026-05-21
2026-05-21 18:18:01,653 [INFO] phase6.runner: [CYCLE 570] 2026-05-21T18:18:01 | rebalance_needed=False | last_rebalance=2026-05-21
2026-05-21 18:23:01,653 [INFO] phase6.runner: [CYCLE 571] 2026-05-21T18:23:01 | rebalance_needed=False | last_rebalance=2026-05-21
2026-05-21 18:28:01,653 [INFO] phase6.runner: [CYCLE 572] 2026-05-21T18:28:01 | rebalance_needed=False | last_rebalance=2026-05-21
2026-05-21 18:33:01,654 [INFO] phase6.runner: [CYCLE 573] 2026-05-21T18:33:01 | rebalance_needed=False | last_rebalance=2026-05-21
2026-05-21 18:38:01,654 [INFO] phase6.runner: [CYCLE 574] 2026-05-21T18:38:01 | rebalance_needed=False | last_rebalance=2026-05-21
2026-05-21 18:43:01,654 [INFO] phase6.runner: [CYCLE 575] 2026-05-21T18:43:01 | rebalance_needed=False | last_rebalance=2026-05-21
2026-05-21 18:48:01,655 [INFO] phase6.runner: [CYCLE 576] 2026-05-21T18:48:01 | rebalance_needed=False | last_rebalance=2026-05-21
2026-05-21 18:53:01,655 [INFO] phase6.runner: [CYCLE 577] 2026-05-21T18:53:01 | rebalance_needed=False | last_rebalance=2026-05-21
2026-05-21 18:58:01,656 [INFO] phase6.runner: [CYCLE 578] 2026-05-21T18:58:01 | rebalance_needed=False | last_rebalance=2026-05-21
2026-05-21 19:03:01,656 [INFO] phase6.runner: [CYCLE 579] 2026-05-21T19:03:01 | rebalance_needed=False | last_rebalance=2026-05-21
2026-05-21 19:08:01,656 [INFO] phase6.runner: [CYCLE 580] 2026-05-21T19:08:01 | rebalance_needed=False | last_rebalance=2026-05-21
2026-05-21 19:13:01,657 [INFO] phase6.runner: [CYCLE 581] 2026-05-21T19:13:01 | rebalance_needed=False | last_rebalance=2026-05-21
2026-05-21 19:18:01,657 [INFO] phase6.runner: [CYCLE 582] 2026-05-21T19:18:01 | rebalance_needed=False | last_rebalance=2026-05-21
2026-05-21 19:23:01,657 [INFO] phase6.runner: [CYCLE 583] 2026-05-21T19:23:01 | rebalance_needed=False | last_rebalance=2026-05-21
2026-05-21 19:28:01,658 [INFO] phase6.runner: [CYCLE 584] 2026-05-21T19:28:01 | rebalance_needed=False | last_rebalance=2026-05-21
2026-05-21 19:33:01,658 [INFO] phase6.runner: [CYCLE 585] 2026-05-21T19:33:01 | rebalance_needed=False | last_rebalance=2026-05-21
2026-05-21 19:38:01,658 [INFO] phase6.runner: [CYCLE 586] 2026-05-21T19:38:01 | rebalance_needed=False | last_rebalance=2026-05-21
2026-05-21 19:43:01,659 [INFO] phase6.runner: [CYCLE 587] 2026-05-21T19:43:01 | rebalance_needed=False | last_rebalance=2026-05-21
2026-05-21 19:48:01,659 [INFO] phase6.runner: [CYCLE 588] 2026-05-21T19:48:01 | rebalance_needed=False | last_rebalance=2026-05-21
2026-05-21 19:53:01,660 [INFO] phase6.runner: [CYCLE 589] 2026-05-21T19:53:01 | rebalance_needed=False | last_rebalance=2026-05-21
2026-05-21 19:58:01,660 [INFO] phase6.runner: [CYCLE 590] 2026-05-21T19:58:01 | rebalance_needed=False | last_rebalance=2026-05-21
2026-05-21 20:03:01,660 [INFO] phase6.runner: [CYCLE 591] 2026-05-21T20:03:01 | rebalance_needed=False | last_rebalance=2026-05-21
2026-05-21 20:08:01,661 [INFO] phase6.runner: [CYCLE 592] 2026-05-21T20:08:01 | rebalance_needed=False | last_rebalance=2026-05-21
2026-05-21 20:13:01,661 [INFO] phase6.runner: [CYCLE 593] 2026-05-21T20:13:01 | rebalance_needed=False | last_rebalance=2026-05-21
2026-05-21 20:18:01,661 [INFO] phase6.runner: [CYCLE 594] 2026-05-21T20:18:01 | rebalance_needed=False | last_rebalance=2026-05-21
2026-05-21 20:23:01,662 [INFO] phase6.runner: [CYCLE 595] 2026-05-21T20:23:01 | rebalance_needed=False | last_rebalance=2026-05-21
2026-05-21 20:28:01,662 [INFO] phase6.runner: [CYCLE 596] 2026-05-21T20:28:01 | rebalance_needed=False | last_rebalance=2026-05-21
2026-05-21 20:33:01,662 [INFO] phase6.runner: [CYCLE 597] 2026-05-21T20:33:01 | rebalance_needed=False | last_rebalance=2026-05-21
2026-05-21 20:38:01,663 [INFO] phase6.runner: [CYCLE 598] 2026-05-21T20:38:01 | rebalance_needed=False | last_rebalance=2026-05-21
2026-05-21 20:43:01,663 [INFO] phase6.runner: [CYCLE 599] 2026-05-21T20:43:01 | rebalance_needed=False | last_rebalance=2026-05-21
2026-05-21 20:48:01,663 [INFO] phase6.runner: [CYCLE 600] 2026-05-21T20:48:01 | rebalance_needed=False | last_rebalance=2026-05-21
2026-05-21 20:53:01,664 [INFO] phase6.runner: [CYCLE 601] 2026-05-21T20:53:01 | rebalance_needed=False | last_rebalance=2026-05-21
2026-05-21 20:58:01,664 [INFO] phase6.runner: [CYCLE 602] 2026-05-21T20:58:01 | rebalance_needed=False | last_rebalance=2026-05-21
2026-05-21 21:03:01,664 [INFO] phase6.runner: [CYCLE 603] 2026-05-21T21:03:01 | rebalance_needed=False | last_rebalance=2026-05-21
2026-05-21 21:08:01,665 [INFO] phase6.runner: [CYCLE 604] 2026-05-21T21:08:01 | rebalance_needed=False | last_rebalance=2026-05-21
2026-05-21 21:13:01,665 [INFO] phase6.runner: [CYCLE 605] 2026-05-21T21:13:01 | rebalance_needed=False | last_rebalance=2026-05-21
2026-05-21 21:18:01,665 [INFO] phase6.runner: [CYCLE 606] 2026-05-21T21:18:01 | rebalance_needed=False | last_rebalance=2026-05-21
2026-05-21 21:23:01,666 [INFO] phase6.runner: [CYCLE 607] 2026-05-21T21:23:01 | rebalance_needed=False | last_rebalance=2026-05-21
2026-05-21 21:28:01,666 [INFO] phase6.runner: [CYCLE 608] 2026-05-21T21:28:01 | rebalance_needed=False | last_rebalance=2026-05-21
2026-05-21 21:33:01,666 [INFO] phase6.runner: [CYCLE 609] 2026-05-21T21:33:01 | rebalance_needed=False | last_rebalance=2026-05-21
2026-05-21 21:38:01,667 [INFO] phase6.runner: [CYCLE 610] 2026-05-21T21:38:01 | rebalance_needed=False | last_rebalance=2026-05-21
2026-05-21 21:43:01,667 [INFO] phase6.runner: [CYCLE 611] 2026-05-21T21:43:01 | rebalance_needed=False | last_rebalance=2026-05-21
2026-05-21 21:48:01,668 [INFO] phase6.runner: [CYCLE 612] 2026-05-21T21:48:01 | rebalance_needed=False | last_rebalance=2026-05-21
2026-05-21 21:53:01,668 [INFO] phase6.runner: [CYCLE 613] 2026-05-21T21:53:01 | rebalance_needed=False | last_rebalance=2026-05-21
2026-05-21 21:58:01,668 [INFO] phase6.runner: [CYCLE 614] 2026-05-21T21:58:01 | rebalance_needed=False | last_rebalance=2026-05-21
2026-05-21 22:03:01,683 [INFO] phase6.runner: [CYCLE 615] 2026-05-21T22:03:01 | rebalance_needed=False | last_rebalance=2026-05-21
2026-05-21 22:08:01,683 [INFO] phase6.runner: [CYCLE 616] 2026-05-21T22:08:01 | rebalance_needed=False | last_rebalance=2026-05-21
2026-05-21 22:13:01,684 [INFO] phase6.runner: [CYCLE 617] 2026-05-21T22:13:01 | rebalance_needed=False | last_rebalance=2026-05-21
2026-05-21 22:18:01,684 [INFO] phase6.runner: [CYCLE 618] 2026-05-21T22:18:01 | rebalance_needed=False | last_rebalance=2026-05-21
2026-05-21 22:23:01,685 [INFO] phase6.runner: [CYCLE 619] 2026-05-21T22:23:01 | rebalance_needed=False | last_rebalance=2026-05-21
2026-05-21 22:28:01,685 [INFO] phase6.runner: [CYCLE 620] 2026-05-21T22:28:01 | rebalance_needed=False | last_rebalance=2026-05-21
2026-05-21 22:33:01,685 [INFO] phase6.runner: [CYCLE 621] 2026-05-21T22:33:01 | rebalance_needed=False | last_rebalance=2026-05-21
2026-05-21 22:38:01,686 [INFO] phase6.runner: [CYCLE 622] 2026-05-21T22:38:01 | rebalance_needed=False | last_rebalance=2026-05-21
2026-05-21 22:43:01,686 [INFO] phase6.runner: [CYCLE 623] 2026-05-21T22:43:01 | rebalance_needed=False | last_rebalance=2026-05-21
2026-05-21 22:48:01,686 [INFO] phase6.runner: [CYCLE 624] 2026-05-21T22:48:01 | rebalance_needed=False | last_rebalance=2026-05-21
2026-05-21 22:53:01,687 [INFO] phase6.runner: [CYCLE 625] 2026-05-21T22:53:01 | rebalance_needed=False | last_rebalance=2026-05-21
2026-05-21 22:58:01,687 [INFO] phase6.runner: [CYCLE 626] 2026-05-21T22:58:01 | rebalance_needed=False | last_rebalance=2026-05-21
2026-05-21 23:03:01,687 [INFO] phase6.runner: [CYCLE 627] 2026-05-21T23:03:01 | rebalance_needed=False | last_rebalance=2026-05-21
2026-05-21 23:08:01,688 [INFO] phase6.runner: [CYCLE 628] 2026-05-21T23:08:01 | rebalance_needed=False | last_rebalance=2026-05-21
2026-05-21 23:13:01,688 [INFO] phase6.runner: [CYCLE 629] 2026-05-21T23:13:01 | rebalance_needed=False | last_rebalance=2026-05-21
2026-05-21 23:18:01,689 [INFO] phase6.runner: [CYCLE 630] 2026-05-21T23:18:01 | rebalance_needed=False | last_rebalance=2026-05-21
2026-05-21 23:23:01,689 [INFO] phase6.runner: [CYCLE 631] 2026-05-21T23:23:01 | rebalance_needed=False | last_rebalance=2026-05-21
2026-05-21 23:28:01,689 [INFO] phase6.runner: [CYCLE 632] 2026-05-21T23:28:01 | rebalance_needed=False | last_rebalance=2026-05-21
2026-05-21 23:33:01,689 [INFO] phase6.runner: [CYCLE 633] 2026-05-21T23:33:01 | rebalance_needed=False | last_rebalance=2026-05-21
2026-05-21 23:38:01,690 [INFO] phase6.runner: [CYCLE 634] 2026-05-21T23:38:01 | rebalance_needed=False | last_rebalance=2026-05-21
2026-05-21 23:43:01,690 [INFO] phase6.runner: [CYCLE 635] 2026-05-21T23:43:01 | rebalance_needed=False | last_rebalance=2026-05-21
2026-05-21 23:48:01,691 [INFO] phase6.runner: [CYCLE 636] 2026-05-21T23:48:01 | rebalance_needed=False | last_rebalance=2026-05-21
2026-05-21 23:53:01,691 [INFO] phase6.runner: [CYCLE 637] 2026-05-21T23:53:01 | rebalance_needed=False | last_rebalance=2026-05-21
2026-05-21 23:58:01,691 [INFO] phase6.runner: [CYCLE 638] 2026-05-21T23:58:01 | rebalance_needed=False | last_rebalance=2026-05-21
2026-05-22 00:03:01,692 [INFO] phase6.runner: [CYCLE 639] 2026-05-22T00:03:01 | rebalance_needed=False | last_rebalance=2026-05-21
2026-05-22 00:08:01,692 [INFO] phase6.runner: [CYCLE 640] 2026-05-22T00:08:01 | rebalance_needed=False | last_rebalance=2026-05-21
2026-05-22 00:13:01,693 [INFO] phase6.runner: [CYCLE 641] 2026-05-22T00:13:01 | rebalance_needed=False | last_rebalance=2026-05-21
2026-05-22 00:18:01,693 [INFO] phase6.runner: [CYCLE 642] 2026-05-22T00:18:01 | rebalance_needed=False | last_rebalance=2026-05-21
2026-05-22 00:23:01,694 [INFO] phase6.runner: [CYCLE 643] 2026-05-22T00:23:01 | rebalance_needed=False | last_rebalance=2026-05-21
2026-05-22 00:28:01,694 [INFO] phase6.runner: [CYCLE 644] 2026-05-22T00:28:01 | rebalance_needed=False | last_rebalance=2026-05-21
2026-05-22 00:33:01,694 [INFO] phase6.runner: [CYCLE 645] 2026-05-22T00:33:01 | rebalance_needed=False | last_rebalance=2026-05-21
2026-05-22 00:38:01,695 [INFO] phase6.runner: [CYCLE 646] 2026-05-22T00:38:01 | rebalance_needed=False | last_rebalance=2026-05-21
2026-05-22 00:43:01,695 [INFO] phase6.runner: [CYCLE 647] 2026-05-22T00:43:01 | rebalance_needed=False | last_rebalance=2026-05-21
2026-05-22 00:48:01,695 [INFO] phase6.runner: [CYCLE 648] 2026-05-22T00:48:01 | rebalance_needed=False | last_rebalance=2026-05-21
2026-05-22 00:53:01,696 [INFO] phase6.runner: [CYCLE 649] 2026-05-22T00:53:01 | rebalance_needed=False | last_rebalance=2026-05-21
2026-05-22 00:58:01,696 [INFO] phase6.runner: [CYCLE 650] 2026-05-22T00:58:01 | rebalance_needed=False | last_rebalance=2026-05-21
2026-05-22 01:03:01,696 [INFO] phase6.runner: [CYCLE 651] 2026-05-22T01:03:01 | rebalance_needed=False | last_rebalance=2026-05-21
2026-05-22 01:08:01,697 [INFO] phase6.runner: [CYCLE 652] 2026-05-22T01:08:01 | rebalance_needed=False | last_rebalance=2026-05-21
2026-05-22 01:13:01,697 [INFO] phase6.runner: [CYCLE 653] 2026-05-22T01:13:01 | rebalance_needed=False | last_rebalance=2026-05-21
2026-05-22 01:18:01,698 [INFO] phase6.runner: [CYCLE 654] 2026-05-22T01:18:01 | rebalance_needed=False | last_rebalance=2026-05-21
2026-05-22 01:23:01,698 [INFO] phase6.runner: [CYCLE 655] 2026-05-22T01:23:01 | rebalance_needed=False | last_rebalance=2026-05-21
2026-05-22 01:28:01,698 [INFO] phase6.runner: [CYCLE 656] 2026-05-22T01:28:01 | rebalance_needed=False | last_rebalance=2026-05-21
2026-05-22 01:33:01,699 [INFO] phase6.runner: [CYCLE 657] 2026-05-22T01:33:01 | rebalance_needed=False | last_rebalance=2026-05-21
2026-05-22 01:38:01,699 [INFO] phase6.runner: [CYCLE 658] 2026-05-22T01:38:01 | rebalance_needed=False | last_rebalance=2026-05-21
2026-05-22 01:43:01,699 [INFO] phase6.runner: [CYCLE 659] 2026-05-22T01:43:01 | rebalance_needed=False | last_rebalance=2026-05-21
2026-05-22 01:48:01,700 [INFO] phase6.runner: [CYCLE 660] 2026-05-22T01:48:01 | rebalance_needed=False | last_rebalance=2026-05-21
2026-05-22 01:53:01,700 [INFO] phase6.runner: [CYCLE 661] 2026-05-22T01:53:01 | rebalance_needed=False | last_rebalance=2026-05-21
2026-05-22 01:58:01,700 [INFO] phase6.runner: [CYCLE 662] 2026-05-22T01:58:01 | rebalance_needed=False | last_rebalance=2026-05-21
2026-05-22 02:03:01,701 [INFO] phase6.runner: [CYCLE 663] 2026-05-22T02:03:01 | rebalance_needed=False | last_rebalance=2026-05-21
2026-05-22 02:08:01,701 [INFO] phase6.runner: [CYCLE 664] 2026-05-22T02:08:01 | rebalance_needed=False | last_rebalance=2026-05-21
2026-05-22 02:13:01,702 [INFO] phase6.runner: [CYCLE 665] 2026-05-22T02:13:01 | rebalance_needed=False | last_rebalance=2026-05-21
2026-05-22 02:18:01,702 [INFO] phase6.runner: [CYCLE 666] 2026-05-22T02:18:01 | rebalance_needed=False | last_rebalance=2026-05-21
2026-05-22 02:23:01,702 [INFO] phase6.runner: [CYCLE 667] 2026-05-22T02:23:01 | rebalance_needed=False | last_rebalance=2026-05-21
2026-05-22 02:28:01,703 [INFO] phase6.runner: [CYCLE 668] 2026-05-22T02:28:01 | rebalance_needed=False | last_rebalance=2026-05-21
2026-05-22 02:33:01,703 [INFO] phase6.runner: [CYCLE 669] 2026-05-22T02:33:01 | rebalance_needed=False | last_rebalance=2026-05-21
2026-05-22 02:38:01,703 [INFO] phase6.runner: [CYCLE 670] 2026-05-22T02:38:01 | rebalance_needed=False | last_rebalance=2026-05-21
2026-05-22 02:43:01,704 [INFO] phase6.runner: [CYCLE 671] 2026-05-22T02:43:01 | rebalance_needed=False | last_rebalance=2026-05-21
2026-05-22 02:48:01,704 [INFO] phase6.runner: [CYCLE 672] 2026-05-22T02:48:01 | rebalance_needed=False | last_rebalance=2026-05-21
2026-05-22 02:53:01,704 [INFO] phase6.runner: [CYCLE 673] 2026-05-22T02:53:01 | rebalance_needed=False | last_rebalance=2026-05-21
2026-05-22 02:58:01,705 [INFO] phase6.runner: [CYCLE 674] 2026-05-22T02:58:01 | rebalance_needed=False | last_rebalance=2026-05-21
2026-05-22 03:03:01,705 [INFO] phase6.runner: [CYCLE 675] 2026-05-22T03:03:01 | rebalance_needed=False | last_rebalance=2026-05-21
2026-05-22 03:08:01,705 [INFO] phase6.runner: [CYCLE 676] 2026-05-22T03:08:01 | rebalance_needed=False | last_rebalance=2026-05-21
2026-05-22 03:13:01,706 [INFO] phase6.runner: [CYCLE 677] 2026-05-22T03:13:01 | rebalance_needed=False | last_rebalance=2026-05-21
2026-05-22 03:18:01,706 [INFO] phase6.runner: [CYCLE 678] 2026-05-22T03:18:01 | rebalance_needed=False | last_rebalance=2026-05-21
2026-05-22 03:23:01,706 [INFO] phase6.runner: [CYCLE 679] 2026-05-22T03:23:01 | rebalance_needed=False | last_rebalance=2026-05-21
2026-05-22 03:28:01,707 [INFO] phase6.runner: [CYCLE 680] 2026-05-22T03:28:01 | rebalance_needed=False | last_rebalance=2026-05-21
2026-05-22 03:33:01,707 [INFO] phase6.runner: [CYCLE 681] 2026-05-22T03:33:01 | rebalance_needed=False | last_rebalance=2026-05-21
2026-05-22 03:38:01,707 [INFO] phase6.runner: [CYCLE 682] 2026-05-22T03:38:01 | rebalance_needed=False | last_rebalance=2026-05-21
2026-05-22 03:43:01,708 [INFO] phase6.runner: [CYCLE 683] 2026-05-22T03:43:01 | rebalance_needed=False | last_rebalance=2026-05-21
2026-05-22 03:48:01,708 [INFO] phase6.runner: [CYCLE 684] 2026-05-22T03:48:01 | rebalance_needed=False | last_rebalance=2026-05-21
2026-05-22 03:53:01,708 [INFO] phase6.runner: [CYCLE 685] 2026-05-22T03:53:01 | rebalance_needed=False | last_rebalance=2026-05-21
2026-05-22 03:58:01,709 [INFO] phase6.runner: [CYCLE 686] 2026-05-22T03:58:01 | rebalance_needed=False | last_rebalance=2026-05-21
2026-05-22 04:03:01,709 [INFO] phase6.runner: [CYCLE 687] 2026-05-22T04:03:01 | rebalance_needed=False | last_rebalance=2026-05-21
2026-05-22 04:08:01,709 [INFO] phase6.runner: [CYCLE 688] 2026-05-22T04:08:01 | rebalance_needed=False | last_rebalance=2026-05-21
2026-05-22 04:13:01,710 [INFO] phase6.runner: [CYCLE 689] 2026-05-22T04:13:01 | rebalance_needed=False | last_rebalance=2026-05-21
2026-05-22 04:18:01,710 [INFO] phase6.runner: [CYCLE 690] 2026-05-22T04:18:01 | rebalance_needed=False | last_rebalance=2026-05-21
2026-05-22 04:23:01,710 [INFO] phase6.runner: [CYCLE 691] 2026-05-22T04:23:01 | rebalance_needed=False | last_rebalance=2026-05-21
2026-05-22 04:28:01,711 [INFO] phase6.runner: [CYCLE 692] 2026-05-22T04:28:01 | rebalance_needed=False | last_rebalance=2026-05-21
2026-05-22 04:33:01,711 [INFO] phase6.runner: [CYCLE 693] 2026-05-22T04:33:01 | rebalance_needed=False | last_rebalance=2026-05-21
2026-05-22 04:38:01,712 [INFO] phase6.runner: [CYCLE 694] 2026-05-22T04:38:01 | rebalance_needed=False | last_rebalance=2026-05-21
2026-05-22 04:43:01,712 [INFO] phase6.runner: [CYCLE 695] 2026-05-22T04:43:01 | rebalance_needed=False | last_rebalance=2026-05-21
2026-05-22 04:48:01,713 [INFO] phase6.runner: [CYCLE 696] 2026-05-22T04:48:01 | rebalance_needed=False | last_rebalance=2026-05-21
2026-05-22 04:53:01,713 [INFO] phase6.runner: [CYCLE 697] 2026-05-22T04:53:01 | rebalance_needed=False | last_rebalance=2026-05-21
2026-05-22 04:58:01,713 [INFO] phase6.runner: [CYCLE 698] 2026-05-22T04:58:01 | rebalance_needed=False | last_rebalance=2026-05-21
2026-05-22 05:03:01,714 [INFO] phase6.runner: [CYCLE 699] 2026-05-22T05:03:01 | rebalance_needed=False | last_rebalance=2026-05-21
2026-05-22 05:08:01,714 [INFO] phase6.runner: [CYCLE 700] 2026-05-22T05:08:01 | rebalance_needed=False | last_rebalance=2026-05-21
2026-05-22 05:13:01,715 [INFO] phase6.runner: [CYCLE 701] 2026-05-22T05:13:01 | rebalance_needed=False | last_rebalance=2026-05-21
2026-05-22 05:18:01,715 [INFO] phase6.runner: [CYCLE 702] 2026-05-22T05:18:01 | rebalance_needed=False | last_rebalance=2026-05-21
2026-05-22 05:23:01,716 [INFO] phase6.runner: [CYCLE 703] 2026-05-22T05:23:01 | rebalance_needed=False | last_rebalance=2026-05-21
2026-05-22 05:28:01,716 [INFO] phase6.runner: [CYCLE 704] 2026-05-22T05:28:01 | rebalance_needed=False | last_rebalance=2026-05-21
2026-05-22 05:33:01,716 [INFO] phase6.runner: [CYCLE 705] 2026-05-22T05:33:01 | rebalance_needed=False | last_rebalance=2026-05-21
2026-05-22 05:38:01,717 [INFO] phase6.runner: [CYCLE 706] 2026-05-22T05:38:01 | rebalance_needed=False | last_rebalance=2026-05-21
2026-05-22 05:43:01,717 [INFO] phase6.runner: [CYCLE 707] 2026-05-22T05:43:01 | rebalance_needed=False | last_rebalance=2026-05-21
2026-05-22 05:48:01,717 [INFO] phase6.runner: [CYCLE 708] 2026-05-22T05:48:01 | rebalance_needed=False | last_rebalance=2026-05-21
2026-05-22 05:53:01,718 [INFO] phase6.runner: [CYCLE 709] 2026-05-22T05:53:01 | rebalance_needed=False | last_rebalance=2026-05-21
2026-05-22 05:58:01,718 [INFO] phase6.runner: [CYCLE 710] 2026-05-22T05:58:01 | rebalance_needed=False | last_rebalance=2026-05-21
2026-05-22 06:03:01,718 [INFO] phase6.runner: [CYCLE 711] 2026-05-22T06:03:01 | rebalance_needed=False | last_rebalance=2026-05-21
2026-05-22 06:08:01,719 [INFO] phase6.runner: [CYCLE 712] 2026-05-22T06:08:01 | rebalance_needed=False | last_rebalance=2026-05-21
2026-05-22 06:13:01,719 [INFO] phase6.runner: [CYCLE 713] 2026-05-22T06:13:01 | rebalance_needed=False | last_rebalance=2026-05-21
2026-05-22 06:18:01,719 [INFO] phase6.runner: [CYCLE 714] 2026-05-22T06:18:01 | rebalance_needed=False | last_rebalance=2026-05-21
2026-05-22 06:23:01,720 [INFO] phase6.runner: [CYCLE 715] 2026-05-22T06:23:01 | rebalance_needed=False | last_rebalance=2026-05-21
2026-05-22 06:28:01,721 [INFO] phase6.runner: [CYCLE 716] 2026-05-22T06:28:01 | rebalance_needed=False | last_rebalance=2026-05-21
2026-05-22 06:33:01,721 [INFO] phase6.runner: [CYCLE 717] 2026-05-22T06:33:01 | rebalance_needed=False | last_rebalance=2026-05-21
2026-05-22 06:38:01,721 [INFO] phase6.runner: [CYCLE 718] 2026-05-22T06:38:01 | rebalance_needed=False | last_rebalance=2026-05-21
2026-05-22 06:43:01,722 [INFO] phase6.runner: [CYCLE 719] 2026-05-22T06:43:01 | rebalance_needed=False | last_rebalance=2026-05-21
2026-05-22 06:48:01,722 [INFO] phase6.runner: [CYCLE 720] 2026-05-22T06:48:01 | rebalance_needed=False | last_rebalance=2026-05-21
2026-05-22 06:53:01,723 [INFO] phase6.runner: [CYCLE 721] 2026-05-22T06:53:01 | rebalance_needed=False | last_rebalance=2026-05-21
2026-05-22 06:58:01,723 [INFO] phase6.runner: [CYCLE 722] 2026-05-22T06:58:01 | rebalance_needed=False | last_rebalance=2026-05-21
2026-05-22 07:03:01,723 [INFO] phase6.runner: [CYCLE 723] 2026-05-22T07:03:01 | rebalance_needed=False | last_rebalance=2026-05-21
2026-05-22 07:08:01,724 [INFO] phase6.runner: [CYCLE 724] 2026-05-22T07:08:01 | rebalance_needed=False | last_rebalance=2026-05-21
2026-05-22 07:13:01,724 [INFO] phase6.runner: [CYCLE 725] 2026-05-22T07:13:01 | rebalance_needed=False | last_rebalance=2026-05-21
2026-05-22 07:18:01,724 [INFO] phase6.runner: [CYCLE 726] 2026-05-22T07:18:01 | rebalance_needed=False | last_rebalance=2026-05-21
2026-05-22 07:23:01,725 [INFO] phase6.runner: [CYCLE 727] 2026-05-22T07:23:01 | rebalance_needed=False | last_rebalance=2026-05-21
2026-05-22 07:28:01,725 [INFO] phase6.runner: [CYCLE 728] 2026-05-22T07:28:01 | rebalance_needed=False | last_rebalance=2026-05-21
2026-05-22 07:33:01,725 [INFO] phase6.runner: [CYCLE 729] 2026-05-22T07:33:01 | rebalance_needed=False | last_rebalance=2026-05-21
2026-05-22 07:38:01,726 [INFO] phase6.runner: [CYCLE 730] 2026-05-22T07:38:01 | rebalance_needed=False | last_rebalance=2026-05-21
2026-05-22 07:43:01,726 [INFO] phase6.runner: [CYCLE 731] 2026-05-22T07:43:01 | rebalance_needed=False | last_rebalance=2026-05-21
2026-05-22 07:48:01,726 [INFO] phase6.runner: [CYCLE 732] 2026-05-22T07:48:01 | rebalance_needed=False | last_rebalance=2026-05-21
2026-05-22 07:53:01,727 [INFO] phase6.runner: [CYCLE 733] 2026-05-22T07:53:01 | rebalance_needed=False | last_rebalance=2026-05-21
2026-05-22 07:58:01,727 [INFO] phase6.runner: [CYCLE 734] 2026-05-22T07:58:01 | rebalance_needed=False | last_rebalance=2026-05-21
2026-05-22 08:03:01,727 [INFO] phase6.runner: [CYCLE 735] 2026-05-22T08:03:01 | rebalance_needed=False | last_rebalance=2026-05-21
2026-05-22 08:08:01,728 [INFO] phase6.runner: [CYCLE 736] 2026-05-22T08:08:01 | rebalance_needed=False | last_rebalance=2026-05-21
2026-05-22 08:13:01,728 [INFO] phase6.runner: [CYCLE 737] 2026-05-22T08:13:01 | rebalance_needed=False | last_rebalance=2026-05-21
2026-05-22 08:18:01,728 [INFO] phase6.runner: [CYCLE 738] 2026-05-22T08:18:01 | rebalance_needed=False | last_rebalance=2026-05-21
2026-05-22 08:23:01,729 [INFO] phase6.runner: [CYCLE 739] 2026-05-22T08:23:01 | rebalance_needed=False | last_rebalance=2026-05-21
2026-05-22 08:28:01,729 [INFO] phase6.runner: [CYCLE 740] 2026-05-22T08:28:01 | rebalance_needed=False | last_rebalance=2026-05-21
2026-05-22 08:33:01,730 [INFO] phase6.runner: [CYCLE 741] 2026-05-22T08:33:01 | rebalance_needed=False | last_rebalance=2026-05-21
2026-05-22 08:38:01,730 [INFO] phase6.runner: [CYCLE 742] 2026-05-22T08:38:01 | rebalance_needed=False | last_rebalance=2026-05-21
2026-05-22 08:43:01,730 [INFO] phase6.runner: [CYCLE 743] 2026-05-22T08:43:01 | rebalance_needed=False | last_rebalance=2026-05-21
2026-05-22 08:48:01,731 [INFO] phase6.runner: [CYCLE 744] 2026-05-22T08:48:01 | rebalance_needed=False | last_rebalance=2026-05-21
2026-05-22 08:53:01,731 [INFO] phase6.runner: [CYCLE 745] 2026-05-22T08:53:01 | rebalance_needed=False | last_rebalance=2026-05-21
2026-05-22 08:58:01,731 [INFO] phase6.runner: [CYCLE 746] 2026-05-22T08:58:01 | rebalance_needed=False | last_rebalance=2026-05-21
2026-05-22 09:03:01,732 [INFO] phase6.runner: [CYCLE 747] 2026-05-22T09:03:01 | rebalance_needed=True | last_rebalance=2026-05-21
2026-05-22 09:03:01,732 [INFO] phase6.runner: === Daily Rebalance ===
2026-05-22 09:03:02,204 [INFO] phase6.runner: Daily Rebalance: cash=$76.77 | target_weights={'BTC-USD': 0.2, 'ETH-USD': 0.2, 'SOL-USD': 0.2, 'XRP-USD': 0.2, 'DOGE-USD': 0.2}
2026-05-22 09:03:02,210 [INFO] phase6.runner: Daily rebalance completed. Executed=0, Skipped=0
2026-05-22 09:03:02,869 [INFO] phase6.runner: Telegram digest sent successfully
2026-05-22 09:08:02,891 [INFO] phase6.runner: [CYCLE 748] 2026-05-22T09:08:02 | rebalance_needed=False | last_rebalance=2026-05-22
2026-05-22 09:13:02,892 [INFO] phase6.runner: [CYCLE 749] 2026-05-22T09:13:02 | rebalance_needed=False | last_rebalance=2026-05-22
2026-05-22 09:18:02,892 [INFO] phase6.runner: [CYCLE 750] 2026-05-22T09:18:02 | rebalance_needed=False | last_rebalance=2026-05-22
2026-05-22 09:23:02,892 [INFO] phase6.runner: [CYCLE 751] 2026-05-22T09:23:02 | rebalance_needed=False | last_rebalance=2026-05-22
2026-05-22 09:28:02,893 [INFO] phase6.runner: [CYCLE 752] 2026-05-22T09:28:02 | rebalance_needed=False | last_rebalance=2026-05-22
2026-05-22 09:33:02,893 [INFO] phase6.runner: [CYCLE 753] 2026-05-22T09:33:02 | rebalance_needed=False | last_rebalance=2026-05-22
2026-05-22 09:38:02,893 [INFO] phase6.runner: [CYCLE 754] 2026-05-22T09:38:02 | rebalance_needed=False | last_rebalance=2026-05-22
2026-05-22 09:43:02,894 [INFO] phase6.runner: [CYCLE 755] 2026-05-22T09:43:02 | rebalance_needed=False | last_rebalance=2026-05-22
2026-05-22 09:48:02,894 [INFO] phase6.runner: [CYCLE 756] 2026-05-22T09:48:02 | rebalance_needed=False | last_rebalance=2026-05-22
2026-05-22 09:53:02,895 [INFO] phase6.runner: [CYCLE 757] 2026-05-22T09:53:02 | rebalance_needed=False | last_rebalance=2026-05-22
2026-05-22 09:58:02,895 [INFO] phase6.runner: [CYCLE 758] 2026-05-22T09:58:02 | rebalance_needed=False | last_rebalance=2026-05-22
2026-05-22 10:03:02,895 [INFO] phase6.runner: [CYCLE 759] 2026-05-22T10:03:02 | rebalance_needed=False | last_rebalance=2026-05-22
2026-05-22 10:08:02,896 [INFO] phase6.runner: [CYCLE 760] 2026-05-22T10:08:02 | rebalance_needed=False | last_rebalance=2026-05-22
2026-05-22 10:13:02,896 [INFO] phase6.runner: [CYCLE 761] 2026-05-22T10:13:02 | rebalance_needed=False | last_rebalance=2026-05-22
2026-05-22 10:18:02,896 [INFO] phase6.runner: [CYCLE 762] 2026-05-22T10:18:02 | rebalance_needed=False | last_rebalance=2026-05-22
2026-05-22 10:23:02,897 [INFO] phase6.runner: [CYCLE 763] 2026-05-22T10:23:02 | rebalance_needed=False | last_rebalance=2026-05-22
2026-05-22 10:28:02,897 [INFO] phase6.runner: [CYCLE 764] 2026-05-22T10:28:02 | rebalance_needed=False | last_rebalance=2026-05-22
2026-05-22 10:33:02,897 [INFO] phase6.runner: [CYCLE 765] 2026-05-22T10:33:02 | rebalance_needed=False | last_rebalance=2026-05-22
2026-05-22 10:38:02,898 [INFO] phase6.runner: [CYCLE 766] 2026-05-22T10:38:02 | rebalance_needed=False | last_rebalance=2026-05-22
2026-05-22 10:43:02,898 [INFO] phase6.runner: [CYCLE 767] 2026-05-22T10:43:02 | rebalance_needed=False | last_rebalance=2026-05-22
2026-05-22 10:48:02,899 [INFO] phase6.runner: [CYCLE 768] 2026-05-22T10:48:02 | rebalance_needed=False | last_rebalance=2026-05-22
2026-05-22 10:53:02,920 [INFO] phase6.runner: [CYCLE 769] 2026-05-22T10:53:02 | rebalance_needed=False | last_rebalance=2026-05-22
2026-05-22 10:58:02,921 [INFO] phase6.runner: [CYCLE 770] 2026-05-22T10:58:02 | rebalance_needed=False | last_rebalance=2026-05-22
2026-05-22 11:03:02,921 [INFO] phase6.runner: [CYCLE 771] 2026-05-22T11:03:02 | rebalance_needed=False | last_rebalance=2026-05-22
2026-05-22 11:08:02,921 [INFO] phase6.runner: [CYCLE 772] 2026-05-22T11:08:02 | rebalance_needed=False | last_rebalance=2026-05-22
2026-05-22 11:13:02,922 [INFO] phase6.runner: [CYCLE 773] 2026-05-22T11:13:02 | rebalance_needed=False | last_rebalance=2026-05-22
2026-05-22 11:18:02,922 [INFO] phase6.runner: [CYCLE 774] 2026-05-22T11:18:02 | rebalance_needed=False | last_rebalance=2026-05-22
2026-05-22 11:23:02,923 [INFO] phase6.runner: [CYCLE 775] 2026-05-22T11:23:02 | rebalance_needed=False | last_rebalance=2026-05-22
2026-05-22 11:28:02,923 [INFO] phase6.runner: [CYCLE 776] 2026-05-22T11:28:02 | rebalance_needed=False | last_rebalance=2026-05-22
2026-05-22 11:33:02,923 [INFO] phase6.runner: [CYCLE 777] 2026-05-22T11:33:02 | rebalance_needed=False | last_rebalance=2026-05-22
<frozen runpy>:128: RuntimeWarning: 'phase6.core.phase6_runner' found in sys.modules after import of package 'phase6.core', but prior to execution of 'phase6.core.phase6_runner'; this may result in unpredictable behaviour
2026-05-22 11:37:06,862 [INFO] coinbase_wrapper_FIXED: ✅ CoinbaseWrapper initialized (LIVE)
2026-05-22 11:37:06,862 [INFO] coinbase_wrapper_FIXED:    API Key: organizations/281f24b2-9337-46cf-a107-29d6786cca02...
2026-05-22 11:37:06,862 [INFO] coinbase_wrapper_FIXED:    Private Key loaded: 227 chars
2026-05-22 11:37:06,863 [INFO] phase6.core.exchange_client: ✅ Live Coinbase client initialized (real trading enabled)
2026-05-22 11:37:06,863 [INFO] phase6.runner: OrderExecutor initialized | mode=live | max_retries=3 | base_delay=1.0s
2026-05-22 11:37:06,865 [INFO] phase6.runner: State loaded: last_rebalance_date=2026-05-22
2026-05-22 11:37:06,865 [INFO] phase6.runner: Phase6Runner initialized | mode=live | shadow=False | rebalance_time=09:00
2026-05-22 11:37:06,865 [INFO] phase6.runner: Phase 6 runner starting...
2026-05-22 11:37:06,865 [INFO] phase6.runner: === Fresh Start Deployment ===
2026-05-22 11:37:07,179 [WARNING] phase6.runner: Insufficient cash for Fresh Start: $76.77
2026-05-22 11:37:07,180 [INFO] phase6.runner: [CYCLE 1] 2026-05-22T11:37:07 | rebalance_needed=False | last_rebalance=2026-05-22
2026-05-22 11:42:07,180 [INFO] phase6.runner: [CYCLE 2] 2026-05-22T11:42:07 | rebalance_needed=False | last_rebalance=2026-05-22
2026-05-22 11:47:07,181 [INFO] phase6.runner: [CYCLE 3] 2026-05-22T11:47:07 | rebalance_needed=False | last_rebalance=2026-05-22
2026-05-22 11:52:07,181 [INFO] phase6.runner: [CYCLE 4] 2026-05-22T11:52:07 | rebalance_needed=False | last_rebalance=2026-05-22
2026-05-22 11:57:07,181 [INFO] phase6.runner: [CYCLE 5] 2026-05-22T11:57:07 | rebalance_needed=False | last_rebalance=2026-05-22
2026-05-22 12:02:07,182 [INFO] phase6.runner: [CYCLE 6] 2026-05-22T12:02:07 | rebalance_needed=False | last_rebalance=2026-05-22
2026-05-22 12:07:07,182 [INFO] phase6.runner: [CYCLE 7] 2026-05-22T12:07:07 | rebalance_needed=False | last_rebalance=2026-05-22
2026-05-22 12:12:07,182 [INFO] phase6.runner: [CYCLE 8] 2026-05-22T12:12:07 | rebalance_needed=False | last_rebalance=2026-05-22
2026-05-22 12:17:07,183 [INFO] phase6.runner: [CYCLE 9] 2026-05-22T12:17:07 | rebalance_needed=False | last_rebalance=2026-05-22
2026-05-22 12:22:07,183 [INFO] phase6.runner: [CYCLE 10] 2026-05-22T12:22:07 | rebalance_needed=False | last_rebalance=2026-05-22
2026-05-22 12:27:07,183 [INFO] phase6.runner: [CYCLE 11] 2026-05-22T12:27:07 | rebalance_needed=False | last_rebalance=2026-05-22
2026-05-22 12:32:07,184 [INFO] phase6.runner: [CYCLE 12] 2026-05-22T12:32:07 | rebalance_needed=False | last_rebalance=2026-05-22
2026-05-22 12:37:07,184 [INFO] phase6.runner: [CYCLE 13] 2026-05-22T12:37:07 | rebalance_needed=False | last_rebalance=2026-05-22
2026-05-22 12:42:07,184 [INFO] phase6.runner: [CYCLE 14] 2026-05-22T12:42:07 | rebalance_needed=False | last_rebalance=2026-05-22
2026-05-22 12:47:07,185 [INFO] phase6.runner: [CYCLE 15] 2026-05-22T12:47:07 | rebalance_needed=False | last_rebalance=2026-05-22
2026-05-22 12:52:07,185 [INFO] phase6.runner: [CYCLE 16] 2026-05-22T12:52:07 | rebalance_needed=False | last_rebalance=2026-05-22
2026-05-22 12:57:07,185 [INFO] phase6.runner: [CYCLE 17] 2026-05-22T12:57:07 | rebalance_needed=False | last_rebalance=2026-05-22
2026-05-22 13:02:07,186 [INFO] phase6.runner: [CYCLE 18] 2026-05-22T13:02:07 | rebalance_needed=False | last_rebalance=2026-05-22
2026-05-22 13:07:07,186 [INFO] phase6.runner: [CYCLE 19] 2026-05-22T13:07:07 | rebalance_needed=False | last_rebalance=2026-05-22
2026-05-22 13:12:07,186 [INFO] phase6.runner: [CYCLE 20] 2026-05-22T13:12:07 | rebalance_needed=False | last_rebalance=2026-05-22
2026-05-22 13:17:07,187 [INFO] phase6.runner: [CYCLE 21] 2026-05-22T13:17:07 | rebalance_needed=False | last_rebalance=2026-05-22
2026-05-22 13:22:07,187 [INFO] phase6.runner: [CYCLE 22] 2026-05-22T13:22:07 | rebalance_needed=False | last_rebalance=2026-05-22
2026-05-22 13:27:07,188 [INFO] phase6.runner: [CYCLE 23] 2026-05-22T13:27:07 | rebalance_needed=False | last_rebalance=2026-05-22
2026-05-22 13:32:07,188 [INFO] phase6.runner: [CYCLE 24] 2026-05-22T13:32:07 | rebalance_needed=False | last_rebalance=2026-05-22
2026-05-22 13:37:07,188 [INFO] phase6.runner: [CYCLE 25] 2026-05-22T13:37:07 | rebalance_needed=False | last_rebalance=2026-05-22
2026-05-22 13:42:07,188 [INFO] phase6.runner: [CYCLE 26] 2026-05-22T13:42:07 | rebalance_needed=False | last_rebalance=2026-05-22
2026-05-22 13:47:07,189 [INFO] phase6.runner: [CYCLE 27] 2026-05-22T13:47:07 | rebalance_needed=False | last_rebalance=2026-05-22
2026-05-22 13:52:07,189 [INFO] phase6.runner: [CYCLE 28] 2026-05-22T13:52:07 | rebalance_needed=False | last_rebalance=2026-05-22
2026-05-22 13:57:07,189 [INFO] phase6.runner: [CYCLE 29] 2026-05-22T13:57:07 | rebalance_needed=False | last_rebalance=2026-05-22
2026-05-22 14:02:07,190 [INFO] phase6.runner: [CYCLE 30] 2026-05-22T14:02:07 | rebalance_needed=False | last_rebalance=2026-05-22
2026-05-22 14:07:07,190 [INFO] phase6.runner: [CYCLE 31] 2026-05-22T14:07:07 | rebalance_needed=False | last_rebalance=2026-05-22
2026-05-22 14:12:07,190 [INFO] phase6.runner: [CYCLE 32] 2026-05-22T14:12:07 | rebalance_needed=False | last_rebalance=2026-05-22
2026-05-22 14:17:07,191 [INFO] phase6.runner: [CYCLE 33] 2026-05-22T14:17:07 | rebalance_needed=False | last_rebalance=2026-05-22
2026-05-22 14:22:07,191 [INFO] phase6.runner: [CYCLE 34] 2026-05-22T14:22:07 | rebalance_needed=False | last_rebalance=2026-05-22
2026-05-22 14:27:07,191 [INFO] phase6.runner: [CYCLE 35] 2026-05-22T14:27:07 | rebalance_needed=False | last_rebalance=2026-05-22
2026-05-22 14:32:07,192 [INFO] phase6.runner: [CYCLE 36] 2026-05-22T14:32:07 | rebalance_needed=False | last_rebalance=2026-05-22
2026-05-22 14:37:07,192 [INFO] phase6.runner: [CYCLE 37] 2026-05-22T14:37:07 | rebalance_needed=False | last_rebalance=2026-05-22
2026-05-22 14:42:07,192 [INFO] phase6.runner: [CYCLE 38] 2026-05-22T14:42:07 | rebalance_needed=False | last_rebalance=2026-05-22
2026-05-22 14:47:07,193 [INFO] phase6.runner: [CYCLE 39] 2026-05-22T14:47:07 | rebalance_needed=False | last_rebalance=2026-05-22
2026-05-22 14:52:07,193 [INFO] phase6.runner: [CYCLE 40] 2026-05-22T14:52:07 | rebalance_needed=False | last_rebalance=2026-05-22
2026-05-22 14:57:07,193 [INFO] phase6.runner: [CYCLE 41] 2026-05-22T14:57:07 | rebalance_needed=False | last_rebalance=2026-05-22
2026-05-22 15:02:07,194 [INFO] phase6.runner: [CYCLE 42] 2026-05-22T15:02:07 | rebalance_needed=False | last_rebalance=2026-05-22
2026-05-22 15:07:07,194 [INFO] phase6.runner: [CYCLE 43] 2026-05-22T15:07:07 | rebalance_needed=False | last_rebalance=2026-05-22
2026-05-22 15:12:07,195 [INFO] phase6.runner: [CYCLE 44] 2026-05-22T15:12:07 | rebalance_needed=False | last_rebalance=2026-05-22
2026-05-22 15:17:07,195 [INFO] phase6.runner: [CYCLE 45] 2026-05-22T15:17:07 | rebalance_needed=False | last_rebalance=2026-05-22
2026-05-22 15:22:07,195 [INFO] phase6.runner: [CYCLE 46] 2026-05-22T15:22:07 | rebalance_needed=False | last_rebalance=2026-05-22
2026-05-22 15:27:07,196 [INFO] phase6.runner: [CYCLE 47] 2026-05-22T15:27:07 | rebalance_needed=False | last_rebalance=2026-05-22
2026-05-22 15:32:07,196 [INFO] phase6.runner: [CYCLE 48] 2026-05-22T15:32:07 | rebalance_needed=False | last_rebalance=2026-05-22
2026-05-22 15:37:07,196 [INFO] phase6.runner: [CYCLE 49] 2026-05-22T15:37:07 | rebalance_needed=False | last_rebalance=2026-05-22
2026-05-22 15:42:07,197 [INFO] phase6.runner: [CYCLE 50] 2026-05-22T15:42:07 | rebalance_needed=False | last_rebalance=2026-05-22
2026-05-22 15:47:07,197 [INFO] phase6.runner: [CYCLE 51] 2026-05-22T15:47:07 | rebalance_needed=False | last_rebalance=2026-05-22
2026-05-22 15:52:07,197 [INFO] phase6.runner: [CYCLE 52] 2026-05-22T15:52:07 | rebalance_needed=False | last_rebalance=2026-05-22
2026-05-22 15:57:07,198 [INFO] phase6.runner: [CYCLE 53] 2026-05-22T15:57:07 | rebalance_needed=False | last_rebalance=2026-05-22
2026-05-22 16:02:07,198 [INFO] phase6.runner: [CYCLE 54] 2026-05-22T16:02:07 | rebalance_needed=False | last_rebalance=2026-05-22
2026-05-22 16:07:07,198 [INFO] phase6.runner: [CYCLE 55] 2026-05-22T16:07:07 | rebalance_needed=False | last_rebalance=2026-05-22
2026-05-22 16:12:07,199 [INFO] phase6.runner: [CYCLE 56] 2026-05-22T16:12:07 | rebalance_needed=False | last_rebalance=2026-05-22
2026-05-22 16:17:07,199 [INFO] phase6.runner: [CYCLE 57] 2026-05-22T16:17:07 | rebalance_needed=False | last_rebalance=2026-05-22
2026-05-22 16:22:07,199 [INFO] phase6.runner: [CYCLE 58] 2026-05-22T16:22:07 | rebalance_needed=False | last_rebalance=2026-05-22
2026-05-22 16:27:07,200 [INFO] phase6.runner: [CYCLE 59] 2026-05-22T16:27:07 | rebalance_needed=False | last_rebalance=2026-05-22
2026-05-22 16:32:07,200 [INFO] phase6.runner: [CYCLE 60] 2026-05-22T16:32:07 | rebalance_needed=False | last_rebalance=2026-05-22
2026-05-22 16:37:07,200 [INFO] phase6.runner: [CYCLE 61] 2026-05-22T16:37:07 | rebalance_needed=False | last_rebalance=2026-05-22
2026-05-22 16:42:07,201 [INFO] phase6.runner: [CYCLE 62] 2026-05-22T16:42:07 | rebalance_needed=False | last_rebalance=2026-05-22
2026-05-22 16:47:07,201 [INFO] phase6.runner: [CYCLE 63] 2026-05-22T16:47:07 | rebalance_needed=False | last_rebalance=2026-05-22
2026-05-22 16:52:07,201 [INFO] phase6.runner: [CYCLE 64] 2026-05-22T16:52:07 | rebalance_needed=False | last_rebalance=2026-05-22
2026-05-22 16:57:07,202 [INFO] phase6.runner: [CYCLE 65] 2026-05-22T16:57:07 | rebalance_needed=False | last_rebalance=2026-05-22
2026-05-22 17:02:07,202 [INFO] phase6.runner: [CYCLE 66] 2026-05-22T17:02:07 | rebalance_needed=False | last_rebalance=2026-05-22
2026-05-22 17:07:07,202 [INFO] phase6.runner: [CYCLE 67] 2026-05-22T17:07:07 | rebalance_needed=False | last_rebalance=2026-05-22
2026-05-22 17:12:07,203 [INFO] phase6.runner: [CYCLE 68] 2026-05-22T17:12:07 | rebalance_needed=False | last_rebalance=2026-05-22
2026-05-22 17:17:07,203 [INFO] phase6.runner: [CYCLE 69] 2026-05-22T17:17:07 | rebalance_needed=False | last_rebalance=2026-05-22
2026-05-22 17:22:07,203 [INFO] phase6.runner: [CYCLE 70] 2026-05-22T17:22:07 | rebalance_needed=False | last_rebalance=2026-05-22
2026-05-22 17:27:07,204 [INFO] phase6.runner: [CYCLE 71] 2026-05-22T17:27:07 | rebalance_needed=False | last_rebalance=2026-05-22
2026-05-22 17:32:07,204 [INFO] phase6.runner: [CYCLE 72] 2026-05-22T17:32:07 | rebalance_needed=False | last_rebalance=2026-05-22
2026-05-22 17:37:07,204 [INFO] phase6.runner: [CYCLE 73] 2026-05-22T17:37:07 | rebalance_needed=False | last_rebalance=2026-05-22
2026-05-22 17:42:07,205 [INFO] phase6.runner: [CYCLE 74] 2026-05-22T17:42:07 | rebalance_needed=False | last_rebalance=2026-05-22
2026-05-22 17:47:07,205 [INFO] phase6.runner: [CYCLE 75] 2026-05-22T17:47:07 | rebalance_needed=False | last_rebalance=2026-05-22
2026-05-22 17:52:07,205 [INFO] phase6.runner: [CYCLE 76] 2026-05-22T17:52:07 | rebalance_needed=False | last_rebalance=2026-05-22
2026-05-22 17:57:07,206 [INFO] phase6.runner: [CYCLE 77] 2026-05-22T17:57:07 | rebalance_needed=False | last_rebalance=2026-05-22
2026-05-22 18:02:07,206 [INFO] phase6.runner: [CYCLE 78] 2026-05-22T18:02:07 | rebalance_needed=False | last_rebalance=2026-05-22
2026-05-22 18:07:07,206 [INFO] phase6.runner: [CYCLE 79] 2026-05-22T18:07:07 | rebalance_needed=False | last_rebalance=2026-05-22
2026-05-22 18:12:07,207 [INFO] phase6.runner: [CYCLE 80] 2026-05-22T18:12:07 | rebalance_needed=False | last_rebalance=2026-05-22
2026-05-22 18:17:07,207 [INFO] phase6.runner: [CYCLE 81] 2026-05-22T18:17:07 | rebalance_needed=False | last_rebalance=2026-05-22
2026-05-22 18:22:07,208 [INFO] phase6.runner: [CYCLE 82] 2026-05-22T18:22:07 | rebalance_needed=False | last_rebalance=2026-05-22
2026-05-22 18:27:07,208 [INFO] phase6.runner: [CYCLE 83] 2026-05-22T18:27:07 | rebalance_needed=False | last_rebalance=2026-05-22
2026-05-22 18:32:07,208 [INFO] phase6.runner: [CYCLE 84] 2026-05-22T18:32:07 | rebalance_needed=False | last_rebalance=2026-05-22
2026-05-22 18:37:07,208 [INFO] phase6.runner: [CYCLE 85] 2026-05-22T18:37:07 | rebalance_needed=False | last_rebalance=2026-05-22
2026-05-22 18:42:07,209 [INFO] phase6.runner: [CYCLE 86] 2026-05-22T18:42:07 | rebalance_needed=False | last_rebalance=2026-05-22
2026-05-22 18:47:07,209 [INFO] phase6.runner: [CYCLE 87] 2026-05-22T18:47:07 | rebalance_needed=False | last_rebalance=2026-05-22
2026-05-22 18:52:07,210 [INFO] phase6.runner: [CYCLE 88] 2026-05-22T18:52:07 | rebalance_needed=False | last_rebalance=2026-05-22
2026-05-22 18:57:07,210 [INFO] phase6.runner: [CYCLE 89] 2026-05-22T18:57:07 | rebalance_needed=False | last_rebalance=2026-05-22
2026-05-22 19:02:07,210 [INFO] phase6.runner: [CYCLE 90] 2026-05-22T19:02:07 | rebalance_needed=False | last_rebalance=2026-05-22
2026-05-22 19:07:07,211 [INFO] phase6.runner: [CYCLE 91] 2026-05-22T19:07:07 | rebalance_needed=False | last_rebalance=2026-05-22
2026-05-22 19:12:07,211 [INFO] phase6.runner: [CYCLE 92] 2026-05-22T19:12:07 | rebalance_needed=False | last_rebalance=2026-05-22
2026-05-22 19:17:07,211 [INFO] phase6.runner: [CYCLE 93] 2026-05-22T19:17:07 | rebalance_needed=False | last_rebalance=2026-05-22
2026-05-22 19:22:07,212 [INFO] phase6.runner: [CYCLE 94] 2026-05-22T19:22:07 | rebalance_needed=False | last_rebalance=2026-05-22
2026-05-22 19:27:07,212 [INFO] phase6.runner: [CYCLE 95] 2026-05-22T19:27:07 | rebalance_needed=False | last_rebalance=2026-05-22
2026-05-22 19:32:07,212 [INFO] phase6.runner: [CYCLE 96] 2026-05-22T19:32:07 | rebalance_needed=False | last_rebalance=2026-05-22
2026-05-22 19:37:07,213 [INFO] phase6.runner: [CYCLE 97] 2026-05-22T19:37:07 | rebalance_needed=False | last_rebalance=2026-05-22
2026-05-22 19:42:07,213 [INFO] phase6.runner: [CYCLE 98] 2026-05-22T19:42:07 | rebalance_needed=False | last_rebalance=2026-05-22
2026-05-22 19:47:07,213 [INFO] phase6.runner: [CYCLE 99] 2026-05-22T19:47:07 | rebalance_needed=False | last_rebalance=2026-05-22
2026-05-22 19:52:07,214 [INFO] phase6.runner: [CYCLE 100] 2026-05-22T19:52:07 | rebalance_needed=False | last_rebalance=2026-05-22
2026-05-22 19:57:07,214 [INFO] phase6.runner: [CYCLE 101] 2026-05-22T19:57:07 | rebalance_needed=False | last_rebalance=2026-05-22
2026-05-22 20:02:07,214 [INFO] phase6.runner: [CYCLE 102] 2026-05-22T20:02:07 | rebalance_needed=False | last_rebalance=2026-05-22
2026-05-22 20:07:07,215 [INFO] phase6.runner: [CYCLE 103] 2026-05-22T20:07:07 | rebalance_needed=False | last_rebalance=2026-05-22
2026-05-22 20:12:07,215 [INFO] phase6.runner: [CYCLE 104] 2026-05-22T20:12:07 | rebalance_needed=False | last_rebalance=2026-05-22
2026-05-22 20:17:07,215 [INFO] phase6.runner: [CYCLE 105] 2026-05-22T20:17:07 | rebalance_needed=False | last_rebalance=2026-05-22
2026-05-22 20:22:07,216 [INFO] phase6.runner: [CYCLE 106] 2026-05-22T20:22:07 | rebalance_needed=False | last_rebalance=2026-05-22
2026-05-22 20:27:07,216 [INFO] phase6.runner: [CYCLE 107] 2026-05-22T20:27:07 | rebalance_needed=False | last_rebalance=2026-05-22
2026-05-22 20:32:07,216 [INFO] phase6.runner: [CYCLE 108] 2026-05-22T20:32:07 | rebalance_needed=False | last_rebalance=2026-05-22
2026-05-22 20:37:07,217 [INFO] phase6.runner: [CYCLE 109] 2026-05-22T20:37:07 | rebalance_needed=False | last_rebalance=2026-05-22
2026-05-22 20:42:07,217 [INFO] phase6.runner: [CYCLE 110] 2026-05-22T20:42:07 | rebalance_needed=False | last_rebalance=2026-05-22
2026-05-22 20:47:07,217 [INFO] phase6.runner: [CYCLE 111] 2026-05-22T20:47:07 | rebalance_needed=False | last_rebalance=2026-05-22
2026-05-22 20:52:07,218 [INFO] phase6.runner: [CYCLE 112] 2026-05-22T20:52:07 | rebalance_needed=False | last_rebalance=2026-05-22
2026-05-22 20:57:07,218 [INFO] phase6.runner: [CYCLE 113] 2026-05-22T20:57:07 | rebalance_needed=False | last_rebalance=2026-05-22
2026-05-22 21:02:07,218 [INFO] phase6.runner: [CYCLE 114] 2026-05-22T21:02:07 | rebalance_needed=False | last_rebalance=2026-05-22
2026-05-22 21:07:07,219 [INFO] phase6.runner: [CYCLE 115] 2026-05-22T21:07:07 | rebalance_needed=False | last_rebalance=2026-05-22
2026-05-22 21:12:07,219 [INFO] phase6.runner: [CYCLE 116] 2026-05-22T21:12:07 | rebalance_needed=False | last_rebalance=2026-05-22
2026-05-22 21:17:07,219 [INFO] phase6.runner: [CYCLE 117] 2026-05-22T21:17:07 | rebalance_needed=False | last_rebalance=2026-05-22
2026-05-22 21:22:07,220 [INFO] phase6.runner: [CYCLE 118] 2026-05-22T21:22:07 | rebalance_needed=False | last_rebalance=2026-05-22
2026-05-22 21:27:07,220 [INFO] phase6.runner: [CYCLE 119] 2026-05-22T21:27:07 | rebalance_needed=False | last_rebalance=2026-05-22
2026-05-22 21:32:07,220 [INFO] phase6.runner: [CYCLE 120] 2026-05-22T21:32:07 | rebalance_needed=False | last_rebalance=2026-05-22
2026-05-22 21:37:07,221 [INFO] phase6.runner: [CYCLE 121] 2026-05-22T21:37:07 | rebalance_needed=False | last_rebalance=2026-05-22
2026-05-22 21:42:07,221 [INFO] phase6.runner: [CYCLE 122] 2026-05-22T21:42:07 | rebalance_needed=False | last_rebalance=2026-05-22
2026-05-22 21:47:07,222 [INFO] phase6.runner: [CYCLE 123] 2026-05-22T21:47:07 | rebalance_needed=False | last_rebalance=2026-05-22
2026-05-22 21:52:07,222 [INFO] phase6.runner: [CYCLE 124] 2026-05-22T21:52:07 | rebalance_needed=False | last_rebalance=2026-05-22
2026-05-22 21:57:07,222 [INFO] phase6.runner: [CYCLE 125] 2026-05-22T21:57:07 | rebalance_needed=False | last_rebalance=2026-05-22
2026-05-22 22:02:07,223 [INFO] phase6.runner: [CYCLE 126] 2026-05-22T22:02:07 | rebalance_needed=False | last_rebalance=2026-05-22
2026-05-22 22:07:07,223 [INFO] phase6.runner: [CYCLE 127] 2026-05-22T22:07:07 | rebalance_needed=False | last_rebalance=2026-05-22
2026-05-22 22:12:07,223 [INFO] phase6.runner: [CYCLE 128] 2026-05-22T22:12:07 | rebalance_needed=False | last_rebalance=2026-05-22
2026-05-22 22:17:07,223 [INFO] phase6.runner: [CYCLE 129] 2026-05-22T22:17:07 | rebalance_needed=False | last_rebalance=2026-05-22
2026-05-22 22:22:07,224 [INFO] phase6.runner: [CYCLE 130] 2026-05-22T22:22:07 | rebalance_needed=False | last_rebalance=2026-05-22
2026-05-22 22:27:07,224 [INFO] phase6.runner: [CYCLE 131] 2026-05-22T22:27:07 | rebalance_needed=False | last_rebalance=2026-05-22
2026-05-22 22:32:07,224 [INFO] phase6.runner: [CYCLE 132] 2026-05-22T22:32:07 | rebalance_needed=False | last_rebalance=2026-05-22
2026-05-22 22:37:07,225 [INFO] phase6.runner: [CYCLE 133] 2026-05-22T22:37:07 | rebalance_needed=False | last_rebalance=2026-05-22
2026-05-22 22:42:07,225 [INFO] phase6.runner: [CYCLE 134] 2026-05-22T22:42:07 | rebalance_needed=False | last_rebalance=2026-05-22
2026-05-22 22:47:07,226 [INFO] phase6.runner: [CYCLE 135] 2026-05-22T22:47:07 | rebalance_needed=False | last_rebalance=2026-05-22
2026-05-22 22:52:07,226 [INFO] phase6.runner: [CYCLE 136] 2026-05-22T22:52:07 | rebalance_needed=False | last_rebalance=2026-05-22
2026-05-22 22:57:07,226 [INFO] phase6.runner: [CYCLE 137] 2026-05-22T22:57:07 | rebalance_needed=False | last_rebalance=2026-05-22
2026-05-22 23:02:07,227 [INFO] phase6.runner: [CYCLE 138] 2026-05-22T23:02:07 | rebalance_needed=False | last_rebalance=2026-05-22
2026-05-22 23:07:07,227 [INFO] phase6.runner: [CYCLE 139] 2026-05-22T23:07:07 | rebalance_needed=False | last_rebalance=2026-05-22
2026-05-22 23:12:07,227 [INFO] phase6.runner: [CYCLE 140] 2026-05-22T23:12:07 | rebalance_needed=False | last_rebalance=2026-05-22
2026-05-22 23:17:07,228 [INFO] phase6.runner: [CYCLE 141] 2026-05-22T23:17:07 | rebalance_needed=False | last_rebalance=2026-05-22
2026-05-22 23:22:07,228 [INFO] phase6.runner: [CYCLE 142] 2026-05-22T23:22:07 | rebalance_needed=False | last_rebalance=2026-05-22
2026-05-22 23:27:07,228 [INFO] phase6.runner: [CYCLE 143] 2026-05-22T23:27:07 | rebalance_needed=False | last_rebalance=2026-05-22
2026-05-22 23:32:07,228 [INFO] phase6.runner: [CYCLE 144] 2026-05-22T23:32:07 | rebalance_needed=False | last_rebalance=2026-05-22
2026-05-22 23:37:07,229 [INFO] phase6.runner: [CYCLE 145] 2026-05-22T23:37:07 | rebalance_needed=False | last_rebalance=2026-05-22
2026-05-22 23:42:07,229 [INFO] phase6.runner: [CYCLE 146] 2026-05-22T23:42:07 | rebalance_needed=False | last_rebalance=2026-05-22
2026-05-22 23:47:07,230 [INFO] phase6.runner: [CYCLE 147] 2026-05-22T23:47:07 | rebalance_needed=False | last_rebalance=2026-05-22
2026-05-22 23:52:07,230 [INFO] phase6.runner: [CYCLE 148] 2026-05-22T23:52:07 | rebalance_needed=False | last_rebalance=2026-05-22
2026-05-22 23:57:07,230 [INFO] phase6.runner: [CYCLE 149] 2026-05-22T23:57:07 | rebalance_needed=False | last_rebalance=2026-05-22
2026-05-23 00:02:07,231 [INFO] phase6.runner: [CYCLE 150] 2026-05-23T00:02:07 | rebalance_needed=False | last_rebalance=2026-05-22
2026-05-23 00:07:07,231 [INFO] phase6.runner: [CYCLE 151] 2026-05-23T00:07:07 | rebalance_needed=False | last_rebalance=2026-05-22
2026-05-23 00:12:07,231 [INFO] phase6.runner: [CYCLE 152] 2026-05-23T00:12:07 | rebalance_needed=False | last_rebalance=2026-05-22
2026-05-23 00:17:07,232 [INFO] phase6.runner: [CYCLE 153] 2026-05-23T00:17:07 | rebalance_needed=False | last_rebalance=2026-05-22
2026-05-23 00:22:07,232 [INFO] phase6.runner: [CYCLE 154] 2026-05-23T00:22:07 | rebalance_needed=False | last_rebalance=2026-05-22
2026-05-23 00:27:07,232 [INFO] phase6.runner: [CYCLE 155] 2026-05-23T00:27:07 | rebalance_needed=False | last_rebalance=2026-05-22
2026-05-23 00:32:07,233 [INFO] phase6.runner: [CYCLE 156] 2026-05-23T00:32:07 | rebalance_needed=False | last_rebalance=2026-05-22
2026-05-23 00:37:07,233 [INFO] phase6.runner: [CYCLE 157] 2026-05-23T00:37:07 | rebalance_needed=False | last_rebalance=2026-05-22
2026-05-23 00:42:07,233 [INFO] phase6.runner: [CYCLE 158] 2026-05-23T00:42:07 | rebalance_needed=False | last_rebalance=2026-05-22
2026-05-23 00:47:07,234 [INFO] phase6.runner: [CYCLE 159] 2026-05-23T00:47:07 | rebalance_needed=False | last_rebalance=2026-05-22
2026-05-23 00:52:07,234 [INFO] phase6.runner: [CYCLE 160] 2026-05-23T00:52:07 | rebalance_needed=False | last_rebalance=2026-05-22
2026-05-23 00:57:07,234 [INFO] phase6.runner: [CYCLE 161] 2026-05-23T00:57:07 | rebalance_needed=False | last_rebalance=2026-05-22
2026-05-23 01:02:07,235 [INFO] phase6.runner: [CYCLE 162] 2026-05-23T01:02:07 | rebalance_needed=False | last_rebalance=2026-05-22
2026-05-23 01:07:07,235 [INFO] phase6.runner: [CYCLE 163] 2026-05-23T01:07:07 | rebalance_needed=False | last_rebalance=2026-05-22
2026-05-23 01:12:07,235 [INFO] phase6.runner: [CYCLE 164] 2026-05-23T01:12:07 | rebalance_needed=False | last_rebalance=2026-05-22
2026-05-23 01:17:07,236 [INFO] phase6.runner: [CYCLE 165] 2026-05-23T01:17:07 | rebalance_needed=False | last_rebalance=2026-05-22
2026-05-23 01:22:07,236 [INFO] phase6.runner: [CYCLE 166] 2026-05-23T01:22:07 | rebalance_needed=False | last_rebalance=2026-05-22
2026-05-23 01:27:07,236 [INFO] phase6.runner: [CYCLE 167] 2026-05-23T01:27:07 | rebalance_needed=False | last_rebalance=2026-05-22
2026-05-23 01:32:07,237 [INFO] phase6.runner: [CYCLE 168] 2026-05-23T01:32:07 | rebalance_needed=False | last_rebalance=2026-05-22
2026-05-23 01:37:07,237 [INFO] phase6.runner: [CYCLE 169] 2026-05-23T01:37:07 | rebalance_needed=False | last_rebalance=2026-05-22
2026-05-23 01:42:07,237 [INFO] phase6.runner: [CYCLE 170] 2026-05-23T01:42:07 | rebalance_needed=False | last_rebalance=2026-05-22
2026-05-23 01:47:07,238 [INFO] phase6.runner: [CYCLE 171] 2026-05-23T01:47:07 | rebalance_needed=False | last_rebalance=2026-05-22
2026-05-23 01:52:07,238 [INFO] phase6.runner: [CYCLE 172] 2026-05-23T01:52:07 | rebalance_needed=False | last_rebalance=2026-05-22
2026-05-23 01:57:07,238 [INFO] phase6.runner: [CYCLE 173] 2026-05-23T01:57:07 | rebalance_needed=False | last_rebalance=2026-05-22
2026-05-23 02:02:07,239 [INFO] phase6.runner: [CYCLE 174] 2026-05-23T02:02:07 | rebalance_needed=False | last_rebalance=2026-05-22
2026-05-23 02:07:07,239 [INFO] phase6.runner: [CYCLE 175] 2026-05-23T02:07:07 | rebalance_needed=False | last_rebalance=2026-05-22
2026-05-23 02:12:07,239 [INFO] phase6.runner: [CYCLE 176] 2026-05-23T02:12:07 | rebalance_needed=False | last_rebalance=2026-05-22
2026-05-23 02:17:07,240 [INFO] phase6.runner: [CYCLE 177] 2026-05-23T02:17:07 | rebalance_needed=False | last_rebalance=2026-05-22
2026-05-23 02:22:07,240 [INFO] phase6.runner: [CYCLE 178] 2026-05-23T02:22:07 | rebalance_needed=False | last_rebalance=2026-05-22
2026-05-23 02:27:07,240 [INFO] phase6.runner: [CYCLE 179] 2026-05-23T02:27:07 | rebalance_needed=False | last_rebalance=2026-05-22
2026-05-23 02:32:07,241 [INFO] phase6.runner: [CYCLE 180] 2026-05-23T02:32:07 | rebalance_needed=False | last_rebalance=2026-05-22
2026-05-23 02:37:07,241 [INFO] phase6.runner: [CYCLE 181] 2026-05-23T02:37:07 | rebalance_needed=False | last_rebalance=2026-05-22
2026-05-23 02:42:07,242 [INFO] phase6.runner: [CYCLE 182] 2026-05-23T02:42:07 | rebalance_needed=False | last_rebalance=2026-05-22
2026-05-23 02:47:07,242 [INFO] phase6.runner: [CYCLE 183] 2026-05-23T02:47:07 | rebalance_needed=False | last_rebalance=2026-05-22
2026-05-23 02:52:07,242 [INFO] phase6.runner: [CYCLE 184] 2026-05-23T02:52:07 | rebalance_needed=False | last_rebalance=2026-05-22
2026-05-23 02:57:07,243 [INFO] phase6.runner: [CYCLE 185] 2026-05-23T02:57:07 | rebalance_needed=False | last_rebalance=2026-05-22
2026-05-23 03:02:07,243 [INFO] phase6.runner: [CYCLE 186] 2026-05-23T03:02:07 | rebalance_needed=False | last_rebalance=2026-05-22
2026-05-23 03:07:07,243 [INFO] phase6.runner: [CYCLE 187] 2026-05-23T03:07:07 | rebalance_needed=False | last_rebalance=2026-05-22
2026-05-23 03:12:07,244 [INFO] phase6.runner: [CYCLE 188] 2026-05-23T03:12:07 | rebalance_needed=False | last_rebalance=2026-05-22
2026-05-23 03:17:07,244 [INFO] phase6.runner: [CYCLE 189] 2026-05-23T03:17:07 | rebalance_needed=False | last_rebalance=2026-05-22
2026-05-23 03:22:07,244 [INFO] phase6.runner: [CYCLE 190] 2026-05-23T03:22:07 | rebalance_needed=False | last_rebalance=2026-05-22
2026-05-23 03:27:07,245 [INFO] phase6.runner: [CYCLE 191] 2026-05-23T03:27:07 | rebalance_needed=False | last_rebalance=2026-05-22
2026-05-23 03:32:07,245 [INFO] phase6.runner: [CYCLE 192] 2026-05-23T03:32:07 | rebalance_needed=False | last_rebalance=2026-05-22
2026-05-23 03:37:07,245 [INFO] phase6.runner: [CYCLE 193] 2026-05-23T03:37:07 | rebalance_needed=False | last_rebalance=2026-05-22
2026-05-23 03:42:07,246 [INFO] phase6.runner: [CYCLE 194] 2026-05-23T03:42:07 | rebalance_needed=False | last_rebalance=2026-05-22
2026-05-23 03:47:07,246 [INFO] phase6.runner: [CYCLE 195] 2026-05-23T03:47:07 | rebalance_needed=False | last_rebalance=2026-05-22
2026-05-23 03:52:07,246 [INFO] phase6.runner: [CYCLE 196] 2026-05-23T03:52:07 | rebalance_needed=False | last_rebalance=2026-05-22
2026-05-23 03:57:07,247 [INFO] phase6.runner: [CYCLE 197] 2026-05-23T03:57:07 | rebalance_needed=False | last_rebalance=2026-05-22
2026-05-23 04:02:07,247 [INFO] phase6.runner: [CYCLE 198] 2026-05-23T04:02:07 | rebalance_needed=False | last_rebalance=2026-05-22
2026-05-23 04:07:07,247 [INFO] phase6.runner: [CYCLE 199] 2026-05-23T04:07:07 | rebalance_needed=False | last_rebalance=2026-05-22
2026-05-23 04:12:07,248 [INFO] phase6.runner: [CYCLE 200] 2026-05-23T04:12:07 | rebalance_needed=False | last_rebalance=2026-05-22
2026-05-23 04:17:07,248 [INFO] phase6.runner: [CYCLE 201] 2026-05-23T04:17:07 | rebalance_needed=False | last_rebalance=2026-05-22
2026-05-23 04:22:07,249 [INFO] phase6.runner: [CYCLE 202] 2026-05-23T04:22:07 | rebalance_needed=False | last_rebalance=2026-05-22
2026-05-23 04:27:07,249 [INFO] phase6.runner: [CYCLE 203] 2026-05-23T04:27:07 | rebalance_needed=False | last_rebalance=2026-05-22
2026-05-23 04:32:07,249 [INFO] phase6.runner: [CYCLE 204] 2026-05-23T04:32:07 | rebalance_needed=False | last_rebalance=2026-05-22
2026-05-23 04:37:07,250 [INFO] phase6.runner: [CYCLE 205] 2026-05-23T04:37:07 | rebalance_needed=False | last_rebalance=2026-05-22
2026-05-23 04:42:07,250 [INFO] phase6.runner: [CYCLE 206] 2026-05-23T04:42:07 | rebalance_needed=False | last_rebalance=2026-05-22
2026-05-23 04:47:07,250 [INFO] phase6.runner: [CYCLE 207] 2026-05-23T04:47:07 | rebalance_needed=False | last_rebalance=2026-05-22
2026-05-23 04:52:07,251 [INFO] phase6.runner: [CYCLE 208] 2026-05-23T04:52:07 | rebalance_needed=False | last_rebalance=2026-05-22
2026-05-23 04:57:07,251 [INFO] phase6.runner: [CYCLE 209] 2026-05-23T04:57:07 | rebalance_needed=False | last_rebalance=2026-05-22
2026-05-23 05:02:07,251 [INFO] phase6.runner: [CYCLE 210] 2026-05-23T05:02:07 | rebalance_needed=False | last_rebalance=2026-05-22
2026-05-23 05:07:07,252 [INFO] phase6.runner: [CYCLE 211] 2026-05-23T05:07:07 | rebalance_needed=False | last_rebalance=2026-05-22
2026-05-23 05:12:07,252 [INFO] phase6.runner: [CYCLE 212] 2026-05-23T05:12:07 | rebalance_needed=False | last_rebalance=2026-05-22
2026-05-23 05:17:07,252 [INFO] phase6.runner: [CYCLE 213] 2026-05-23T05:17:07 | rebalance_needed=False | last_rebalance=2026-05-22
2026-05-23 05:22:07,253 [INFO] phase6.runner: [CYCLE 214] 2026-05-23T05:22:07 | rebalance_needed=False | last_rebalance=2026-05-22
2026-05-23 05:27:07,253 [INFO] phase6.runner: [CYCLE 215] 2026-05-23T05:27:07 | rebalance_needed=False | last_rebalance=2026-05-22
2026-05-23 05:32:07,253 [INFO] phase6.runner: [CYCLE 216] 2026-05-23T05:32:07 | rebalance_needed=False | last_rebalance=2026-05-22
2026-05-23 05:37:07,254 [INFO] phase6.runner: [CYCLE 217] 2026-05-23T05:37:07 | rebalance_needed=False | last_rebalance=2026-05-22
2026-05-23 05:42:07,254 [INFO] phase6.runner: [CYCLE 218] 2026-05-23T05:42:07 | rebalance_needed=False | last_rebalance=2026-05-22
2026-05-23 05:47:07,254 [INFO] phase6.runner: [CYCLE 219] 2026-05-23T05:47:07 | rebalance_needed=False | last_rebalance=2026-05-22
2026-05-23 05:52:07,255 [INFO] phase6.runner: [CYCLE 220] 2026-05-23T05:52:07 | rebalance_needed=False | last_rebalance=2026-05-22
2026-05-23 05:57:07,255 [INFO] phase6.runner: [CYCLE 221] 2026-05-23T05:57:07 | rebalance_needed=False | last_rebalance=2026-05-22
2026-05-23 06:02:07,255 [INFO] phase6.runner: [CYCLE 222] 2026-05-23T06:02:07 | rebalance_needed=False | last_rebalance=2026-05-22
2026-05-23 06:07:07,256 [INFO] phase6.runner: [CYCLE 223] 2026-05-23T06:07:07 | rebalance_needed=False | last_rebalance=2026-05-22
2026-05-23 06:12:07,256 [INFO] phase6.runner: [CYCLE 224] 2026-05-23T06:12:07 | rebalance_needed=False | last_rebalance=2026-05-22
2026-05-23 06:17:07,256 [INFO] phase6.runner: [CYCLE 225] 2026-05-23T06:17:07 | rebalance_needed=False | last_rebalance=2026-05-22
2026-05-23 06:22:07,257 [INFO] phase6.runner: [CYCLE 226] 2026-05-23T06:22:07 | rebalance_needed=False | last_rebalance=2026-05-22
2026-05-23 06:27:07,257 [INFO] phase6.runner: [CYCLE 227] 2026-05-23T06:27:07 | rebalance_needed=False | last_rebalance=2026-05-22
2026-05-23 06:32:07,257 [INFO] phase6.runner: [CYCLE 228] 2026-05-23T06:32:07 | rebalance_needed=False | last_rebalance=2026-05-22
2026-05-23 06:37:07,258 [INFO] phase6.runner: [CYCLE 229] 2026-05-23T06:37:07 | rebalance_needed=False | last_rebalance=2026-05-22
2026-05-23 06:42:07,258 [INFO] phase6.runner: [CYCLE 230] 2026-05-23T06:42:07 | rebalance_needed=False | last_rebalance=2026-05-22
2026-05-23 06:47:07,259 [INFO] phase6.runner: [CYCLE 231] 2026-05-23T06:47:07 | rebalance_needed=False | last_rebalance=2026-05-22
2026-05-23 06:52:07,259 [INFO] phase6.runner: [CYCLE 232] 2026-05-23T06:52:07 | rebalance_needed=False | last_rebalance=2026-05-22
2026-05-23 06:57:07,259 [INFO] phase6.runner: [CYCLE 233] 2026-05-23T06:57:07 | rebalance_needed=False | last_rebalance=2026-05-22
2026-05-23 07:02:07,260 [INFO] phase6.runner: [CYCLE 234] 2026-05-23T07:02:07 | rebalance_needed=False | last_rebalance=2026-05-22
2026-05-23 07:07:07,260 [INFO] phase6.runner: [CYCLE 235] 2026-05-23T07:07:07 | rebalance_needed=False | last_rebalance=2026-05-22
2026-05-23 07:12:07,260 [INFO] phase6.runner: [CYCLE 236] 2026-05-23T07:12:07 | rebalance_needed=False | last_rebalance=2026-05-22
2026-05-23 07:17:07,261 [INFO] phase6.runner: [CYCLE 237] 2026-05-23T07:17:07 | rebalance_needed=False | last_rebalance=2026-05-22
2026-05-23 07:22:07,261 [INFO] phase6.runner: [CYCLE 238] 2026-05-23T07:22:07 | rebalance_needed=False | last_rebalance=2026-05-22
2026-05-23 07:27:07,261 [INFO] phase6.runner: [CYCLE 239] 2026-05-23T07:27:07 | rebalance_needed=False | last_rebalance=2026-05-22
2026-05-23 07:32:07,262 [INFO] phase6.runner: [CYCLE 240] 2026-05-23T07:32:07 | rebalance_needed=False | last_rebalance=2026-05-22
2026-05-23 07:37:07,262 [INFO] phase6.runner: [CYCLE 241] 2026-05-23T07:37:07 | rebalance_needed=False | last_rebalance=2026-05-22
2026-05-23 07:42:07,262 [INFO] phase6.runner: [CYCLE 242] 2026-05-23T07:42:07 | rebalance_needed=False | last_rebalance=2026-05-22
2026-05-23 07:47:07,263 [INFO] phase6.runner: [CYCLE 243] 2026-05-23T07:47:07 | rebalance_needed=False | last_rebalance=2026-05-22
2026-05-23 07:52:07,263 [INFO] phase6.runner: [CYCLE 244] 2026-05-23T07:52:07 | rebalance_needed=False | last_rebalance=2026-05-22
2026-05-23 07:57:07,263 [INFO] phase6.runner: [CYCLE 245] 2026-05-23T07:57:07 | rebalance_needed=False | last_rebalance=2026-05-22
2026-05-23 08:02:07,264 [INFO] phase6.runner: [CYCLE 246] 2026-05-23T08:02:07 | rebalance_needed=False | last_rebalance=2026-05-22
2026-05-23 08:07:07,264 [INFO] phase6.runner: [CYCLE 247] 2026-05-23T08:07:07 | rebalance_needed=False | last_rebalance=2026-05-22
2026-05-23 08:12:07,264 [INFO] phase6.runner: [CYCLE 248] 2026-05-23T08:12:07 | rebalance_needed=False | last_rebalance=2026-05-22
2026-05-23 08:17:07,265 [INFO] phase6.runner: [CYCLE 249] 2026-05-23T08:17:07 | rebalance_needed=False | last_rebalance=2026-05-22
2026-05-23 08:22:07,265 [INFO] phase6.runner: [CYCLE 250] 2026-05-23T08:22:07 | rebalance_needed=False | last_rebalance=2026-05-22
2026-05-23 08:27:07,265 [INFO] phase6.runner: [CYCLE 251] 2026-05-23T08:27:07 | rebalance_needed=False | last_rebalance=2026-05-22
2026-05-23 08:32:07,266 [INFO] phase6.runner: [CYCLE 252] 2026-05-23T08:32:07 | rebalance_needed=False | last_rebalance=2026-05-22
2026-05-23 08:37:07,266 [INFO] phase6.runner: [CYCLE 253] 2026-05-23T08:37:07 | rebalance_needed=False | last_rebalance=2026-05-22
2026-05-23 08:42:07,266 [INFO] phase6.runner: [CYCLE 254] 2026-05-23T08:42:07 | rebalance_needed=False | last_rebalance=2026-05-22
2026-05-23 08:47:07,267 [INFO] phase6.runner: [CYCLE 255] 2026-05-23T08:47:07 | rebalance_needed=False | last_rebalance=2026-05-22
2026-05-23 08:52:07,267 [INFO] phase6.runner: [CYCLE 256] 2026-05-23T08:52:07 | rebalance_needed=False | last_rebalance=2026-05-22
2026-05-23 08:57:07,267 [INFO] phase6.runner: [CYCLE 257] 2026-05-23T08:57:07 | rebalance_needed=False | last_rebalance=2026-05-22
2026-05-23 09:02:07,268 [INFO] phase6.runner: [CYCLE 258] 2026-05-23T09:02:07 | rebalance_needed=True | last_rebalance=2026-05-22
2026-05-23 09:02:07,268 [INFO] phase6.runner: === Daily Rebalance ===
2026-05-23 09:02:07,724 [INFO] phase6.runner: Daily Rebalance: cash=$249.59 | target_weights={'BTC-USD': 0.2, 'ETH-USD': 0.2, 'SOL-USD': 0.2, 'XRP-USD': 0.2, 'DOGE-USD': 0.2}
2026-05-23 09:02:07,725 [INFO] phase6.runner: Daily rebalance completed. Executed=0, Skipped=0
2026-05-23 09:02:08,376 [INFO] phase6.runner: Telegram digest sent successfully
2026-05-23 09:07:08,378 [INFO] phase6.runner: [CYCLE 259] 2026-05-23T09:07:08 | rebalance_needed=False | last_rebalance=2026-05-23
2026-05-23 09:12:08,379 [INFO] phase6.runner: [CYCLE 260] 2026-05-23T09:12:08 | rebalance_needed=False | last_rebalance=2026-05-23
2026-05-23 09:17:08,379 [INFO] phase6.runner: [CYCLE 261] 2026-05-23T09:17:08 | rebalance_needed=False | last_rebalance=2026-05-23
2026-05-23 09:22:08,379 [INFO] phase6.runner: [CYCLE 262] 2026-05-23T09:22:08 | rebalance_needed=False | last_rebalance=2026-05-23
2026-05-23 09:27:08,380 [INFO] phase6.runner: [CYCLE 263] 2026-05-23T09:27:08 | rebalance_needed=False | last_rebalance=2026-05-23
2026-05-23 09:32:08,380 [INFO] phase6.runner: [CYCLE 264] 2026-05-23T09:32:08 | rebalance_needed=False | last_rebalance=2026-05-23
2026-05-23 09:37:08,380 [INFO] phase6.runner: [CYCLE 265] 2026-05-23T09:37:08 | rebalance_needed=False | last_rebalance=2026-05-23
2026-05-23 09:42:08,381 [INFO] phase6.runner: [CYCLE 266] 2026-05-23T09:42:08 | rebalance_needed=False | last_rebalance=2026-05-23
2026-05-23 09:47:08,381 [INFO] phase6.runner: [CYCLE 267] 2026-05-23T09:47:08 | rebalance_needed=False | last_rebalance=2026-05-23
2026-05-23 09:52:08,381 [INFO] phase6.runner: [CYCLE 268] 2026-05-23T09:52:08 | rebalance_needed=False | last_rebalance=2026-05-23
2026-05-23 09:57:08,382 [INFO] phase6.runner: [CYCLE 269] 2026-05-23T09:57:08 | rebalance_needed=False | last_rebalance=2026-05-23
2026-05-23 10:02:08,382 [INFO] phase6.runner: [CYCLE 270] 2026-05-23T10:02:08 | rebalance_needed=False | last_rebalance=2026-05-23
2026-05-23 10:07:08,382 [INFO] phase6.runner: [CYCLE 271] 2026-05-23T10:07:08 | rebalance_needed=False | last_rebalance=2026-05-23
2026-05-23 10:12:08,383 [INFO] phase6.runner: [CYCLE 272] 2026-05-23T10:12:08 | rebalance_needed=False | last_rebalance=2026-05-23
2026-05-23 10:17:08,383 [INFO] phase6.runner: [CYCLE 273] 2026-05-23T10:17:08 | rebalance_needed=False | last_rebalance=2026-05-23
2026-05-23 10:22:08,383 [INFO] phase6.runner: [CYCLE 274] 2026-05-23T10:22:08 | rebalance_needed=False | last_rebalance=2026-05-23
2026-05-23 10:27:08,384 [INFO] phase6.runner: [CYCLE 275] 2026-05-23T10:27:08 | rebalance_needed=False | last_rebalance=2026-05-23
2026-05-23 10:32:08,384 [INFO] phase6.runner: [CYCLE 276] 2026-05-23T10:32:08 | rebalance_needed=False | last_rebalance=2026-05-23
2026-05-23 10:37:08,384 [INFO] phase6.runner: [CYCLE 277] 2026-05-23T10:37:08 | rebalance_needed=False | last_rebalance=2026-05-23
2026-05-23 10:42:08,385 [INFO] phase6.runner: [CYCLE 278] 2026-05-23T10:42:08 | rebalance_needed=False | last_rebalance=2026-05-23
2026-05-23 10:47:08,385 [INFO] phase6.runner: [CYCLE 279] 2026-05-23T10:47:08 | rebalance_needed=False | last_rebalance=2026-05-23
2026-05-23 10:52:08,385 [INFO] phase6.runner: [CYCLE 280] 2026-05-23T10:52:08 | rebalance_needed=False | last_rebalance=2026-05-23
2026-05-23 10:57:08,386 [INFO] phase6.runner: [CYCLE 281] 2026-05-23T10:57:08 | rebalance_needed=False | last_rebalance=2026-05-23
2026-05-23 11:02:08,386 [INFO] phase6.runner: [CYCLE 282] 2026-05-23T11:02:08 | rebalance_needed=False | last_rebalance=2026-05-23
2026-05-23 11:07:08,387 [INFO] phase6.runner: [CYCLE 283] 2026-05-23T11:07:08 | rebalance_needed=False | last_rebalance=2026-05-23
2026-05-23 11:12:08,387 [INFO] phase6.runner: [CYCLE 284] 2026-05-23T11:12:08 | rebalance_needed=False | last_rebalance=2026-05-23
2026-05-23 11:17:08,387 [INFO] phase6.runner: [CYCLE 285] 2026-05-23T11:17:08 | rebalance_needed=False | last_rebalance=2026-05-23
2026-05-23 11:22:08,388 [INFO] phase6.runner: [CYCLE 286] 2026-05-23T11:22:08 | rebalance_needed=False | last_rebalance=2026-05-23
2026-05-23 11:27:08,388 [INFO] phase6.runner: [CYCLE 287] 2026-05-23T11:27:08 | rebalance_needed=False | last_rebalance=2026-05-23
2026-05-23 11:32:08,388 [INFO] phase6.runner: [CYCLE 288] 2026-05-23T11:32:08 | rebalance_needed=False | last_rebalance=2026-05-23
2026-05-23 11:37:08,389 [INFO] phase6.runner: [CYCLE 289] 2026-05-23T11:37:08 | rebalance_needed=False | last_rebalance=2026-05-23
2026-05-23 11:42:08,389 [INFO] phase6.runner: [CYCLE 290] 2026-05-23T11:42:08 | rebalance_needed=False | last_rebalance=2026-05-23
2026-05-23 11:47:08,389 [INFO] phase6.runner: [CYCLE 291] 2026-05-23T11:47:08 | rebalance_needed=False | last_rebalance=2026-05-23
2026-05-23 11:52:08,390 [INFO] phase6.runner: [CYCLE 292] 2026-05-23T11:52:08 | rebalance_needed=False | last_rebalance=2026-05-23
2026-05-23 11:57:08,390 [INFO] phase6.runner: [CYCLE 293] 2026-05-23T11:57:08 | rebalance_needed=False | last_rebalance=2026-05-23
2026-05-23 12:02:08,390 [INFO] phase6.runner: [CYCLE 294] 2026-05-23T12:02:08 | rebalance_needed=False | last_rebalance=2026-05-23
2026-05-23 12:07:08,391 [INFO] phase6.runner: [CYCLE 295] 2026-05-23T12:07:08 | rebalance_needed=False | last_rebalance=2026-05-23
2026-05-23 12:12:08,391 [INFO] phase6.runner: [CYCLE 296] 2026-05-23T12:12:08 | rebalance_needed=False | last_rebalance=2026-05-23
2026-05-23 12:17:08,391 [INFO] phase6.runner: [CYCLE 297] 2026-05-23T12:17:08 | rebalance_needed=False | last_rebalance=2026-05-23
2026-05-23 12:22:08,392 [INFO] phase6.runner: [CYCLE 298] 2026-05-23T12:22:08 | rebalance_needed=False | last_rebalance=2026-05-23
2026-05-23 12:27:08,392 [INFO] phase6.runner: [CYCLE 299] 2026-05-23T12:27:08 | rebalance_needed=False | last_rebalance=2026-05-23
2026-05-23 12:32:08,392 [INFO] phase6.runner: [CYCLE 300] 2026-05-23T12:32:08 | rebalance_needed=False | last_rebalance=2026-05-23
2026-05-23 12:37:08,393 [INFO] phase6.runner: [CYCLE 301] 2026-05-23T12:37:08 | rebalance_needed=False | last_rebalance=2026-05-23
2026-05-23 12:42:08,393 [INFO] phase6.runner: [CYCLE 302] 2026-05-23T12:42:08 | rebalance_needed=False | last_rebalance=2026-05-23
2026-05-23 12:47:08,393 [INFO] phase6.runner: [CYCLE 303] 2026-05-23T12:47:08 | rebalance_needed=False | last_rebalance=2026-05-23
2026-05-23 12:52:08,394 [INFO] phase6.runner: [CYCLE 304] 2026-05-23T12:52:08 | rebalance_needed=False | last_rebalance=2026-05-23
2026-05-23 12:57:08,394 [INFO] phase6.runner: [CYCLE 305] 2026-05-23T12:57:08 | rebalance_needed=False | last_rebalance=2026-05-23
2026-05-23 13:02:08,394 [INFO] phase6.runner: [CYCLE 306] 2026-05-23T13:02:08 | rebalance_needed=False | last_rebalance=2026-05-23
2026-05-23 13:07:08,395 [INFO] phase6.runner: [CYCLE 307] 2026-05-23T13:07:08 | rebalance_needed=False | last_rebalance=2026-05-23
2026-05-23 13:12:08,395 [INFO] phase6.runner: [CYCLE 308] 2026-05-23T13:12:08 | rebalance_needed=False | last_rebalance=2026-05-23
2026-05-23 13:17:08,396 [INFO] phase6.runner: [CYCLE 309] 2026-05-23T13:17:08 | rebalance_needed=False | last_rebalance=2026-05-23
2026-05-23 13:22:08,396 [INFO] phase6.runner: [CYCLE 310] 2026-05-23T13:22:08 | rebalance_needed=False | last_rebalance=2026-05-23
2026-05-23 13:27:08,396 [INFO] phase6.runner: [CYCLE 311] 2026-05-23T13:27:08 | rebalance_needed=False | last_rebalance=2026-05-23
2026-05-23 13:32:08,397 [INFO] phase6.runner: [CYCLE 312] 2026-05-23T13:32:08 | rebalance_needed=False | last_rebalance=2026-05-23
2026-05-23 13:37:08,397 [INFO] phase6.runner: [CYCLE 313] 2026-05-23T13:37:08 | rebalance_needed=False | last_rebalance=2026-05-23
2026-05-23 13:42:08,397 [INFO] phase6.runner: [CYCLE 314] 2026-05-23T13:42:08 | rebalance_needed=False | last_rebalance=2026-05-23
2026-05-23 13:47:08,398 [INFO] phase6.runner: [CYCLE 315] 2026-05-23T13:47:08 | rebalance_needed=False | last_rebalance=2026-05-23
2026-05-23 13:52:08,398 [INFO] phase6.runner: [CYCLE 316] 2026-05-23T13:52:08 | rebalance_needed=False | last_rebalance=2026-05-23
2026-05-23 13:57:08,398 [INFO] phase6.runner: [CYCLE 317] 2026-05-23T13:57:08 | rebalance_needed=False | last_rebalance=2026-05-23
2026-05-23 14:02:08,399 [INFO] phase6.runner: [CYCLE 318] 2026-05-23T14:02:08 | rebalance_needed=False | last_rebalance=2026-05-23
2026-05-23 14:07:08,399 [INFO] phase6.runner: [CYCLE 319] 2026-05-23T14:07:08 | rebalance_needed=False | last_rebalance=2026-05-23
2026-05-23 14:12:08,399 [INFO] phase6.runner: [CYCLE 320] 2026-05-23T14:12:08 | rebalance_needed=False | last_rebalance=2026-05-23
2026-05-23 14:17:08,400 [INFO] phase6.runner: [CYCLE 321] 2026-05-23T14:17:08 | rebalance_needed=False | last_rebalance=2026-05-23
2026-05-23 14:22:08,400 [INFO] phase6.runner: [CYCLE 322] 2026-05-23T14:22:08 | rebalance_needed=False | last_rebalance=2026-05-23
2026-05-23 14:27:08,400 [INFO] phase6.runner: [CYCLE 323] 2026-05-23T14:27:08 | rebalance_needed=False | last_rebalance=2026-05-23
2026-05-23 14:32:08,401 [INFO] phase6.runner: [CYCLE 324] 2026-05-23T14:32:08 | rebalance_needed=False | last_rebalance=2026-05-23
2026-05-23 14:37:08,401 [INFO] phase6.runner: [CYCLE 325] 2026-05-23T14:37:08 | rebalance_needed=False | last_rebalance=2026-05-23
2026-05-23 14:42:08,402 [INFO] phase6.runner: [CYCLE 326] 2026-05-23T14:42:08 | rebalance_needed=False | last_rebalance=2026-05-23
2026-05-23 14:47:08,422 [INFO] phase6.runner: [CYCLE 327] 2026-05-23T14:47:08 | rebalance_needed=False | last_rebalance=2026-05-23
2026-05-23 14:52:08,422 [INFO] phase6.runner: [CYCLE 328] 2026-05-23T14:52:08 | rebalance_needed=False | last_rebalance=2026-05-23
2026-05-23 14:57:08,422 [INFO] phase6.runner: [CYCLE 329] 2026-05-23T14:57:08 | rebalance_needed=False | last_rebalance=2026-05-23
2026-05-23 15:02:08,423 [INFO] phase6.runner: [CYCLE 330] 2026-05-23T15:02:08 | rebalance_needed=False | last_rebalance=2026-05-23
2026-05-23 15:07:08,423 [INFO] phase6.runner: [CYCLE 331] 2026-05-23T15:07:08 | rebalance_needed=False | last_rebalance=2026-05-23
2026-05-23 15:12:08,423 [INFO] phase6.runner: [CYCLE 332] 2026-05-23T15:12:08 | rebalance_needed=False | last_rebalance=2026-05-23
2026-05-23 15:17:08,424 [INFO] phase6.runner: [CYCLE 333] 2026-05-23T15:17:08 | rebalance_needed=False | last_rebalance=2026-05-23
2026-05-23 15:22:08,424 [INFO] phase6.runner: [CYCLE 334] 2026-05-23T15:22:08 | rebalance_needed=False | last_rebalance=2026-05-23
2026-05-23 15:27:08,424 [INFO] phase6.runner: [CYCLE 335] 2026-05-23T15:27:08 | rebalance_needed=False | last_rebalance=2026-05-23
2026-05-23 15:32:08,425 [INFO] phase6.runner: [CYCLE 336] 2026-05-23T15:32:08 | rebalance_needed=False | last_rebalance=2026-05-23
2026-05-23 15:37:08,425 [INFO] phase6.runner: [CYCLE 337] 2026-05-23T15:37:08 | rebalance_needed=False | last_rebalance=2026-05-23
2026-05-23 15:42:08,426 [INFO] phase6.runner: [CYCLE 338] 2026-05-23T15:42:08 | rebalance_needed=False | last_rebalance=2026-05-23
2026-05-23 15:47:08,426 [INFO] phase6.runner: [CYCLE 339] 2026-05-23T15:47:08 | rebalance_needed=False | last_rebalance=2026-05-23
2026-05-23 15:52:08,426 [INFO] phase6.runner: [CYCLE 340] 2026-05-23T15:52:08 | rebalance_needed=False | last_rebalance=2026-05-23
2026-05-23 15:57:08,427 [INFO] phase6.runner: [CYCLE 341] 2026-05-23T15:57:08 | rebalance_needed=False | last_rebalance=2026-05-23
2026-05-23 16:02:08,427 [INFO] phase6.runner: [CYCLE 342] 2026-05-23T16:02:08 | rebalance_needed=False | last_rebalance=2026-05-23
2026-05-23 16:07:08,427 [INFO] phase6.runner: [CYCLE 343] 2026-05-23T16:07:08 | rebalance_needed=False | last_rebalance=2026-05-23
2026-05-23 16:12:08,428 [INFO] phase6.runner: [CYCLE 344] 2026-05-23T16:12:08 | rebalance_needed=False | last_rebalance=2026-05-23
2026-05-23 16:17:08,428 [INFO] phase6.runner: [CYCLE 345] 2026-05-23T16:17:08 | rebalance_needed=False | last_rebalance=2026-05-23
2026-05-23 16:22:08,428 [INFO] phase6.runner: [CYCLE 346] 2026-05-23T16:22:08 | rebalance_needed=False | last_rebalance=2026-05-23
2026-05-23 16:27:08,429 [INFO] phase6.runner: [CYCLE 347] 2026-05-23T16:27:08 | rebalance_needed=False | last_rebalance=2026-05-23
2026-05-23 16:32:08,429 [INFO] phase6.runner: [CYCLE 348] 2026-05-23T16:32:08 | rebalance_needed=False | last_rebalance=2026-05-23
2026-05-23 16:37:08,429 [INFO] phase6.runner: [CYCLE 349] 2026-05-23T16:37:08 | rebalance_needed=False | last_rebalance=2026-05-23
2026-05-23 16:42:08,430 [INFO] phase6.runner: [CYCLE 350] 2026-05-23T16:42:08 | rebalance_needed=False | last_rebalance=2026-05-23
2026-05-23 16:47:08,430 [INFO] phase6.runner: [CYCLE 351] 2026-05-23T16:47:08 | rebalance_needed=False | last_rebalance=2026-05-23
2026-05-23 16:52:08,430 [INFO] phase6.runner: [CYCLE 352] 2026-05-23T16:52:08 | rebalance_needed=False | last_rebalance=2026-05-23
2026-05-23 16:57:08,431 [INFO] phase6.runner: [CYCLE 353] 2026-05-23T16:57:08 | rebalance_needed=False | last_rebalance=2026-05-23
2026-05-23 17:02:08,431 [INFO] phase6.runner: [CYCLE 354] 2026-05-23T17:02:08 | rebalance_needed=False | last_rebalance=2026-05-23
2026-05-23 17:07:08,431 [INFO] phase6.runner: [CYCLE 355] 2026-05-23T17:07:08 | rebalance_needed=False | last_rebalance=2026-05-23
2026-05-23 17:12:08,432 [INFO] phase6.runner: [CYCLE 356] 2026-05-23T17:12:08 | rebalance_needed=False | last_rebalance=2026-05-23
2026-05-23 17:17:08,432 [INFO] phase6.runner: [CYCLE 357] 2026-05-23T17:17:08 | rebalance_needed=False | last_rebalance=2026-05-23
2026-05-23 17:22:08,432 [INFO] phase6.runner: [CYCLE 358] 2026-05-23T17:22:08 | rebalance_needed=False | last_rebalance=2026-05-23
2026-05-23 17:27:08,433 [INFO] phase6.runner: [CYCLE 359] 2026-05-23T17:27:08 | rebalance_needed=False | last_rebalance=2026-05-23
2026-05-23 17:32:08,433 [INFO] phase6.runner: [CYCLE 360] 2026-05-23T17:32:08 | rebalance_needed=False | last_rebalance=2026-05-23
2026-05-23 17:37:08,433 [INFO] phase6.runner: [CYCLE 361] 2026-05-23T17:37:08 | rebalance_needed=False | last_rebalance=2026-05-23
2026-05-23 17:42:08,434 [INFO] phase6.runner: [CYCLE 362] 2026-05-23T17:42:08 | rebalance_needed=False | last_rebalance=2026-05-23
2026-05-23 17:47:08,434 [INFO] phase6.runner: [CYCLE 363] 2026-05-23T17:47:08 | rebalance_needed=False | last_rebalance=2026-05-23
2026-05-23 17:52:08,434 [INFO] phase6.runner: [CYCLE 364] 2026-05-23T17:52:08 | rebalance_needed=False | last_rebalance=2026-05-23
2026-05-23 17:57:08,435 [INFO] phase6.runner: [CYCLE 365] 2026-05-23T17:57:08 | rebalance_needed=False | last_rebalance=2026-05-23
2026-05-23 18:02:08,435 [INFO] phase6.runner: [CYCLE 366] 2026-05-23T18:02:08 | rebalance_needed=False | last_rebalance=2026-05-23
2026-05-23 18:07:08,436 [INFO] phase6.runner: [CYCLE 367] 2026-05-23T18:07:08 | rebalance_needed=False | last_rebalance=2026-05-23
2026-05-23 18:12:08,436 [INFO] phase6.runner: [CYCLE 368] 2026-05-23T18:12:08 | rebalance_needed=False | last_rebalance=2026-05-23
2026-05-23 18:17:08,436 [INFO] phase6.runner: [CYCLE 369] 2026-05-23T18:17:08 | rebalance_needed=False | last_rebalance=2026-05-23
2026-05-23 18:22:08,436 [INFO] phase6.runner: [CYCLE 370] 2026-05-23T18:22:08 | rebalance_needed=False | last_rebalance=2026-05-23
2026-05-23 18:27:08,437 [INFO] phase6.runner: [CYCLE 371] 2026-05-23T18:27:08 | rebalance_needed=False | last_rebalance=2026-05-23
2026-05-23 18:32:08,437 [INFO] phase6.runner: [CYCLE 372] 2026-05-23T18:32:08 | rebalance_needed=False | last_rebalance=2026-05-23
2026-05-23 18:37:08,437 [INFO] phase6.runner: [CYCLE 373] 2026-05-23T18:37:08 | rebalance_needed=False | last_rebalance=2026-05-23
2026-05-23 18:42:08,438 [INFO] phase6.runner: [CYCLE 374] 2026-05-23T18:42:08 | rebalance_needed=False | last_rebalance=2026-05-23
2026-05-23 18:47:08,438 [INFO] phase6.runner: [CYCLE 375] 2026-05-23T18:47:08 | rebalance_needed=False | last_rebalance=2026-05-23
2026-05-23 18:52:08,439 [INFO] phase6.runner: [CYCLE 376] 2026-05-23T18:52:08 | rebalance_needed=False | last_rebalance=2026-05-23
2026-05-23 18:57:08,439 [INFO] phase6.runner: [CYCLE 377] 2026-05-23T18:57:08 | rebalance_needed=False | last_rebalance=2026-05-23
2026-05-23 19:02:08,439 [INFO] phase6.runner: [CYCLE 378] 2026-05-23T19:02:08 | rebalance_needed=False | last_rebalance=2026-05-23
2026-05-23 19:07:08,440 [INFO] phase6.runner: [CYCLE 379] 2026-05-23T19:07:08 | rebalance_needed=False | last_rebalance=2026-05-23
2026-05-23 19:12:08,440 [INFO] phase6.runner: [CYCLE 380] 2026-05-23T19:12:08 | rebalance_needed=False | last_rebalance=2026-05-23
2026-05-23 19:17:08,440 [INFO] phase6.runner: [CYCLE 381] 2026-05-23T19:17:08 | rebalance_needed=False | last_rebalance=2026-05-23
2026-05-23 19:22:08,441 [INFO] phase6.runner: [CYCLE 382] 2026-05-23T19:22:08 | rebalance_needed=False | last_rebalance=2026-05-23
2026-05-23 19:27:08,441 [INFO] phase6.runner: [CYCLE 383] 2026-05-23T19:27:08 | rebalance_needed=False | last_rebalance=2026-05-23
2026-05-23 19:32:08,441 [INFO] phase6.runner: [CYCLE 384] 2026-05-23T19:32:08 | rebalance_needed=False | last_rebalance=2026-05-23
2026-05-23 19:37:08,442 [INFO] phase6.runner: [CYCLE 385] 2026-05-23T19:37:08 | rebalance_needed=False | last_rebalance=2026-05-23
2026-05-23 19:42:08,442 [INFO] phase6.runner: [CYCLE 386] 2026-05-23T19:42:08 | rebalance_needed=False | last_rebalance=2026-05-23
2026-05-23 19:47:08,442 [INFO] phase6.runner: [CYCLE 387] 2026-05-23T19:47:08 | rebalance_needed=False | last_rebalance=2026-05-23
2026-05-23 19:52:08,443 [INFO] phase6.runner: [CYCLE 388] 2026-05-23T19:52:08 | rebalance_needed=False | last_rebalance=2026-05-23
2026-05-23 19:57:08,443 [INFO] phase6.runner: [CYCLE 389] 2026-05-23T19:57:08 | rebalance_needed=False | last_rebalance=2026-05-23
2026-05-23 20:02:08,443 [INFO] phase6.runner: [CYCLE 390] 2026-05-23T20:02:08 | rebalance_needed=False | last_rebalance=2026-05-23
2026-05-23 20:07:08,444 [INFO] phase6.runner: [CYCLE 391] 2026-05-23T20:07:08 | rebalance_needed=False | last_rebalance=2026-05-23
2026-05-23 20:12:08,444 [INFO] phase6.runner: [CYCLE 392] 2026-05-23T20:12:08 | rebalance_needed=False | last_rebalance=2026-05-23
2026-05-23 20:17:08,444 [INFO] phase6.runner: [CYCLE 393] 2026-05-23T20:17:08 | rebalance_needed=False | last_rebalance=2026-05-23
2026-05-23 20:22:08,445 [INFO] phase6.runner: [CYCLE 394] 2026-05-23T20:22:08 | rebalance_needed=False | last_rebalance=2026-05-23
2026-05-23 20:27:08,445 [INFO] phase6.runner: [CYCLE 395] 2026-05-23T20:27:08 | rebalance_needed=False | last_rebalance=2026-05-23
2026-05-23 20:32:08,445 [INFO] phase6.runner: [CYCLE 396] 2026-05-23T20:32:08 | rebalance_needed=False | last_rebalance=2026-05-23
2026-05-23 20:37:08,446 [INFO] phase6.runner: [CYCLE 397] 2026-05-23T20:37:08 | rebalance_needed=False | last_rebalance=2026-05-23
2026-05-23 20:42:08,446 [INFO] phase6.runner: [CYCLE 398] 2026-05-23T20:42:08 | rebalance_needed=False | last_rebalance=2026-05-23
2026-05-23 20:47:08,446 [INFO] phase6.runner: [CYCLE 399] 2026-05-23T20:47:08 | rebalance_needed=False | last_rebalance=2026-05-23
2026-05-23 20:52:08,447 [INFO] phase6.runner: [CYCLE 400] 2026-05-23T20:52:08 | rebalance_needed=False | last_rebalance=2026-05-23
2026-05-23 20:57:08,447 [INFO] phase6.runner: [CYCLE 401] 2026-05-23T20:57:08 | rebalance_needed=False | last_rebalance=2026-05-23
2026-05-23 21:02:08,447 [INFO] phase6.runner: [CYCLE 402] 2026-05-23T21:02:08 | rebalance_needed=False | last_rebalance=2026-05-23
2026-05-23 21:07:08,448 [INFO] phase6.runner: [CYCLE 403] 2026-05-23T21:07:08 | rebalance_needed=False | last_rebalance=2026-05-23
2026-05-23 21:12:08,448 [INFO] phase6.runner: [CYCLE 404] 2026-05-23T21:12:08 | rebalance_needed=False | last_rebalance=2026-05-23
2026-05-23 21:17:08,448 [INFO] phase6.runner: [CYCLE 405] 2026-05-23T21:17:08 | rebalance_needed=False | last_rebalance=2026-05-23
2026-05-23 21:22:08,449 [INFO] phase6.runner: [CYCLE 406] 2026-05-23T21:22:08 | rebalance_needed=False | last_rebalance=2026-05-23
2026-05-23 21:27:08,449 [INFO] phase6.runner: [CYCLE 407] 2026-05-23T21:27:08 | rebalance_needed=False | last_rebalance=2026-05-23
2026-05-23 21:32:08,449 [INFO] phase6.runner: [CYCLE 408] 2026-05-23T21:32:08 | rebalance_needed=False | last_rebalance=2026-05-23
2026-05-23 21:37:08,450 [INFO] phase6.runner: [CYCLE 409] 2026-05-23T21:37:08 | rebalance_needed=False | last_rebalance=2026-05-23
2026-05-23 21:42:08,450 [INFO] phase6.runner: [CYCLE 410] 2026-05-23T21:42:08 | rebalance_needed=False | last_rebalance=2026-05-23
2026-05-23 21:47:08,451 [INFO] phase6.runner: [CYCLE 411] 2026-05-23T21:47:08 | rebalance_needed=False | last_rebalance=2026-05-23
2026-05-23 21:52:08,451 [INFO] phase6.runner: [CYCLE 412] 2026-05-23T21:52:08 | rebalance_needed=False | last_rebalance=2026-05-23
2026-05-23 21:57:08,451 [INFO] phase6.runner: [CYCLE 413] 2026-05-23T21:57:08 | rebalance_needed=False | last_rebalance=2026-05-23
2026-05-23 22:02:08,451 [INFO] phase6.runner: [CYCLE 414] 2026-05-23T22:02:08 | rebalance_needed=False | last_rebalance=2026-05-23
2026-05-23 22:07:08,452 [INFO] phase6.runner: [CYCLE 415] 2026-05-23T22:07:08 | rebalance_needed=False | last_rebalance=2026-05-23
2026-05-23 22:12:08,452 [INFO] phase6.runner: [CYCLE 416] 2026-05-23T22:12:08 | rebalance_needed=False | last_rebalance=2026-05-23
2026-05-23 22:17:08,452 [INFO] phase6.runner: [CYCLE 417] 2026-05-23T22:17:08 | rebalance_needed=False | last_rebalance=2026-05-23
2026-05-23 22:22:08,453 [INFO] phase6.runner: [CYCLE 418] 2026-05-23T22:22:08 | rebalance_needed=False | last_rebalance=2026-05-23
2026-05-23 22:27:08,453 [INFO] phase6.runner: [CYCLE 419] 2026-05-23T22:27:08 | rebalance_needed=False | last_rebalance=2026-05-23
2026-05-23 22:32:08,453 [INFO] phase6.runner: [CYCLE 420] 2026-05-23T22:32:08 | rebalance_needed=False | last_rebalance=2026-05-23
2026-05-23 22:37:08,454 [INFO] phase6.runner: [CYCLE 421] 2026-05-23T22:37:08 | rebalance_needed=False | last_rebalance=2026-05-23
2026-05-23 22:42:08,454 [INFO] phase6.runner: [CYCLE 422] 2026-05-23T22:42:08 | rebalance_needed=False | last_rebalance=2026-05-23
2026-05-23 22:47:08,455 [INFO] phase6.runner: [CYCLE 423] 2026-05-23T22:47:08 | rebalance_needed=False | last_rebalance=2026-05-23
2026-05-23 22:52:08,455 [INFO] phase6.runner: [CYCLE 424] 2026-05-23T22:52:08 | rebalance_needed=False | last_rebalance=2026-05-23
2026-05-23 22:57:08,455 [INFO] phase6.runner: [CYCLE 425] 2026-05-23T22:57:08 | rebalance_needed=False | last_rebalance=2026-05-23
2026-05-23 23:02:08,456 [INFO] phase6.runner: [CYCLE 426] 2026-05-23T23:02:08 | rebalance_needed=False | last_rebalance=2026-05-23
2026-05-23 23:07:08,456 [INFO] phase6.runner: [CYCLE 427] 2026-05-23T23:07:08 | rebalance_needed=False | last_rebalance=2026-05-23
2026-05-23 23:12:08,456 [INFO] phase6.runner: [CYCLE 428] 2026-05-23T23:12:08 | rebalance_needed=False | last_rebalance=2026-05-23
2026-05-23 23:17:08,457 [INFO] phase6.runner: [CYCLE 429] 2026-05-23T23:17:08 | rebalance_needed=False | last_rebalance=2026-05-23
2026-05-23 23:22:08,457 [INFO] phase6.runner: [CYCLE 430] 2026-05-23T23:22:08 | rebalance_needed=False | last_rebalance=2026-05-23
2026-05-23 23:27:08,457 [INFO] phase6.runner: [CYCLE 431] 2026-05-23T23:27:08 | rebalance_needed=False | last_rebalance=2026-05-23
2026-05-23 23:32:08,458 [INFO] phase6.runner: [CYCLE 432] 2026-05-23T23:32:08 | rebalance_needed=False | last_rebalance=2026-05-23
2026-05-23 23:37:08,458 [INFO] phase6.runner: [CYCLE 433] 2026-05-23T23:37:08 | rebalance_needed=False | last_rebalance=2026-05-23
2026-05-23 23:42:08,458 [INFO] phase6.runner: [CYCLE 434] 2026-05-23T23:42:08 | rebalance_needed=False | last_rebalance=2026-05-23
2026-05-23 23:47:08,459 [INFO] phase6.runner: [CYCLE 435] 2026-05-23T23:47:08 | rebalance_needed=False | last_rebalance=2026-05-23
2026-05-23 23:52:08,459 [INFO] phase6.runner: [CYCLE 436] 2026-05-23T23:52:08 | rebalance_needed=False | last_rebalance=2026-05-23
2026-05-23 23:57:08,460 [INFO] phase6.runner: [CYCLE 437] 2026-05-23T23:57:08 | rebalance_needed=False | last_rebalance=2026-05-23
2026-05-24 00:02:08,460 [INFO] phase6.runner: [CYCLE 438] 2026-05-24T00:02:08 | rebalance_needed=False | last_rebalance=2026-05-23
2026-05-24 00:07:08,460 [INFO] phase6.runner: [CYCLE 439] 2026-05-24T00:07:08 | rebalance_needed=False | last_rebalance=2026-05-23
2026-05-24 00:12:08,461 [INFO] phase6.runner: [CYCLE 440] 2026-05-24T00:12:08 | rebalance_needed=False | last_rebalance=2026-05-23
2026-05-24 00:17:08,461 [INFO] phase6.runner: [CYCLE 441] 2026-05-24T00:17:08 | rebalance_needed=False | last_rebalance=2026-05-23
2026-05-24 00:22:08,461 [INFO] phase6.runner: [CYCLE 442] 2026-05-24T00:22:08 | rebalance_needed=False | last_rebalance=2026-05-23
2026-05-24 00:27:08,462 [INFO] phase6.runner: [CYCLE 443] 2026-05-24T00:27:08 | rebalance_needed=False | last_rebalance=2026-05-23
2026-05-24 00:32:08,463 [INFO] phase6.runner: [CYCLE 444] 2026-05-24T00:32:08 | rebalance_needed=False | last_rebalance=2026-05-23
2026-05-24 00:37:08,463 [INFO] phase6.runner: [CYCLE 445] 2026-05-24T00:37:08 | rebalance_needed=False | last_rebalance=2026-05-23
2026-05-24 00:42:08,464 [INFO] phase6.runner: [CYCLE 446] 2026-05-24T00:42:08 | rebalance_needed=False | last_rebalance=2026-05-23
2026-05-24 00:47:08,465 [INFO] phase6.runner: [CYCLE 447] 2026-05-24T00:47:08 | rebalance_needed=False | last_rebalance=2026-05-23
2026-05-24 00:52:08,465 [INFO] phase6.runner: [CYCLE 448] 2026-05-24T00:52:08 | rebalance_needed=False | last_rebalance=2026-05-23
2026-05-24 00:57:08,465 [INFO] phase6.runner: [CYCLE 449] 2026-05-24T00:57:08 | rebalance_needed=False | last_rebalance=2026-05-23
2026-05-24 01:02:08,466 [INFO] phase6.runner: [CYCLE 450] 2026-05-24T01:02:08 | rebalance_needed=False | last_rebalance=2026-05-23
2026-05-24 01:07:08,466 [INFO] phase6.runner: [CYCLE 451] 2026-05-24T01:07:08 | rebalance_needed=False | last_rebalance=2026-05-23
2026-05-24 01:12:08,466 [INFO] phase6.runner: [CYCLE 452] 2026-05-24T01:12:08 | rebalance_needed=False | last_rebalance=2026-05-23
2026-05-24 01:17:08,467 [INFO] phase6.runner: [CYCLE 453] 2026-05-24T01:17:08 | rebalance_needed=False | last_rebalance=2026-05-23
2026-05-24 01:22:08,467 [INFO] phase6.runner: [CYCLE 454] 2026-05-24T01:22:08 | rebalance_needed=False | last_rebalance=2026-05-23
2026-05-24 01:27:08,467 [INFO] phase6.runner: [CYCLE 455] 2026-05-24T01:27:08 | rebalance_needed=False | last_rebalance=2026-05-23
2026-05-24 01:32:08,468 [INFO] phase6.runner: [CYCLE 456] 2026-05-24T01:32:08 | rebalance_needed=False | last_rebalance=2026-05-23
2026-05-24 01:37:08,468 [INFO] phase6.runner: [CYCLE 457] 2026-05-24T01:37:08 | rebalance_needed=False | last_rebalance=2026-05-23
2026-05-24 01:42:08,468 [INFO] phase6.runner: [CYCLE 458] 2026-05-24T01:42:08 | rebalance_needed=False | last_rebalance=2026-05-23
2026-05-24 01:47:08,469 [INFO] phase6.runner: [CYCLE 459] 2026-05-24T01:47:08 | rebalance_needed=False | last_rebalance=2026-05-23
2026-05-24 01:52:08,469 [INFO] phase6.runner: [CYCLE 460] 2026-05-24T01:52:08 | rebalance_needed=False | last_rebalance=2026-05-23
2026-05-24 01:57:08,469 [INFO] phase6.runner: [CYCLE 461] 2026-05-24T01:57:08 | rebalance_needed=False | last_rebalance=2026-05-23
2026-05-24 02:02:08,470 [INFO] phase6.runner: [CYCLE 462] 2026-05-24T02:02:08 | rebalance_needed=False | last_rebalance=2026-05-23
2026-05-24 02:07:08,470 [INFO] phase6.runner: [CYCLE 463] 2026-05-24T02:07:08 | rebalance_needed=False | last_rebalance=2026-05-23
2026-05-24 02:12:08,470 [INFO] phase6.runner: [CYCLE 464] 2026-05-24T02:12:08 | rebalance_needed=False | last_rebalance=2026-05-23
2026-05-24 02:17:08,471 [INFO] phase6.runner: [CYCLE 465] 2026-05-24T02:17:08 | rebalance_needed=False | last_rebalance=2026-05-23
2026-05-24 02:22:08,471 [INFO] phase6.runner: [CYCLE 466] 2026-05-24T02:22:08 | rebalance_needed=False | last_rebalance=2026-05-23
2026-05-24 02:27:08,471 [INFO] phase6.runner: [CYCLE 467] 2026-05-24T02:27:08 | rebalance_needed=False | last_rebalance=2026-05-23
2026-05-24 02:32:08,472 [INFO] phase6.runner: [CYCLE 468] 2026-05-24T02:32:08 | rebalance_needed=False | last_rebalance=2026-05-23
2026-05-24 02:37:08,472 [INFO] phase6.runner: [CYCLE 469] 2026-05-24T02:37:08 | rebalance_needed=False | last_rebalance=2026-05-23
2026-05-24 02:42:08,472 [INFO] phase6.runner: [CYCLE 470] 2026-05-24T02:42:08 | rebalance_needed=False | last_rebalance=2026-05-23
2026-05-24 02:47:08,473 [INFO] phase6.runner: [CYCLE 471] 2026-05-24T02:47:08 | rebalance_needed=False | last_rebalance=2026-05-23
2026-05-24 02:52:08,473 [INFO] phase6.runner: [CYCLE 472] 2026-05-24T02:52:08 | rebalance_needed=False | last_rebalance=2026-05-23
2026-05-24 02:57:08,474 [INFO] phase6.runner: [CYCLE 473] 2026-05-24T02:57:08 | rebalance_needed=False | last_rebalance=2026-05-23
2026-05-24 03:02:08,474 [INFO] phase6.runner: [CYCLE 474] 2026-05-24T03:02:08 | rebalance_needed=False | last_rebalance=2026-05-23
2026-05-24 03:07:08,474 [INFO] phase6.runner: [CYCLE 475] 2026-05-24T03:07:08 | rebalance_needed=False | last_rebalance=2026-05-23
2026-05-24 03:12:08,475 [INFO] phase6.runner: [CYCLE 476] 2026-05-24T03:12:08 | rebalance_needed=False | last_rebalance=2026-05-23
2026-05-24 03:17:08,475 [INFO] phase6.runner: [CYCLE 477] 2026-05-24T03:17:08 | rebalance_needed=False | last_rebalance=2026-05-23
2026-05-24 03:22:08,476 [INFO] phase6.runner: [CYCLE 478] 2026-05-24T03:22:08 | rebalance_needed=False | last_rebalance=2026-05-23
2026-05-24 03:27:08,476 [INFO] phase6.runner: [CYCLE 479] 2026-05-24T03:27:08 | rebalance_needed=False | last_rebalance=2026-05-23
2026-05-24 03:32:08,476 [INFO] phase6.runner: [CYCLE 480] 2026-05-24T03:32:08 | rebalance_needed=False | last_rebalance=2026-05-23
2026-05-24 03:37:08,477 [INFO] phase6.runner: [CYCLE 481] 2026-05-24T03:37:08 | rebalance_needed=False | last_rebalance=2026-05-23
2026-05-24 03:42:08,477 [INFO] phase6.runner: [CYCLE 482] 2026-05-24T03:42:08 | rebalance_needed=False | last_rebalance=2026-05-23
2026-05-24 03:47:08,477 [INFO] phase6.runner: [CYCLE 483] 2026-05-24T03:47:08 | rebalance_needed=False | last_rebalance=2026-05-23
2026-05-24 03:52:08,478 [INFO] phase6.runner: [CYCLE 484] 2026-05-24T03:52:08 | rebalance_needed=False | last_rebalance=2026-05-23
2026-05-24 03:57:08,478 [INFO] phase6.runner: [CYCLE 485] 2026-05-24T03:57:08 | rebalance_needed=False | last_rebalance=2026-05-23
2026-05-24 04:02:08,479 [INFO] phase6.runner: [CYCLE 486] 2026-05-24T04:02:08 | rebalance_needed=False | last_rebalance=2026-05-23
2026-05-24 04:07:08,479 [INFO] phase6.runner: [CYCLE 487] 2026-05-24T04:07:08 | rebalance_needed=False | last_rebalance=2026-05-23
2026-05-24 04:12:08,479 [INFO] phase6.runner: [CYCLE 488] 2026-05-24T04:12:08 | rebalance_needed=False | last_rebalance=2026-05-23
2026-05-24 04:17:08,480 [INFO] phase6.runner: [CYCLE 489] 2026-05-24T04:17:08 | rebalance_needed=False | last_rebalance=2026-05-23
2026-05-24 04:22:08,480 [INFO] phase6.runner: [CYCLE 490] 2026-05-24T04:22:08 | rebalance_needed=False | last_rebalance=2026-05-23
2026-05-24 04:27:08,480 [INFO] phase6.runner: [CYCLE 491] 2026-05-24T04:27:08 | rebalance_needed=False | last_rebalance=2026-05-23
2026-05-24 04:32:08,481 [INFO] phase6.runner: [CYCLE 492] 2026-05-24T04:32:08 | rebalance_needed=False | last_rebalance=2026-05-23
2026-05-24 04:37:08,481 [INFO] phase6.runner: [CYCLE 493] 2026-05-24T04:37:08 | rebalance_needed=False | last_rebalance=2026-05-23
2026-05-24 04:42:08,481 [INFO] phase6.runner: [CYCLE 494] 2026-05-24T04:42:08 | rebalance_needed=False | last_rebalance=2026-05-23
2026-05-24 04:47:08,482 [INFO] phase6.runner: [CYCLE 495] 2026-05-24T04:47:08 | rebalance_needed=False | last_rebalance=2026-05-23
2026-05-24 04:52:08,482 [INFO] phase6.runner: [CYCLE 496] 2026-05-24T04:52:08 | rebalance_needed=False | last_rebalance=2026-05-23
2026-05-24 04:57:08,482 [INFO] phase6.runner: [CYCLE 497] 2026-05-24T04:57:08 | rebalance_needed=False | last_rebalance=2026-05-23
2026-05-24 05:02:08,483 [INFO] phase6.runner: [CYCLE 498] 2026-05-24T05:02:08 | rebalance_needed=False | last_rebalance=2026-05-23
2026-05-24 05:07:08,483 [INFO] phase6.runner: [CYCLE 499] 2026-05-24T05:07:08 | rebalance_needed=False | last_rebalance=2026-05-23
2026-05-24 05:12:08,484 [INFO] phase6.runner: [CYCLE 500] 2026-05-24T05:12:08 | rebalance_needed=False | last_rebalance=2026-05-23
2026-05-24 05:17:08,484 [INFO] phase6.runner: [CYCLE 501] 2026-05-24T05:17:08 | rebalance_needed=False | last_rebalance=2026-05-23
2026-05-24 05:22:08,484 [INFO] phase6.runner: [CYCLE 502] 2026-05-24T05:22:08 | rebalance_needed=False | last_rebalance=2026-05-23
2026-05-24 05:27:08,485 [INFO] phase6.runner: [CYCLE 503] 2026-05-24T05:27:08 | rebalance_needed=False | last_rebalance=2026-05-23
2026-05-24 05:32:08,485 [INFO] phase6.runner: [CYCLE 504] 2026-05-24T05:32:08 | rebalance_needed=False | last_rebalance=2026-05-23
2026-05-24 05:37:08,485 [INFO] phase6.runner: [CYCLE 505] 2026-05-24T05:37:08 | rebalance_needed=False | last_rebalance=2026-05-23
2026-05-24 05:42:08,486 [INFO] phase6.runner: [CYCLE 506] 2026-05-24T05:42:08 | rebalance_needed=False | last_rebalance=2026-05-23
2026-05-24 05:47:08,486 [INFO] phase6.runner: [CYCLE 507] 2026-05-24T05:47:08 | rebalance_needed=False | last_rebalance=2026-05-23
2026-05-24 05:52:08,486 [INFO] phase6.runner: [CYCLE 508] 2026-05-24T05:52:08 | rebalance_needed=False | last_rebalance=2026-05-23
2026-05-24 05:57:08,487 [INFO] phase6.runner: [CYCLE 509] 2026-05-24T05:57:08 | rebalance_needed=False | last_rebalance=2026-05-23
2026-05-24 06:02:08,487 [INFO] phase6.runner: [CYCLE 510] 2026-05-24T06:02:08 | rebalance_needed=False | last_rebalance=2026-05-23
2026-05-24 06:07:08,487 [INFO] phase6.runner: [CYCLE 511] 2026-05-24T06:07:08 | rebalance_needed=False | last_rebalance=2026-05-23
2026-05-24 06:12:08,488 [INFO] phase6.runner: [CYCLE 512] 2026-05-24T06:12:08 | rebalance_needed=False | last_rebalance=2026-05-23
2026-05-24 06:17:08,488 [INFO] phase6.runner: [CYCLE 513] 2026-05-24T06:17:08 | rebalance_needed=False | last_rebalance=2026-05-23
2026-05-24 06:22:08,488 [INFO] phase6.runner: [CYCLE 514] 2026-05-24T06:22:08 | rebalance_needed=False | last_rebalance=2026-05-23
2026-05-24 06:27:08,489 [INFO] phase6.runner: [CYCLE 515] 2026-05-24T06:27:08 | rebalance_needed=False | last_rebalance=2026-05-23
2026-05-24 06:32:08,489 [INFO] phase6.runner: [CYCLE 516] 2026-05-24T06:32:08 | rebalance_needed=False | last_rebalance=2026-05-23
2026-05-24 06:37:08,490 [INFO] phase6.runner: [CYCLE 517] 2026-05-24T06:37:08 | rebalance_needed=False | last_rebalance=2026-05-23
2026-05-24 06:42:08,490 [INFO] phase6.runner: [CYCLE 518] 2026-05-24T06:42:08 | rebalance_needed=False | last_rebalance=2026-05-23
2026-05-24 06:47:08,490 [INFO] phase6.runner: [CYCLE 519] 2026-05-24T06:47:08 | rebalance_needed=False | last_rebalance=2026-05-23
2026-05-24 06:52:08,491 [INFO] phase6.runner: [CYCLE 520] 2026-05-24T06:52:08 | rebalance_needed=False | last_rebalance=2026-05-23
2026-05-24 06:57:08,491 [INFO] phase6.runner: [CYCLE 521] 2026-05-24T06:57:08 | rebalance_needed=False | last_rebalance=2026-05-23
2026-05-24 07:02:08,491 [INFO] phase6.runner: [CYCLE 522] 2026-05-24T07:02:08 | rebalance_needed=False | last_rebalance=2026-05-23
2026-05-24 07:07:08,492 [INFO] phase6.runner: [CYCLE 523] 2026-05-24T07:07:08 | rebalance_needed=False | last_rebalance=2026-05-23
2026-05-24 07:12:08,492 [INFO] phase6.runner: [CYCLE 524] 2026-05-24T07:12:08 | rebalance_needed=False | last_rebalance=2026-05-23
2026-05-24 07:17:08,492 [INFO] phase6.runner: [CYCLE 525] 2026-05-24T07:17:08 | rebalance_needed=False | last_rebalance=2026-05-23
2026-05-24 07:22:08,493 [INFO] phase6.runner: [CYCLE 526] 2026-05-24T07:22:08 | rebalance_needed=False | last_rebalance=2026-05-23
2026-05-24 07:27:08,493 [INFO] phase6.runner: [CYCLE 527] 2026-05-24T07:27:08 | rebalance_needed=False | last_rebalance=2026-05-23
2026-05-24 07:32:08,493 [INFO] phase6.runner: [CYCLE 528] 2026-05-24T07:32:08 | rebalance_needed=False | last_rebalance=2026-05-23
2026-05-24 07:37:08,494 [INFO] phase6.runner: [CYCLE 529] 2026-05-24T07:37:08 | rebalance_needed=False | last_rebalance=2026-05-23
2026-05-24 07:42:08,494 [INFO] phase6.runner: [CYCLE 530] 2026-05-24T07:42:08 | rebalance_needed=False | last_rebalance=2026-05-23
2026-05-24 07:47:08,494 [INFO] phase6.runner: [CYCLE 531] 2026-05-24T07:47:08 | rebalance_needed=False | last_rebalance=2026-05-23
2026-05-24 07:52:08,495 [INFO] phase6.runner: [CYCLE 532] 2026-05-24T07:52:08 | rebalance_needed=False | last_rebalance=2026-05-23
2026-05-24 07:57:08,495 [INFO] phase6.runner: [CYCLE 533] 2026-05-24T07:57:08 | rebalance_needed=False | last_rebalance=2026-05-23
2026-05-24 08:02:08,495 [INFO] phase6.runner: [CYCLE 534] 2026-05-24T08:02:08 | rebalance_needed=False | last_rebalance=2026-05-23
2026-05-24 08:07:08,496 [INFO] phase6.runner: [CYCLE 535] 2026-05-24T08:07:08 | rebalance_needed=False | last_rebalance=2026-05-23
2026-05-24 08:12:08,496 [INFO] phase6.runner: [CYCLE 536] 2026-05-24T08:12:08 | rebalance_needed=False | last_rebalance=2026-05-23
2026-05-24 08:17:08,496 [INFO] phase6.runner: [CYCLE 537] 2026-05-24T08:17:08 | rebalance_needed=False | last_rebalance=2026-05-23
2026-05-24 08:22:08,497 [INFO] phase6.runner: [CYCLE 538] 2026-05-24T08:22:08 | rebalance_needed=False | last_rebalance=2026-05-23
2026-05-24 08:27:08,497 [INFO] phase6.runner: [CYCLE 539] 2026-05-24T08:27:08 | rebalance_needed=False | last_rebalance=2026-05-23
2026-05-24 08:32:08,498 [INFO] phase6.runner: [CYCLE 540] 2026-05-24T08:32:08 | rebalance_needed=False | last_rebalance=2026-05-23
2026-05-24 08:37:08,498 [INFO] phase6.runner: [CYCLE 541] 2026-05-24T08:37:08 | rebalance_needed=False | last_rebalance=2026-05-23
2026-05-24 08:42:08,498 [INFO] phase6.runner: [CYCLE 542] 2026-05-24T08:42:08 | rebalance_needed=False | last_rebalance=2026-05-23
2026-05-24 08:47:08,499 [INFO] phase6.runner: [CYCLE 543] 2026-05-24T08:47:08 | rebalance_needed=False | last_rebalance=2026-05-23
2026-05-24 08:52:08,499 [INFO] phase6.runner: [CYCLE 544] 2026-05-24T08:52:08 | rebalance_needed=False | last_rebalance=2026-05-23
2026-05-24 08:57:08,499 [INFO] phase6.runner: [CYCLE 545] 2026-05-24T08:57:08 | rebalance_needed=False | last_rebalance=2026-05-23
2026-05-24 09:02:08,500 [INFO] phase6.runner: [CYCLE 546] 2026-05-24T09:02:08 | rebalance_needed=True | last_rebalance=2026-05-23
2026-05-24 09:02:08,500 [INFO] phase6.runner: === Daily Rebalance ===
2026-05-24 09:02:08,809 [INFO] phase6.runner: Daily Rebalance: cash=$249.59 | target_weights={'BTC-USD': 0.2, 'ETH-USD': 0.2, 'SOL-USD': 0.2, 'XRP-USD': 0.2, 'DOGE-USD': 0.2}
2026-05-24 09:02:08,809 [INFO] phase6.runner: Daily rebalance completed. Executed=0, Skipped=0
2026-05-24 09:02:09,463 [INFO] phase6.runner: Telegram digest sent successfully
2026-05-24 09:07:09,465 [INFO] phase6.runner: [CYCLE 547] 2026-05-24T09:07:09 | rebalance_needed=False | last_rebalance=2026-05-24
2026-05-24 09:12:09,466 [INFO] phase6.runner: [CYCLE 548] 2026-05-24T09:12:09 | rebalance_needed=False | last_rebalance=2026-05-24
2026-05-24 09:17:09,467 [INFO] phase6.runner: [CYCLE 549] 2026-05-24T09:17:09 | rebalance_needed=False | last_rebalance=2026-05-24
2026-05-24 09:22:09,467 [INFO] phase6.runner: [CYCLE 550] 2026-05-24T09:22:09 | rebalance_needed=False | last_rebalance=2026-05-24
2026-05-24 09:27:09,467 [INFO] phase6.runner: [CYCLE 551] 2026-05-24T09:27:09 | rebalance_needed=False | last_rebalance=2026-05-24
2026-05-24 09:32:09,468 [INFO] phase6.runner: [CYCLE 552] 2026-05-24T09:32:09 | rebalance_needed=False | last_rebalance=2026-05-24
2026-05-24 09:37:09,468 [INFO] phase6.runner: [CYCLE 553] 2026-05-24T09:37:09 | rebalance_needed=False | last_rebalance=2026-05-24
2026-05-24 09:42:09,468 [INFO] phase6.runner: [CYCLE 554] 2026-05-24T09:42:09 | rebalance_needed=False | last_rebalance=2026-05-24
2026-05-24 09:47:09,469 [INFO] phase6.runner: [CYCLE 555] 2026-05-24T09:47:09 | rebalance_needed=False | last_rebalance=2026-05-24
2026-05-24 09:52:09,469 [INFO] phase6.runner: [CYCLE 556] 2026-05-24T09:52:09 | rebalance_needed=False | last_rebalance=2026-05-24
2026-05-24 09:57:09,469 [INFO] phase6.runner: [CYCLE 557] 2026-05-24T09:57:09 | rebalance_needed=False | last_rebalance=2026-05-24
2026-05-24 10:02:09,470 [INFO] phase6.runner: [CYCLE 558] 2026-05-24T10:02:09 | rebalance_needed=False | last_rebalance=2026-05-24
2026-05-24 10:07:09,470 [INFO] phase6.runner: [CYCLE 559] 2026-05-24T10:07:09 | rebalance_needed=False | last_rebalance=2026-05-24
2026-05-24 10:12:09,471 [INFO] phase6.runner: [CYCLE 560] 2026-05-24T10:12:09 | rebalance_needed=False | last_rebalance=2026-05-24
2026-05-24 10:17:09,471 [INFO] phase6.runner: [CYCLE 561] 2026-05-24T10:17:09 | rebalance_needed=False | last_rebalance=2026-05-24
2026-05-24 10:22:09,471 [INFO] phase6.runner: [CYCLE 562] 2026-05-24T10:22:09 | rebalance_needed=False | last_rebalance=2026-05-24
2026-05-24 10:27:09,471 [INFO] phase6.runner: [CYCLE 563] 2026-05-24T10:27:09 | rebalance_needed=False | last_rebalance=2026-05-24
2026-05-24 10:32:09,472 [INFO] phase6.runner: [CYCLE 564] 2026-05-24T10:32:09 | rebalance_needed=False | last_rebalance=2026-05-24
2026-05-24 10:37:09,472 [INFO] phase6.runner: [CYCLE 565] 2026-05-24T10:37:09 | rebalance_needed=False | last_rebalance=2026-05-24
2026-05-24 10:42:09,472 [INFO] phase6.runner: [CYCLE 566] 2026-05-24T10:42:09 | rebalance_needed=False | last_rebalance=2026-05-24
2026-05-24 10:47:09,473 [INFO] phase6.runner: [CYCLE 567] 2026-05-24T10:47:09 | rebalance_needed=False | last_rebalance=2026-05-24
2026-05-24 10:52:09,473 [INFO] phase6.runner: [CYCLE 568] 2026-05-24T10:52:09 | rebalance_needed=False | last_rebalance=2026-05-24
2026-05-24 10:57:09,473 [INFO] phase6.runner: [CYCLE 569] 2026-05-24T10:57:09 | rebalance_needed=False | last_rebalance=2026-05-24
2026-05-24 11:02:09,474 [INFO] phase6.runner: [CYCLE 570] 2026-05-24T11:02:09 | rebalance_needed=False | last_rebalance=2026-05-24
2026-05-24 11:07:09,474 [INFO] phase6.runner: [CYCLE 571] 2026-05-24T11:07:09 | rebalance_needed=False | last_rebalance=2026-05-24
2026-05-24 11:12:09,475 [INFO] phase6.runner: [CYCLE 572] 2026-05-24T11:12:09 | rebalance_needed=False | last_rebalance=2026-05-24
2026-05-24 11:17:09,475 [INFO] phase6.runner: [CYCLE 573] 2026-05-24T11:17:09 | rebalance_needed=False | last_rebalance=2026-05-24
2026-05-24 11:22:09,475 [INFO] phase6.runner: [CYCLE 574] 2026-05-24T11:22:09 | rebalance_needed=False | last_rebalance=2026-05-24
2026-05-24 11:27:09,476 [INFO] phase6.runner: [CYCLE 575] 2026-05-24T11:27:09 | rebalance_needed=False | last_rebalance=2026-05-24
2026-05-24 11:32:09,476 [INFO] phase6.runner: [CYCLE 576] 2026-05-24T11:32:09 | rebalance_needed=False | last_rebalance=2026-05-24
2026-05-24 11:37:09,477 [INFO] phase6.runner: [CYCLE 577] 2026-05-24T11:37:09 | rebalance_needed=False | last_rebalance=2026-05-24
2026-05-24 11:42:09,477 [INFO] phase6.runner: [CYCLE 578] 2026-05-24T11:42:09 | rebalance_needed=False | last_rebalance=2026-05-24
2026-05-24 11:47:09,477 [INFO] phase6.runner: [CYCLE 579] 2026-05-24T11:47:09 | rebalance_needed=False | last_rebalance=2026-05-24
2026-05-24 11:52:09,478 [INFO] phase6.runner: [CYCLE 580] 2026-05-24T11:52:09 | rebalance_needed=False | last_rebalance=2026-05-24
2026-05-24 11:57:09,478 [INFO] phase6.runner: [CYCLE 581] 2026-05-24T11:57:09 | rebalance_needed=False | last_rebalance=2026-05-24
2026-05-24 12:02:09,478 [INFO] phase6.runner: [CYCLE 582] 2026-05-24T12:02:09 | rebalance_needed=False | last_rebalance=2026-05-24
2026-05-24 12:07:09,479 [INFO] phase6.runner: [CYCLE 583] 2026-05-24T12:07:09 | rebalance_needed=False | last_rebalance=2026-05-24
2026-05-24 12:12:09,479 [INFO] phase6.runner: [CYCLE 584] 2026-05-24T12:12:09 | rebalance_needed=False | last_rebalance=2026-05-24
2026-05-24 12:17:09,479 [INFO] phase6.runner: [CYCLE 585] 2026-05-24T12:17:09 | rebalance_needed=False | last_rebalance=2026-05-24
2026-05-24 12:22:09,480 [INFO] phase6.runner: [CYCLE 586] 2026-05-24T12:22:09 | rebalance_needed=False | last_rebalance=2026-05-24
2026-05-24 12:27:09,480 [INFO] phase6.runner: [CYCLE 587] 2026-05-24T12:27:09 | rebalance_needed=False | last_rebalance=2026-05-24
2026-05-24 12:32:09,480 [INFO] phase6.runner: [CYCLE 588] 2026-05-24T12:32:09 | rebalance_needed=False | last_rebalance=2026-05-24
2026-05-24 12:37:09,481 [INFO] phase6.runner: [CYCLE 589] 2026-05-24T12:37:09 | rebalance_needed=False | last_rebalance=2026-05-24
2026-05-24 12:42:09,481 [INFO] phase6.runner: [CYCLE 590] 2026-05-24T12:42:09 | rebalance_needed=False | last_rebalance=2026-05-24
2026-05-24 12:47:09,481 [INFO] phase6.runner: [CYCLE 591] 2026-05-24T12:47:09 | rebalance_needed=False | last_rebalance=2026-05-24
2026-05-24 12:52:09,482 [INFO] phase6.runner: [CYCLE 592] 2026-05-24T12:52:09 | rebalance_needed=False | last_rebalance=2026-05-24
2026-05-24 12:57:09,482 [INFO] phase6.runner: [CYCLE 593] 2026-05-24T12:57:09 | rebalance_needed=False | last_rebalance=2026-05-24
2026-05-24 13:02:09,482 [INFO] phase6.runner: [CYCLE 594] 2026-05-24T13:02:09 | rebalance_needed=False | last_rebalance=2026-05-24
2026-05-24 13:07:09,483 [INFO] phase6.runner: [CYCLE 595] 2026-05-24T13:07:09 | rebalance_needed=False | last_rebalance=2026-05-24
2026-05-24 13:12:09,483 [INFO] phase6.runner: [CYCLE 596] 2026-05-24T13:12:09 | rebalance_needed=False | last_rebalance=2026-05-24
2026-05-24 13:17:09,484 [INFO] phase6.runner: [CYCLE 597] 2026-05-24T13:17:09 | rebalance_needed=False | last_rebalance=2026-05-24
2026-05-24 13:22:09,484 [INFO] phase6.runner: [CYCLE 598] 2026-05-24T13:22:09 | rebalance_needed=False | last_rebalance=2026-05-24
2026-05-24 13:27:09,484 [INFO] phase6.runner: [CYCLE 599] 2026-05-24T13:27:09 | rebalance_needed=False | last_rebalance=2026-05-24
2026-05-24 13:32:09,485 [INFO] phase6.runner: [CYCLE 600] 2026-05-24T13:32:09 | rebalance_needed=False | last_rebalance=2026-05-24
2026-05-24 13:37:09,485 [INFO] phase6.runner: [CYCLE 601] 2026-05-24T13:37:09 | rebalance_needed=False | last_rebalance=2026-05-24
2026-05-24 13:42:09,485 [INFO] phase6.runner: [CYCLE 602] 2026-05-24T13:42:09 | rebalance_needed=False | last_rebalance=2026-05-24
2026-05-24 13:47:09,486 [INFO] phase6.runner: [CYCLE 603] 2026-05-24T13:47:09 | rebalance_needed=False | last_rebalance=2026-05-24
2026-05-24 13:52:09,486 [INFO] phase6.runner: [CYCLE 604] 2026-05-24T13:52:09 | rebalance_needed=False | last_rebalance=2026-05-24
2026-05-24 13:57:09,486 [INFO] phase6.runner: [CYCLE 605] 2026-05-24T13:57:09 | rebalance_needed=False | last_rebalance=2026-05-24
2026-05-24 14:02:09,487 [INFO] phase6.runner: [CYCLE 606] 2026-05-24T14:02:09 | rebalance_needed=False | last_rebalance=2026-05-24
2026-05-24 14:07:09,487 [INFO] phase6.runner: [CYCLE 607] 2026-05-24T14:07:09 | rebalance_needed=False | last_rebalance=2026-05-24
2026-05-24 14:12:09,487 [INFO] phase6.runner: [CYCLE 608] 2026-05-24T14:12:09 | rebalance_needed=False | last_rebalance=2026-05-24
2026-05-24 14:17:09,488 [INFO] phase6.runner: [CYCLE 609] 2026-05-24T14:17:09 | rebalance_needed=False | last_rebalance=2026-05-24
2026-05-24 14:22:09,488 [INFO] phase6.runner: [CYCLE 610] 2026-05-24T14:22:09 | rebalance_needed=False | last_rebalance=2026-05-24
2026-05-24 14:27:09,488 [INFO] phase6.runner: [CYCLE 611] 2026-05-24T14:27:09 | rebalance_needed=False | last_rebalance=2026-05-24
2026-05-24 14:32:09,489 [INFO] phase6.runner: [CYCLE 612] 2026-05-24T14:32:09 | rebalance_needed=False | last_rebalance=2026-05-24
2026-05-24 14:37:09,489 [INFO] phase6.runner: [CYCLE 613] 2026-05-24T14:37:09 | rebalance_needed=False | last_rebalance=2026-05-24
2026-05-24 14:42:09,489 [INFO] phase6.runner: [CYCLE 614] 2026-05-24T14:42:09 | rebalance_needed=False | last_rebalance=2026-05-24
2026-05-24 14:47:09,490 [INFO] phase6.runner: [CYCLE 615] 2026-05-24T14:47:09 | rebalance_needed=False | last_rebalance=2026-05-24
2026-05-24 14:52:09,490 [INFO] phase6.runner: [CYCLE 616] 2026-05-24T14:52:09 | rebalance_needed=False | last_rebalance=2026-05-24
2026-05-24 14:57:09,490 [INFO] phase6.runner: [CYCLE 617] 2026-05-24T14:57:09 | rebalance_needed=False | last_rebalance=2026-05-24
2026-05-24 15:02:09,491 [INFO] phase6.runner: [CYCLE 618] 2026-05-24T15:02:09 | rebalance_needed=False | last_rebalance=2026-05-24
2026-05-24 15:07:09,491 [INFO] phase6.runner: [CYCLE 619] 2026-05-24T15:07:09 | rebalance_needed=False | last_rebalance=2026-05-24
2026-05-24 15:12:09,491 [INFO] phase6.runner: [CYCLE 620] 2026-05-24T15:12:09 | rebalance_needed=False | last_rebalance=2026-05-24
2026-05-24 15:17:09,492 [INFO] phase6.runner: [CYCLE 621] 2026-05-24T15:17:09 | rebalance_needed=False | last_rebalance=2026-05-24
2026-05-24 15:22:09,492 [INFO] phase6.runner: [CYCLE 622] 2026-05-24T15:22:09 | rebalance_needed=False | last_rebalance=2026-05-24
2026-05-24 15:27:09,493 [INFO] phase6.runner: [CYCLE 623] 2026-05-24T15:27:09 | rebalance_needed=False | last_rebalance=2026-05-24
2026-05-24 15:32:09,493 [INFO] phase6.runner: [CYCLE 624] 2026-05-24T15:32:09 | rebalance_needed=False | last_rebalance=2026-05-24
2026-05-24 15:37:09,493 [INFO] phase6.runner: [CYCLE 625] 2026-05-24T15:37:09 | rebalance_needed=False | last_rebalance=2026-05-24
2026-05-24 15:42:09,494 [INFO] phase6.runner: [CYCLE 626] 2026-05-24T15:42:09 | rebalance_needed=False | last_rebalance=2026-05-24
2026-05-24 15:47:09,494 [INFO] phase6.runner: [CYCLE 627] 2026-05-24T15:47:09 | rebalance_needed=False | last_rebalance=2026-05-24
2026-05-24 15:52:09,494 [INFO] phase6.runner: [CYCLE 628] 2026-05-24T15:52:09 | rebalance_needed=False | last_rebalance=2026-05-24
2026-05-24 15:57:09,495 [INFO] phase6.runner: [CYCLE 629] 2026-05-24T15:57:09 | rebalance_needed=False | last_rebalance=2026-05-24
2026-05-24 16:02:09,495 [INFO] phase6.runner: [CYCLE 630] 2026-05-24T16:02:09 | rebalance_needed=False | last_rebalance=2026-05-24
2026-05-24 16:07:09,495 [INFO] phase6.runner: [CYCLE 631] 2026-05-24T16:07:09 | rebalance_needed=False | last_rebalance=2026-05-24
2026-05-24 16:12:09,496 [INFO] phase6.runner: [CYCLE 632] 2026-05-24T16:12:09 | rebalance_needed=False | last_rebalance=2026-05-24
2026-05-24 16:17:09,496 [INFO] phase6.runner: [CYCLE 633] 2026-05-24T16:17:09 | rebalance_needed=False | last_rebalance=2026-05-24
2026-05-24 16:22:09,496 [INFO] phase6.runner: [CYCLE 634] 2026-05-24T16:22:09 | rebalance_needed=False | last_rebalance=2026-05-24
2026-05-24 16:27:09,497 [INFO] phase6.runner: [CYCLE 635] 2026-05-24T16:27:09 | rebalance_needed=False | last_rebalance=2026-05-24
2026-05-24 16:32:09,497 [INFO] phase6.runner: [CYCLE 636] 2026-05-24T16:32:09 | rebalance_needed=False | last_rebalance=2026-05-24
2026-05-24 16:37:09,497 [INFO] phase6.runner: [CYCLE 637] 2026-05-24T16:37:09 | rebalance_needed=False | last_rebalance=2026-05-24
2026-05-24 16:42:09,498 [INFO] phase6.runner: [CYCLE 638] 2026-05-24T16:42:09 | rebalance_needed=False | last_rebalance=2026-05-24
2026-05-24 16:47:09,498 [INFO] phase6.runner: [CYCLE 639] 2026-05-24T16:47:09 | rebalance_needed=False | last_rebalance=2026-05-24
2026-05-24 16:52:09,498 [INFO] phase6.runner: [CYCLE 640] 2026-05-24T16:52:09 | rebalance_needed=False | last_rebalance=2026-05-24
2026-05-24 16:57:09,499 [INFO] phase6.runner: [CYCLE 641] 2026-05-24T16:57:09 | rebalance_needed=False | last_rebalance=2026-05-24
2026-05-24 17:02:09,499 [INFO] phase6.runner: [CYCLE 642] 2026-05-24T17:02:09 | rebalance_needed=False | last_rebalance=2026-05-24
2026-05-24 17:07:09,500 [INFO] phase6.runner: [CYCLE 643] 2026-05-24T17:07:09 | rebalance_needed=False | last_rebalance=2026-05-24
2026-05-24 17:12:09,500 [INFO] phase6.runner: [CYCLE 644] 2026-05-24T17:12:09 | rebalance_needed=False | last_rebalance=2026-05-24
2026-05-24 17:17:09,500 [INFO] phase6.runner: [CYCLE 645] 2026-05-24T17:17:09 | rebalance_needed=False | last_rebalance=2026-05-24
2026-05-24 17:22:09,501 [INFO] phase6.runner: [CYCLE 646] 2026-05-24T17:22:09 | rebalance_needed=False | last_rebalance=2026-05-24
2026-05-24 17:27:09,501 [INFO] phase6.runner: [CYCLE 647] 2026-05-24T17:27:09 | rebalance_needed=False | last_rebalance=2026-05-24
2026-05-24 17:32:09,501 [INFO] phase6.runner: [CYCLE 648] 2026-05-24T17:32:09 | rebalance_needed=False | last_rebalance=2026-05-24
2026-05-24 17:37:09,502 [INFO] phase6.runner: [CYCLE 649] 2026-05-24T17:37:09 | rebalance_needed=False | last_rebalance=2026-05-24
2026-05-24 17:42:09,502 [INFO] phase6.runner: [CYCLE 650] 2026-05-24T17:42:09 | rebalance_needed=False | last_rebalance=2026-05-24
2026-05-24 17:47:09,502 [INFO] phase6.runner: [CYCLE 651] 2026-05-24T17:47:09 | rebalance_needed=False | last_rebalance=2026-05-24
2026-05-24 17:52:09,503 [INFO] phase6.runner: [CYCLE 652] 2026-05-24T17:52:09 | rebalance_needed=False | last_rebalance=2026-05-24
2026-05-24 17:57:09,503 [INFO] phase6.runner: [CYCLE 653] 2026-05-24T17:57:09 | rebalance_needed=False | last_rebalance=2026-05-24
2026-05-24 18:02:09,503 [INFO] phase6.runner: [CYCLE 654] 2026-05-24T18:02:09 | rebalance_needed=False | last_rebalance=2026-05-24
2026-05-24 18:07:09,504 [INFO] phase6.runner: [CYCLE 655] 2026-05-24T18:07:09 | rebalance_needed=False | last_rebalance=2026-05-24
2026-05-24 18:12:09,504 [INFO] phase6.runner: [CYCLE 656] 2026-05-24T18:12:09 | rebalance_needed=False | last_rebalance=2026-05-24
2026-05-24 18:17:09,504 [INFO] phase6.runner: [CYCLE 657] 2026-05-24T18:17:09 | rebalance_needed=False | last_rebalance=2026-05-24
2026-05-24 18:22:09,505 [INFO] phase6.runner: [CYCLE 658] 2026-05-24T18:22:09 | rebalance_needed=False | last_rebalance=2026-05-24
2026-05-24 18:27:09,505 [INFO] phase6.runner: [CYCLE 659] 2026-05-24T18:27:09 | rebalance_needed=False | last_rebalance=2026-05-24
2026-05-24 18:32:09,505 [INFO] phase6.runner: [CYCLE 660] 2026-05-24T18:32:09 | rebalance_needed=False | last_rebalance=2026-05-24
2026-05-24 18:37:09,506 [INFO] phase6.runner: [CYCLE 661] 2026-05-24T18:37:09 | rebalance_needed=False | last_rebalance=2026-05-24
2026-05-24 18:42:09,506 [INFO] phase6.runner: [CYCLE 662] 2026-05-24T18:42:09 | rebalance_needed=False | last_rebalance=2026-05-24
2026-05-24 18:47:09,507 [INFO] phase6.runner: [CYCLE 663] 2026-05-24T18:47:09 | rebalance_needed=False | last_rebalance=2026-05-24
2026-05-24 18:52:09,507 [INFO] phase6.runner: [CYCLE 664] 2026-05-24T18:52:09 | rebalance_needed=False | last_rebalance=2026-05-24
2026-05-24 18:57:09,507 [INFO] phase6.runner: [CYCLE 665] 2026-05-24T18:57:09 | rebalance_needed=False | last_rebalance=2026-05-24
2026-05-24 19:02:09,508 [INFO] phase6.runner: [CYCLE 666] 2026-05-24T19:02:09 | rebalance_needed=False | last_rebalance=2026-05-24
2026-05-24 19:07:09,508 [INFO] phase6.runner: [CYCLE 667] 2026-05-24T19:07:09 | rebalance_needed=False | last_rebalance=2026-05-24
2026-05-24 19:12:09,508 [INFO] phase6.runner: [CYCLE 668] 2026-05-24T19:12:09 | rebalance_needed=False | last_rebalance=2026-05-24
2026-05-24 19:17:09,509 [INFO] phase6.runner: [CYCLE 669] 2026-05-24T19:17:09 | rebalance_needed=False | last_rebalance=2026-05-24
2026-05-24 19:22:09,510 [INFO] phase6.runner: [CYCLE 670] 2026-05-24T19:22:09 | rebalance_needed=False | last_rebalance=2026-05-24
2026-05-24 19:27:09,510 [INFO] phase6.runner: [CYCLE 671] 2026-05-24T19:27:09 | rebalance_needed=False | last_rebalance=2026-05-24
2026-05-24 19:32:09,511 [INFO] phase6.runner: [CYCLE 672] 2026-05-24T19:32:09 | rebalance_needed=False | last_rebalance=2026-05-24
2026-05-24 19:37:09,511 [INFO] phase6.runner: [CYCLE 673] 2026-05-24T19:37:09 | rebalance_needed=False | last_rebalance=2026-05-24
2026-05-24 19:42:09,511 [INFO] phase6.runner: [CYCLE 674] 2026-05-24T19:42:09 | rebalance_needed=False | last_rebalance=2026-05-24
2026-05-24 19:47:09,512 [INFO] phase6.runner: [CYCLE 675] 2026-05-24T19:47:09 | rebalance_needed=False | last_rebalance=2026-05-24
2026-05-24 19:52:09,512 [INFO] phase6.runner: [CYCLE 676] 2026-05-24T19:52:09 | rebalance_needed=False | last_rebalance=2026-05-24
2026-05-24 19:57:09,512 [INFO] phase6.runner: [CYCLE 677] 2026-05-24T19:57:09 | rebalance_needed=False | last_rebalance=2026-05-24
2026-05-24 20:02:09,513 [INFO] phase6.runner: [CYCLE 678] 2026-05-24T20:02:09 | rebalance_needed=False | last_rebalance=2026-05-24
2026-05-24 20:07:09,513 [INFO] phase6.runner: [CYCLE 679] 2026-05-24T20:07:09 | rebalance_needed=False | last_rebalance=2026-05-24
2026-05-24 20:12:09,513 [INFO] phase6.runner: [CYCLE 680] 2026-05-24T20:12:09 | rebalance_needed=False | last_rebalance=2026-05-24
2026-05-24 20:17:09,514 [INFO] phase6.runner: [CYCLE 681] 2026-05-24T20:17:09 | rebalance_needed=False | last_rebalance=2026-05-24
2026-05-24 20:22:09,514 [INFO] phase6.runner: [CYCLE 682] 2026-05-24T20:22:09 | rebalance_needed=False | last_rebalance=2026-05-24
2026-05-24 20:27:09,515 [INFO] phase6.runner: [CYCLE 683] 2026-05-24T20:27:09 | rebalance_needed=False | last_rebalance=2026-05-24
2026-05-24 20:32:09,515 [INFO] phase6.runner: [CYCLE 684] 2026-05-24T20:32:09 | rebalance_needed=False | last_rebalance=2026-05-24
2026-05-24 20:37:09,516 [INFO] phase6.runner: [CYCLE 685] 2026-05-24T20:37:09 | rebalance_needed=False | last_rebalance=2026-05-24
2026-05-24 20:42:09,516 [INFO] phase6.runner: [CYCLE 686] 2026-05-24T20:42:09 | rebalance_needed=False | last_rebalance=2026-05-24
2026-05-24 20:47:09,516 [INFO] phase6.runner: [CYCLE 687] 2026-05-24T20:47:09 | rebalance_needed=False | last_rebalance=2026-05-24
2026-05-24 20:52:09,517 [INFO] phase6.runner: [CYCLE 688] 2026-05-24T20:52:09 | rebalance_needed=False | last_rebalance=2026-05-24
2026-05-24 20:57:09,517 [INFO] phase6.runner: [CYCLE 689] 2026-05-24T20:57:09 | rebalance_needed=False | last_rebalance=2026-05-24
2026-05-24 21:02:09,518 [INFO] phase6.runner: [CYCLE 690] 2026-05-24T21:02:09 | rebalance_needed=False | last_rebalance=2026-05-24
2026-05-24 21:07:09,518 [INFO] phase6.runner: [CYCLE 691] 2026-05-24T21:07:09 | rebalance_needed=False | last_rebalance=2026-05-24
2026-05-24 21:12:09,518 [INFO] phase6.runner: [CYCLE 692] 2026-05-24T21:12:09 | rebalance_needed=False | last_rebalance=2026-05-24
2026-05-24 21:17:09,519 [INFO] phase6.runner: [CYCLE 693] 2026-05-24T21:17:09 | rebalance_needed=False | last_rebalance=2026-05-24
2026-05-24 21:22:09,519 [INFO] phase6.runner: [CYCLE 694] 2026-05-24T21:22:09 | rebalance_needed=False | last_rebalance=2026-05-24
2026-05-24 21:27:09,519 [INFO] phase6.runner: [CYCLE 695] 2026-05-24T21:27:09 | rebalance_needed=False | last_rebalance=2026-05-24
2026-05-24 21:32:09,520 [INFO] phase6.runner: [CYCLE 696] 2026-05-24T21:32:09 | rebalance_needed=False | last_rebalance=2026-05-24
2026-05-24 21:37:09,520 [INFO] phase6.runner: [CYCLE 697] 2026-05-24T21:37:09 | rebalance_needed=False | last_rebalance=2026-05-24
2026-05-24 21:42:09,520 [INFO] phase6.runner: [CYCLE 698] 2026-05-24T21:42:09 | rebalance_needed=False | last_rebalance=2026-05-24
2026-05-24 21:47:09,521 [INFO] phase6.runner: [CYCLE 699] 2026-05-24T21:47:09 | rebalance_needed=False | last_rebalance=2026-05-24
2026-05-24 21:52:09,521 [INFO] phase6.runner: [CYCLE 700] 2026-05-24T21:52:09 | rebalance_needed=False | last_rebalance=2026-05-24
2026-05-24 21:57:09,521 [INFO] phase6.runner: [CYCLE 701] 2026-05-24T21:57:09 | rebalance_needed=False | last_rebalance=2026-05-24
2026-05-24 22:02:09,522 [INFO] phase6.runner: [CYCLE 702] 2026-05-24T22:02:09 | rebalance_needed=False | last_rebalance=2026-05-24
2026-05-24 22:07:09,522 [INFO] phase6.runner: [CYCLE 703] 2026-05-24T22:07:09 | rebalance_needed=False | last_rebalance=2026-05-24
2026-05-24 22:12:09,522 [INFO] phase6.runner: [CYCLE 704] 2026-05-24T22:12:09 | rebalance_needed=False | last_rebalance=2026-05-24
2026-05-24 22:17:09,523 [INFO] phase6.runner: [CYCLE 705] 2026-05-24T22:17:09 | rebalance_needed=False | last_rebalance=2026-05-24
2026-05-24 22:22:09,523 [INFO] phase6.runner: [CYCLE 706] 2026-05-24T22:22:09 | rebalance_needed=False | last_rebalance=2026-05-24
2026-05-24 22:27:09,523 [INFO] phase6.runner: [CYCLE 707] 2026-05-24T22:27:09 | rebalance_needed=False | last_rebalance=2026-05-24
2026-05-24 22:32:09,524 [INFO] phase6.runner: [CYCLE 708] 2026-05-24T22:32:09 | rebalance_needed=False | last_rebalance=2026-05-24
2026-05-24 22:37:09,524 [INFO] phase6.runner: [CYCLE 709] 2026-05-24T22:37:09 | rebalance_needed=False | last_rebalance=2026-05-24
2026-05-24 22:42:09,524 [INFO] phase6.runner: [CYCLE 710] 2026-05-24T22:42:09 | rebalance_needed=False | last_rebalance=2026-05-24
2026-05-24 22:47:09,525 [INFO] phase6.runner: [CYCLE 711] 2026-05-24T22:47:09 | rebalance_needed=False | last_rebalance=2026-05-24
2026-05-24 22:52:09,525 [INFO] phase6.runner: [CYCLE 712] 2026-05-24T22:52:09 | rebalance_needed=False | last_rebalance=2026-05-24
2026-05-24 22:57:09,525 [INFO] phase6.runner: [CYCLE 713] 2026-05-24T22:57:09 | rebalance_needed=False | last_rebalance=2026-05-24
2026-05-24 23:02:09,526 [INFO] phase6.runner: [CYCLE 714] 2026-05-24T23:02:09 | rebalance_needed=False | last_rebalance=2026-05-24
2026-05-24 23:07:09,526 [INFO] phase6.runner: [CYCLE 715] 2026-05-24T23:07:09 | rebalance_needed=False | last_rebalance=2026-05-24
2026-05-24 23:12:09,526 [INFO] phase6.runner: [CYCLE 716] 2026-05-24T23:12:09 | rebalance_needed=False | last_rebalance=2026-05-24
2026-05-24 23:17:09,527 [INFO] phase6.runner: [CYCLE 717] 2026-05-24T23:17:09 | rebalance_needed=False | last_rebalance=2026-05-24
2026-05-24 23:22:09,527 [INFO] phase6.runner: [CYCLE 718] 2026-05-24T23:22:09 | rebalance_needed=False | last_rebalance=2026-05-24
2026-05-24 23:27:09,527 [INFO] phase6.runner: [CYCLE 719] 2026-05-24T23:27:09 | rebalance_needed=False | last_rebalance=2026-05-24
2026-05-24 23:32:09,528 [INFO] phase6.runner: [CYCLE 720] 2026-05-24T23:32:09 | rebalance_needed=False | last_rebalance=2026-05-24
2026-05-24 23:37:09,528 [INFO] phase6.runner: [CYCLE 721] 2026-05-24T23:37:09 | rebalance_needed=False | last_rebalance=2026-05-24
2026-05-24 23:42:09,528 [INFO] phase6.runner: [CYCLE 722] 2026-05-24T23:42:09 | rebalance_needed=False | last_rebalance=2026-05-24
2026-05-24 23:47:09,529 [INFO] phase6.runner: [CYCLE 723] 2026-05-24T23:47:09 | rebalance_needed=False | last_rebalance=2026-05-24
2026-05-24 23:52:09,529 [INFO] phase6.runner: [CYCLE 724] 2026-05-24T23:52:09 | rebalance_needed=False | last_rebalance=2026-05-24
2026-05-24 23:57:09,530 [INFO] phase6.runner: [CYCLE 725] 2026-05-24T23:57:09 | rebalance_needed=False | last_rebalance=2026-05-24
2026-05-25 00:02:09,530 [INFO] phase6.runner: [CYCLE 726] 2026-05-25T00:02:09 | rebalance_needed=False | last_rebalance=2026-05-24
2026-05-25 00:07:09,530 [INFO] phase6.runner: [CYCLE 727] 2026-05-25T00:07:09 | rebalance_needed=False | last_rebalance=2026-05-24
2026-05-25 00:12:09,531 [INFO] phase6.runner: [CYCLE 728] 2026-05-25T00:12:09 | rebalance_needed=False | last_rebalance=2026-05-24
2026-05-25 00:17:09,531 [INFO] phase6.runner: [CYCLE 729] 2026-05-25T00:17:09 | rebalance_needed=False | last_rebalance=2026-05-24
2026-05-25 00:22:09,531 [INFO] phase6.runner: [CYCLE 730] 2026-05-25T00:22:09 | rebalance_needed=False | last_rebalance=2026-05-24
2026-05-25 00:27:09,532 [INFO] phase6.runner: [CYCLE 731] 2026-05-25T00:27:09 | rebalance_needed=False | last_rebalance=2026-05-24
2026-05-25 00:32:09,532 [INFO] phase6.runner: [CYCLE 732] 2026-05-25T00:32:09 | rebalance_needed=False | last_rebalance=2026-05-24
2026-05-25 00:37:09,532 [INFO] phase6.runner: [CYCLE 733] 2026-05-25T00:37:09 | rebalance_needed=False | last_rebalance=2026-05-24
2026-05-25 00:42:09,532 [INFO] phase6.runner: [CYCLE 734] 2026-05-25T00:42:09 | rebalance_needed=False | last_rebalance=2026-05-24
2026-05-25 00:47:09,533 [INFO] phase6.runner: [CYCLE 735] 2026-05-25T00:47:09 | rebalance_needed=False | last_rebalance=2026-05-24
2026-05-25 00:52:09,533 [INFO] phase6.runner: [CYCLE 736] 2026-05-25T00:52:09 | rebalance_needed=False | last_rebalance=2026-05-24
2026-05-25 00:57:09,533 [INFO] phase6.runner: [CYCLE 737] 2026-05-25T00:57:09 | rebalance_needed=False | last_rebalance=2026-05-24
2026-05-25 01:02:09,534 [INFO] phase6.runner: [CYCLE 738] 2026-05-25T01:02:09 | rebalance_needed=False | last_rebalance=2026-05-24
2026-05-25 01:07:09,534 [INFO] phase6.runner: [CYCLE 739] 2026-05-25T01:07:09 | rebalance_needed=False | last_rebalance=2026-05-24
2026-05-25 01:12:09,535 [INFO] phase6.runner: [CYCLE 740] 2026-05-25T01:12:09 | rebalance_needed=False | last_rebalance=2026-05-24
2026-05-25 01:17:09,535 [INFO] phase6.runner: [CYCLE 741] 2026-05-25T01:17:09 | rebalance_needed=False | last_rebalance=2026-05-24
2026-05-25 01:22:09,535 [INFO] phase6.runner: [CYCLE 742] 2026-05-25T01:22:09 | rebalance_needed=False | last_rebalance=2026-05-24
2026-05-25 01:27:09,535 [INFO] phase6.runner: [CYCLE 743] 2026-05-25T01:27:09 | rebalance_needed=False | last_rebalance=2026-05-24
2026-05-25 01:32:09,536 [INFO] phase6.runner: [CYCLE 744] 2026-05-25T01:32:09 | rebalance_needed=False | last_rebalance=2026-05-24
2026-05-25 01:37:09,536 [INFO] phase6.runner: [CYCLE 745] 2026-05-25T01:37:09 | rebalance_needed=False | last_rebalance=2026-05-24
2026-05-25 01:42:09,536 [INFO] phase6.runner: [CYCLE 746] 2026-05-25T01:42:09 | rebalance_needed=False | last_rebalance=2026-05-24
2026-05-25 01:47:09,537 [INFO] phase6.runner: [CYCLE 747] 2026-05-25T01:47:09 | rebalance_needed=False | last_rebalance=2026-05-24
2026-05-25 01:52:09,537 [INFO] phase6.runner: [CYCLE 748] 2026-05-25T01:52:09 | rebalance_needed=False | last_rebalance=2026-05-24
2026-05-25 01:57:09,537 [INFO] phase6.runner: [CYCLE 749] 2026-05-25T01:57:09 | rebalance_needed=False | last_rebalance=2026-05-24
2026-05-25 02:02:09,538 [INFO] phase6.runner: [CYCLE 750] 2026-05-25T02:02:09 | rebalance_needed=False | last_rebalance=2026-05-24
2026-05-25 02:07:09,538 [INFO] phase6.runner: [CYCLE 751] 2026-05-25T02:07:09 | rebalance_needed=False | last_rebalance=2026-05-24
2026-05-25 02:12:09,538 [INFO] phase6.runner: [CYCLE 752] 2026-05-25T02:12:09 | rebalance_needed=False | last_rebalance=2026-05-24
2026-05-25 02:17:09,539 [INFO] phase6.runner: [CYCLE 753] 2026-05-25T02:17:09 | rebalance_needed=False | last_rebalance=2026-05-24
2026-05-25 02:22:09,539 [INFO] phase6.runner: [CYCLE 754] 2026-05-25T02:22:09 | rebalance_needed=False | last_rebalance=2026-05-24
2026-05-25 02:27:09,540 [INFO] phase6.runner: [CYCLE 755] 2026-05-25T02:27:09 | rebalance_needed=False | last_rebalance=2026-05-24
2026-05-25 02:32:09,540 [INFO] phase6.runner: [CYCLE 756] 2026-05-25T02:32:09 | rebalance_needed=False | last_rebalance=2026-05-24
2026-05-25 02:37:09,540 [INFO] phase6.runner: [CYCLE 757] 2026-05-25T02:37:09 | rebalance_needed=False | last_rebalance=2026-05-24
2026-05-25 02:42:09,541 [INFO] phase6.runner: [CYCLE 758] 2026-05-25T02:42:09 | rebalance_needed=False | last_rebalance=2026-05-24
2026-05-25 02:47:09,541 [INFO] phase6.runner: [CYCLE 759] 2026-05-25T02:47:09 | rebalance_needed=False | last_rebalance=2026-05-24
2026-05-25 02:52:09,541 [INFO] phase6.runner: [CYCLE 760] 2026-05-25T02:52:09 | rebalance_needed=False | last_rebalance=2026-05-24
2026-05-25 02:57:09,542 [INFO] phase6.runner: [CYCLE 761] 2026-05-25T02:57:09 | rebalance_needed=False | last_rebalance=2026-05-24
2026-05-25 03:02:09,542 [INFO] phase6.runner: [CYCLE 762] 2026-05-25T03:02:09 | rebalance_needed=False | last_rebalance=2026-05-24
2026-05-25 03:07:09,542 [INFO] phase6.runner: [CYCLE 763] 2026-05-25T03:07:09 | rebalance_needed=False | last_rebalance=2026-05-24
2026-05-25 03:12:09,543 [INFO] phase6.runner: [CYCLE 764] 2026-05-25T03:12:09 | rebalance_needed=False | last_rebalance=2026-05-24
2026-05-25 03:17:09,543 [INFO] phase6.runner: [CYCLE 765] 2026-05-25T03:17:09 | rebalance_needed=False | last_rebalance=2026-05-24
2026-05-25 03:22:09,543 [INFO] phase6.runner: [CYCLE 766] 2026-05-25T03:22:09 | rebalance_needed=False | last_rebalance=2026-05-24
2026-05-25 03:27:09,544 [INFO] phase6.runner: [CYCLE 767] 2026-05-25T03:27:09 | rebalance_needed=False | last_rebalance=2026-05-24
2026-05-25 03:32:09,544 [INFO] phase6.runner: [CYCLE 768] 2026-05-25T03:32:09 | rebalance_needed=False | last_rebalance=2026-05-24
2026-05-25 03:37:09,544 [INFO] phase6.runner: [CYCLE 769] 2026-05-25T03:37:09 | rebalance_needed=False | last_rebalance=2026-05-24
2026-05-25 03:42:09,545 [INFO] phase6.runner: [CYCLE 770] 2026-05-25T03:42:09 | rebalance_needed=False | last_rebalance=2026-05-24
2026-05-25 03:47:09,545 [INFO] phase6.runner: [CYCLE 771] 2026-05-25T03:47:09 | rebalance_needed=False | last_rebalance=2026-05-24
2026-05-25 03:52:09,545 [INFO] phase6.runner: [CYCLE 772] 2026-05-25T03:52:09 | rebalance_needed=False | last_rebalance=2026-05-24
2026-05-25 03:57:09,546 [INFO] phase6.runner: [CYCLE 773] 2026-05-25T03:57:09 | rebalance_needed=False | last_rebalance=2026-05-24
2026-05-25 04:02:09,546 [INFO] phase6.runner: [CYCLE 774] 2026-05-25T04:02:09 | rebalance_needed=False | last_rebalance=2026-05-24
2026-05-25 04:07:09,546 [INFO] phase6.runner: [CYCLE 775] 2026-05-25T04:07:09 | rebalance_needed=False | last_rebalance=2026-05-24
2026-05-25 04:12:09,547 [INFO] phase6.runner: [CYCLE 776] 2026-05-25T04:12:09 | rebalance_needed=False | last_rebalance=2026-05-24
2026-05-25 04:17:09,547 [INFO] phase6.runner: [CYCLE 777] 2026-05-25T04:17:09 | rebalance_needed=False | last_rebalance=2026-05-24
2026-05-25 04:22:09,547 [INFO] phase6.runner: [CYCLE 778] 2026-05-25T04:22:09 | rebalance_needed=False | last_rebalance=2026-05-24
2026-05-25 04:27:09,548 [INFO] phase6.runner: [CYCLE 779] 2026-05-25T04:27:09 | rebalance_needed=False | last_rebalance=2026-05-24
2026-05-25 04:32:09,548 [INFO] phase6.runner: [CYCLE 780] 2026-05-25T04:32:09 | rebalance_needed=False | last_rebalance=2026-05-24
2026-05-25 04:37:09,548 [INFO] phase6.runner: [CYCLE 781] 2026-05-25T04:37:09 | rebalance_needed=False | last_rebalance=2026-05-24
2026-05-25 04:42:09,549 [INFO] phase6.runner: [CYCLE 782] 2026-05-25T04:42:09 | rebalance_needed=False | last_rebalance=2026-05-24
2026-05-25 04:47:09,549 [INFO] phase6.runner: [CYCLE 783] 2026-05-25T04:47:09 | rebalance_needed=False | last_rebalance=2026-05-24
2026-05-25 04:52:09,550 [INFO] phase6.runner: [CYCLE 784] 2026-05-25T04:52:09 | rebalance_needed=False | last_rebalance=2026-05-24
2026-05-25 04:57:09,550 [INFO] phase6.runner: [CYCLE 785] 2026-05-25T04:57:09 | rebalance_needed=False | last_rebalance=2026-05-24
2026-05-25 05:02:09,550 [INFO] phase6.runner: [CYCLE 786] 2026-05-25T05:02:09 | rebalance_needed=False | last_rebalance=2026-05-24
2026-05-25 05:07:09,551 [INFO] phase6.runner: [CYCLE 787] 2026-05-25T05:07:09 | rebalance_needed=False | last_rebalance=2026-05-24
2026-05-25 05:12:09,551 [INFO] phase6.runner: [CYCLE 788] 2026-05-25T05:12:09 | rebalance_needed=False | last_rebalance=2026-05-24
2026-05-25 05:17:09,552 [INFO] phase6.runner: [CYCLE 789] 2026-05-25T05:17:09 | rebalance_needed=False | last_rebalance=2026-05-24
2026-05-25 05:22:09,552 [INFO] phase6.runner: [CYCLE 790] 2026-05-25T05:22:09 | rebalance_needed=False | last_rebalance=2026-05-24
2026-05-25 05:27:09,552 [INFO] phase6.runner: [CYCLE 791] 2026-05-25T05:27:09 | rebalance_needed=False | last_rebalance=2026-05-24
2026-05-25 05:32:09,552 [INFO] phase6.runner: [CYCLE 792] 2026-05-25T05:32:09 | rebalance_needed=False | last_rebalance=2026-05-24
2026-05-25 05:37:09,553 [INFO] phase6.runner: [CYCLE 793] 2026-05-25T05:37:09 | rebalance_needed=False | last_rebalance=2026-05-24
2026-05-25 05:42:09,553 [INFO] phase6.runner: [CYCLE 794] 2026-05-25T05:42:09 | rebalance_needed=False | last_rebalance=2026-05-24
2026-05-25 05:47:09,553 [INFO] phase6.runner: [CYCLE 795] 2026-05-25T05:47:09 | rebalance_needed=False | last_rebalance=2026-05-24
2026-05-25 05:52:09,554 [INFO] phase6.runner: [CYCLE 796] 2026-05-25T05:52:09 | rebalance_needed=False | last_rebalance=2026-05-24
2026-05-25 05:57:09,554 [INFO] phase6.runner: [CYCLE 797] 2026-05-25T05:57:09 | rebalance_needed=False | last_rebalance=2026-05-24
2026-05-25 06:02:09,554 [INFO] phase6.runner: [CYCLE 798] 2026-05-25T06:02:09 | rebalance_needed=False | last_rebalance=2026-05-24
2026-05-25 06:07:09,555 [INFO] phase6.runner: [CYCLE 799] 2026-05-25T06:07:09 | rebalance_needed=False | last_rebalance=2026-05-24
2026-05-25 06:12:09,555 [INFO] phase6.runner: [CYCLE 800] 2026-05-25T06:12:09 | rebalance_needed=False | last_rebalance=2026-05-24
2026-05-25 06:17:09,555 [INFO] phase6.runner: [CYCLE 801] 2026-05-25T06:17:09 | rebalance_needed=False | last_rebalance=2026-05-24
2026-05-25 06:22:09,556 [INFO] phase6.runner: [CYCLE 802] 2026-05-25T06:22:09 | rebalance_needed=False | last_rebalance=2026-05-24
2026-05-25 06:27:09,556 [INFO] phase6.runner: [CYCLE 803] 2026-05-25T06:27:09 | rebalance_needed=False | last_rebalance=2026-05-24
2026-05-25 06:32:09,556 [INFO] phase6.runner: [CYCLE 804] 2026-05-25T06:32:09 | rebalance_needed=False | last_rebalance=2026-05-24
2026-05-25 06:37:09,557 [INFO] phase6.runner: [CYCLE 805] 2026-05-25T06:37:09 | rebalance_needed=False | last_rebalance=2026-05-24
2026-05-25 06:42:09,557 [INFO] phase6.runner: [CYCLE 806] 2026-05-25T06:42:09 | rebalance_needed=False | last_rebalance=2026-05-24
2026-05-25 06:47:09,558 [INFO] phase6.runner: [CYCLE 807] 2026-05-25T06:47:09 | rebalance_needed=False | last_rebalance=2026-05-24
2026-05-25 06:52:09,558 [INFO] phase6.runner: [CYCLE 808] 2026-05-25T06:52:09 | rebalance_needed=False | last_rebalance=2026-05-24
2026-05-25 06:57:09,558 [INFO] phase6.runner: [CYCLE 809] 2026-05-25T06:57:09 | rebalance_needed=False | last_rebalance=2026-05-24
2026-05-25 07:02:09,559 [INFO] phase6.runner: [CYCLE 810] 2026-05-25T07:02:09 | rebalance_needed=False | last_rebalance=2026-05-24
2026-05-25 07:07:09,559 [INFO] phase6.runner: [CYCLE 811] 2026-05-25T07:07:09 | rebalance_needed=False | last_rebalance=2026-05-24
2026-05-25 07:12:09,559 [INFO] phase6.runner: [CYCLE 812] 2026-05-25T07:12:09 | rebalance_needed=False | last_rebalance=2026-05-24
2026-05-25 07:17:09,560 [INFO] phase6.runner: [CYCLE 813] 2026-05-25T07:17:09 | rebalance_needed=False | last_rebalance=2026-05-24
2026-05-25 07:22:09,560 [INFO] phase6.runner: [CYCLE 814] 2026-05-25T07:22:09 | rebalance_needed=False | last_rebalance=2026-05-24
2026-05-25 07:27:09,560 [INFO] phase6.runner: [CYCLE 815] 2026-05-25T07:27:09 | rebalance_needed=False | last_rebalance=2026-05-24
2026-05-25 07:32:09,561 [INFO] phase6.runner: [CYCLE 816] 2026-05-25T07:32:09 | rebalance_needed=False | last_rebalance=2026-05-24
2026-05-25 07:37:09,561 [INFO] phase6.runner: [CYCLE 817] 2026-05-25T07:37:09 | rebalance_needed=False | last_rebalance=2026-05-24
2026-05-25 07:42:09,561 [INFO] phase6.runner: [CYCLE 818] 2026-05-25T07:42:09 | rebalance_needed=False | last_rebalance=2026-05-24
2026-05-25 07:47:09,562 [INFO] phase6.runner: [CYCLE 819] 2026-05-25T07:47:09 | rebalance_needed=False | last_rebalance=2026-05-24
2026-05-25 07:52:09,562 [INFO] phase6.runner: [CYCLE 820] 2026-05-25T07:52:09 | rebalance_needed=False | last_rebalance=2026-05-24
2026-05-25 07:57:09,562 [INFO] phase6.runner: [CYCLE 821] 2026-05-25T07:57:09 | rebalance_needed=False | last_rebalance=2026-05-24
2026-05-25 08:02:09,563 [INFO] phase6.runner: [CYCLE 822] 2026-05-25T08:02:09 | rebalance_needed=False | last_rebalance=2026-05-24
2026-05-25 08:07:09,563 [INFO] phase6.runner: [CYCLE 823] 2026-05-25T08:07:09 | rebalance_needed=False | last_rebalance=2026-05-24
2026-05-25 08:12:09,563 [INFO] phase6.runner: [CYCLE 824] 2026-05-25T08:12:09 | rebalance_needed=False | last_rebalance=2026-05-24
2026-05-25 08:17:09,564 [INFO] phase6.runner: [CYCLE 825] 2026-05-25T08:17:09 | rebalance_needed=False | last_rebalance=2026-05-24
2026-05-25 08:22:09,564 [INFO] phase6.runner: [CYCLE 826] 2026-05-25T08:22:09 | rebalance_needed=False | last_rebalance=2026-05-24
2026-05-25 08:27:09,564 [INFO] phase6.runner: [CYCLE 827] 2026-05-25T08:27:09 | rebalance_needed=False | last_rebalance=2026-05-24
2026-05-25 08:32:09,565 [INFO] phase6.runner: [CYCLE 828] 2026-05-25T08:32:09 | rebalance_needed=False | last_rebalance=2026-05-24
2026-05-25 08:37:09,565 [INFO] phase6.runner: [CYCLE 829] 2026-05-25T08:37:09 | rebalance_needed=False | last_rebalance=2026-05-24
2026-05-25 08:42:09,565 [INFO] phase6.runner: [CYCLE 830] 2026-05-25T08:42:09 | rebalance_needed=False | last_rebalance=2026-05-24
2026-05-25 08:47:09,566 [INFO] phase6.runner: [CYCLE 831] 2026-05-25T08:47:09 | rebalance_needed=False | last_rebalance=2026-05-24
2026-05-25 08:52:09,566 [INFO] phase6.runner: [CYCLE 832] 2026-05-25T08:52:09 | rebalance_needed=False | last_rebalance=2026-05-24
2026-05-25 08:57:09,566 [INFO] phase6.runner: [CYCLE 833] 2026-05-25T08:57:09 | rebalance_needed=False | last_rebalance=2026-05-24
2026-05-25 09:02:09,567 [INFO] phase6.runner: [CYCLE 834] 2026-05-25T09:02:09 | rebalance_needed=True | last_rebalance=2026-05-24
2026-05-25 09:02:09,567 [INFO] phase6.runner: === Daily Rebalance ===
2026-05-25 09:02:09,881 [INFO] phase6.runner: Daily Rebalance: cash=$249.59 | target_weights={'BTC-USD': 0.2, 'ETH-USD': 0.2, 'SOL-USD': 0.2, 'XRP-USD': 0.2, 'DOGE-USD': 0.2}
2026-05-25 09:02:09,881 [INFO] phase6.runner: Daily rebalance completed. Executed=0, Skipped=0
2026-05-25 09:02:10,554 [INFO] phase6.runner: Telegram digest sent successfully
2026-05-25 09:07:10,556 [INFO] phase6.runner: [CYCLE 835] 2026-05-25T09:07:10 | rebalance_needed=False | last_rebalance=2026-05-25
2026-05-25 09:12:10,557 [INFO] phase6.runner: [CYCLE 836] 2026-05-25T09:12:10 | rebalance_needed=False | last_rebalance=2026-05-25
2026-05-25 09:17:10,557 [INFO] phase6.runner: [CYCLE 837] 2026-05-25T09:17:10 | rebalance_needed=False | last_rebalance=2026-05-25
2026-05-25 09:22:10,557 [INFO] phase6.runner: [CYCLE 838] 2026-05-25T09:22:10 | rebalance_needed=False | last_rebalance=2026-05-25
2026-05-25 09:27:10,558 [INFO] phase6.runner: [CYCLE 839] 2026-05-25T09:27:10 | rebalance_needed=False | last_rebalance=2026-05-25
2026-05-25 09:32:10,558 [INFO] phase6.runner: [CYCLE 840] 2026-05-25T09:32:10 | rebalance_needed=False | last_rebalance=2026-05-25
2026-05-25 09:37:10,558 [INFO] phase6.runner: [CYCLE 841] 2026-05-25T09:37:10 | rebalance_needed=False | last_rebalance=2026-05-25
2026-05-25 09:42:10,559 [INFO] phase6.runner: [CYCLE 842] 2026-05-25T09:42:10 | rebalance_needed=False | last_rebalance=2026-05-25
2026-05-25 09:47:10,559 [INFO] phase6.runner: [CYCLE 843] 2026-05-25T09:47:10 | rebalance_needed=False | last_rebalance=2026-05-25
2026-05-25 09:52:10,559 [INFO] phase6.runner: [CYCLE 844] 2026-05-25T09:52:10 | rebalance_needed=False | last_rebalance=2026-05-25
2026-05-25 09:57:10,560 [INFO] phase6.runner: [CYCLE 845] 2026-05-25T09:57:10 | rebalance_needed=False | last_rebalance=2026-05-25
2026-05-25 10:02:10,560 [INFO] phase6.runner: [CYCLE 846] 2026-05-25T10:02:10 | rebalance_needed=False | last_rebalance=2026-05-25
2026-05-25 10:07:10,561 [INFO] phase6.runner: [CYCLE 847] 2026-05-25T10:07:10 | rebalance_needed=False | last_rebalance=2026-05-25
2026-05-25 10:12:10,561 [INFO] phase6.runner: [CYCLE 848] 2026-05-25T10:12:10 | rebalance_needed=False | last_rebalance=2026-05-25
2026-05-25 10:17:10,561 [INFO] phase6.runner: [CYCLE 849] 2026-05-25T10:17:10 | rebalance_needed=False | last_rebalance=2026-05-25
2026-05-25 10:22:10,562 [INFO] phase6.runner: [CYCLE 850] 2026-05-25T10:22:10 | rebalance_needed=False | last_rebalance=2026-05-25
2026-05-25 10:27:10,562 [INFO] phase6.runner: [CYCLE 851] 2026-05-25T10:27:10 | rebalance_needed=False | last_rebalance=2026-05-25
2026-05-25 10:32:10,562 [INFO] phase6.runner: [CYCLE 852] 2026-05-25T10:32:10 | rebalance_needed=False | last_rebalance=2026-05-25
2026-05-25 10:37:10,563 [INFO] phase6.runner: [CYCLE 853] 2026-05-25T10:37:10 | rebalance_needed=False | last_rebalance=2026-05-25
2026-05-25 10:42:10,563 [INFO] phase6.runner: [CYCLE 854] 2026-05-25T10:42:10 | rebalance_needed=False | last_rebalance=2026-05-25
2026-05-25 10:47:10,563 [INFO] phase6.runner: [CYCLE 855] 2026-05-25T10:47:10 | rebalance_needed=False | last_rebalance=2026-05-25
2026-05-25 10:52:10,564 [INFO] phase6.runner: [CYCLE 856] 2026-05-25T10:52:10 | rebalance_needed=False | last_rebalance=2026-05-25
2026-05-25 10:57:10,564 [INFO] phase6.runner: [CYCLE 857] 2026-05-25T10:57:10 | rebalance_needed=False | last_rebalance=2026-05-25
2026-05-25 11:02:10,564 [INFO] phase6.runner: [CYCLE 858] 2026-05-25T11:02:10 | rebalance_needed=False | last_rebalance=2026-05-25
2026-05-25 11:07:10,565 [INFO] phase6.runner: [CYCLE 859] 2026-05-25T11:07:10 | rebalance_needed=False | last_rebalance=2026-05-25
2026-05-25 11:12:10,565 [INFO] phase6.runner: [CYCLE 860] 2026-05-25T11:12:10 | rebalance_needed=False | last_rebalance=2026-05-25
2026-05-25 11:17:10,565 [INFO] phase6.runner: [CYCLE 861] 2026-05-25T11:17:10 | rebalance_needed=False | last_rebalance=2026-05-25
2026-05-25 11:22:10,566 [INFO] phase6.runner: [CYCLE 862] 2026-05-25T11:22:10 | rebalance_needed=False | last_rebalance=2026-05-25
2026-05-25 11:27:10,566 [INFO] phase6.runner: [CYCLE 863] 2026-05-25T11:27:10 | rebalance_needed=False | last_rebalance=2026-05-25
2026-05-25 11:32:10,566 [INFO] phase6.runner: [CYCLE 864] 2026-05-25T11:32:10 | rebalance_needed=False | last_rebalance=2026-05-25
2026-05-25 11:37:10,567 [INFO] phase6.runner: [CYCLE 865] 2026-05-25T11:37:10 | rebalance_needed=False | last_rebalance=2026-05-25
2026-05-25 11:42:10,567 [INFO] phase6.runner: [CYCLE 866] 2026-05-25T11:42:10 | rebalance_needed=False | last_rebalance=2026-05-25
2026-05-25 11:47:10,568 [INFO] phase6.runner: [CYCLE 867] 2026-05-25T11:47:10 | rebalance_needed=False | last_rebalance=2026-05-25
2026-05-25 11:52:10,568 [INFO] phase6.runner: [CYCLE 868] 2026-05-25T11:52:10 | rebalance_needed=False | last_rebalance=2026-05-25
2026-05-25 11:57:10,568 [INFO] phase6.runner: [CYCLE 869] 2026-05-25T11:57:10 | rebalance_needed=False | last_rebalance=2026-05-25
2026-05-25 12:02:10,569 [INFO] phase6.runner: [CYCLE 870] 2026-05-25T12:02:10 | rebalance_needed=False | last_rebalance=2026-05-25
2026-05-25 12:07:10,569 [INFO] phase6.runner: [CYCLE 871] 2026-05-25T12:07:10 | rebalance_needed=False | last_rebalance=2026-05-25
2026-05-25 12:12:10,569 [INFO] phase6.runner: [CYCLE 872] 2026-05-25T12:12:10 | rebalance_needed=False | last_rebalance=2026-05-25
2026-05-25 12:17:10,570 [INFO] phase6.runner: [CYCLE 873] 2026-05-25T12:17:10 | rebalance_needed=False | last_rebalance=2026-05-25
2026-05-25 12:22:10,570 [INFO] phase6.runner: [CYCLE 874] 2026-05-25T12:22:10 | rebalance_needed=False | last_rebalance=2026-05-25
2026-05-25 12:27:10,570 [INFO] phase6.runner: [CYCLE 875] 2026-05-25T12:27:10 | rebalance_needed=False | last_rebalance=2026-05-25
2026-05-25 12:32:10,571 [INFO] phase6.runner: [CYCLE 876] 2026-05-25T12:32:10 | rebalance_needed=False | last_rebalance=2026-05-25
2026-05-25 12:37:10,571 [INFO] phase6.runner: [CYCLE 877] 2026-05-25T12:37:10 | rebalance_needed=False | last_rebalance=2026-05-25
2026-05-25 12:42:10,571 [INFO] phase6.runner: [CYCLE 878] 2026-05-25T12:42:10 | rebalance_needed=False | last_rebalance=2026-05-25
2026-05-25 12:47:10,572 [INFO] phase6.runner: [CYCLE 879] 2026-05-25T12:47:10 | rebalance_needed=False | last_rebalance=2026-05-25
2026-05-25 12:52:10,572 [INFO] phase6.runner: [CYCLE 880] 2026-05-25T12:52:10 | rebalance_needed=False | last_rebalance=2026-05-25
2026-05-25 12:57:10,572 [INFO] phase6.runner: [CYCLE 881] 2026-05-25T12:57:10 | rebalance_needed=False | last_rebalance=2026-05-25
2026-05-25 13:02:10,573 [INFO] phase6.runner: [CYCLE 882] 2026-05-25T13:02:10 | rebalance_needed=False | last_rebalance=2026-05-25
2026-05-25 13:07:10,573 [INFO] phase6.runner: [CYCLE 883] 2026-05-25T13:07:10 | rebalance_needed=False | last_rebalance=2026-05-25
2026-05-25 13:12:10,573 [INFO] phase6.runner: [CYCLE 884] 2026-05-25T13:12:10 | rebalance_needed=False | last_rebalance=2026-05-25
2026-05-25 13:17:10,574 [INFO] phase6.runner: [CYCLE 885] 2026-05-25T13:17:10 | rebalance_needed=False | last_rebalance=2026-05-25
2026-05-25 13:22:10,574 [INFO] phase6.runner: [CYCLE 886] 2026-05-25T13:22:10 | rebalance_needed=False | last_rebalance=2026-05-25
2026-05-25 13:27:10,574 [INFO] phase6.runner: [CYCLE 887] 2026-05-25T13:27:10 | rebalance_needed=False | last_rebalance=2026-05-25
2026-05-25 13:32:10,575 [INFO] phase6.runner: [CYCLE 888] 2026-05-25T13:32:10 | rebalance_needed=False | last_rebalance=2026-05-25
2026-05-25 13:37:10,575 [INFO] phase6.runner: [CYCLE 889] 2026-05-25T13:37:10 | rebalance_needed=False | last_rebalance=2026-05-25
2026-05-25 13:42:10,575 [INFO] phase6.runner: [CYCLE 890] 2026-05-25T13:42:10 | rebalance_needed=False | last_rebalance=2026-05-25
2026-05-25 13:47:10,576 [INFO] phase6.runner: [CYCLE 891] 2026-05-25T13:47:10 | rebalance_needed=False | last_rebalance=2026-05-25
2026-05-25 13:52:10,576 [INFO] phase6.runner: [CYCLE 892] 2026-05-25T13:52:10 | rebalance_needed=False | last_rebalance=2026-05-25
2026-05-25 13:57:10,576 [INFO] phase6.runner: [CYCLE 893] 2026-05-25T13:57:10 | rebalance_needed=False | last_rebalance=2026-05-25
2026-05-25 14:02:10,577 [INFO] phase6.runner: [CYCLE 894] 2026-05-25T14:02:10 | rebalance_needed=False | last_rebalance=2026-05-25
2026-05-25 14:07:10,577 [INFO] phase6.runner: [CYCLE 895] 2026-05-25T14:07:10 | rebalance_needed=False | last_rebalance=2026-05-25
2026-05-25 14:12:10,577 [INFO] phase6.runner: [CYCLE 896] 2026-05-25T14:12:10 | rebalance_needed=False | last_rebalance=2026-05-25
2026-05-25 14:17:10,578 [INFO] phase6.runner: [CYCLE 897] 2026-05-25T14:17:10 | rebalance_needed=False | last_rebalance=2026-05-25
2026-05-25 14:22:10,578 [INFO] phase6.runner: [CYCLE 898] 2026-05-25T14:22:10 | rebalance_needed=False | last_rebalance=2026-05-25
2026-05-25 14:27:10,578 [INFO] phase6.runner: [CYCLE 899] 2026-05-25T14:27:10 | rebalance_needed=False | last_rebalance=2026-05-25
2026-05-25 14:32:10,579 [INFO] phase6.runner: [CYCLE 900] 2026-05-25T14:32:10 | rebalance_needed=False | last_rebalance=2026-05-25
2026-05-25 14:37:10,579 [INFO] phase6.runner: [CYCLE 901] 2026-05-25T14:37:10 | rebalance_needed=False | last_rebalance=2026-05-25
2026-05-25 14:42:10,579 [INFO] phase6.runner: [CYCLE 902] 2026-05-25T14:42:10 | rebalance_needed=False | last_rebalance=2026-05-25
2026-05-25 14:47:10,580 [INFO] phase6.runner: [CYCLE 903] 2026-05-25T14:47:10 | rebalance_needed=False | last_rebalance=2026-05-25
2026-05-25 14:52:10,580 [INFO] phase6.runner: [CYCLE 904] 2026-05-25T14:52:10 | rebalance_needed=False | last_rebalance=2026-05-25
2026-05-25 14:57:10,581 [INFO] phase6.runner: [CYCLE 905] 2026-05-25T14:57:10 | rebalance_needed=False | last_rebalance=2026-05-25
2026-05-25 15:02:10,581 [INFO] phase6.runner: [CYCLE 906] 2026-05-25T15:02:10 | rebalance_needed=False | last_rebalance=2026-05-25
2026-05-25 15:07:10,581 [INFO] phase6.runner: [CYCLE 907] 2026-05-25T15:07:10 | rebalance_needed=False | last_rebalance=2026-05-25
2026-05-25 15:12:10,582 [INFO] phase6.runner: [CYCLE 908] 2026-05-25T15:12:10 | rebalance_needed=False | last_rebalance=2026-05-25
2026-05-25 15:17:10,582 [INFO] phase6.runner: [CYCLE 909] 2026-05-25T15:17:10 | rebalance_needed=False | last_rebalance=2026-05-25
2026-05-25 15:22:10,582 [INFO] phase6.runner: [CYCLE 910] 2026-05-25T15:22:10 | rebalance_needed=False | last_rebalance=2026-05-25
2026-05-25 15:27:10,583 [INFO] phase6.runner: [CYCLE 911] 2026-05-25T15:27:10 | rebalance_needed=False | last_rebalance=2026-05-25
2026-05-25 15:32:10,583 [INFO] phase6.runner: [CYCLE 912] 2026-05-25T15:32:10 | rebalance_needed=False | last_rebalance=2026-05-25
2026-05-25 15:37:10,583 [INFO] phase6.runner: [CYCLE 913] 2026-05-25T15:37:10 | rebalance_needed=False | last_rebalance=2026-05-25
2026-05-25 15:42:10,584 [INFO] phase6.runner: [CYCLE 914] 2026-05-25T15:42:10 | rebalance_needed=False | last_rebalance=2026-05-25
2026-05-25 15:47:10,584 [INFO] phase6.runner: [CYCLE 915] 2026-05-25T15:47:10 | rebalance_needed=False | last_rebalance=2026-05-25
2026-05-25 15:52:10,584 [INFO] phase6.runner: [CYCLE 916] 2026-05-25T15:52:10 | rebalance_needed=False | last_rebalance=2026-05-25
2026-05-25 15:57:10,585 [INFO] phase6.runner: [CYCLE 917] 2026-05-25T15:57:10 | rebalance_needed=False | last_rebalance=2026-05-25
2026-05-25 16:02:10,585 [INFO] phase6.runner: [CYCLE 918] 2026-05-25T16:02:10 | rebalance_needed=False | last_rebalance=2026-05-25
2026-05-25 16:07:10,585 [INFO] phase6.runner: [CYCLE 919] 2026-05-25T16:07:10 | rebalance_needed=False | last_rebalance=2026-05-25
2026-05-25 16:12:10,586 [INFO] phase6.runner: [CYCLE 920] 2026-05-25T16:12:10 | rebalance_needed=False | last_rebalance=2026-05-25
2026-05-25 16:17:10,586 [INFO] phase6.runner: [CYCLE 921] 2026-05-25T16:17:10 | rebalance_needed=False | last_rebalance=2026-05-25
2026-05-25 16:22:10,587 [INFO] phase6.runner: [CYCLE 922] 2026-05-25T16:22:10 | rebalance_needed=False | last_rebalance=2026-05-25
2026-05-25 16:27:10,587 [INFO] phase6.runner: [CYCLE 923] 2026-05-25T16:27:10 | rebalance_needed=False | last_rebalance=2026-05-25
2026-05-25 16:32:10,587 [INFO] phase6.runner: [CYCLE 924] 2026-05-25T16:32:10 | rebalance_needed=False | last_rebalance=2026-05-25
2026-05-25 16:37:10,588 [INFO] phase6.runner: [CYCLE 925] 2026-05-25T16:37:10 | rebalance_needed=False | last_rebalance=2026-05-25
2026-05-25 16:42:10,588 [INFO] phase6.runner: [CYCLE 926] 2026-05-25T16:42:10 | rebalance_needed=False | last_rebalance=2026-05-25
2026-05-25 16:47:10,588 [INFO] phase6.runner: [CYCLE 927] 2026-05-25T16:47:10 | rebalance_needed=False | last_rebalance=2026-05-25
2026-05-25 16:52:10,589 [INFO] phase6.runner: [CYCLE 928] 2026-05-25T16:52:10 | rebalance_needed=False | last_rebalance=2026-05-25
2026-05-25 16:57:10,589 [INFO] phase6.runner: [CYCLE 929] 2026-05-25T16:57:10 | rebalance_needed=False | last_rebalance=2026-05-25
2026-05-25 17:02:10,589 [INFO] phase6.runner: [CYCLE 930] 2026-05-25T17:02:10 | rebalance_needed=False | last_rebalance=2026-05-25
2026-05-25 17:07:10,590 [INFO] phase6.runner: [CYCLE 931] 2026-05-25T17:07:10 | rebalance_needed=False | last_rebalance=2026-05-25
2026-05-25 17:12:10,590 [INFO] phase6.runner: [CYCLE 932] 2026-05-25T17:12:10 | rebalance_needed=False | last_rebalance=2026-05-25
2026-05-25 17:17:10,590 [INFO] phase6.runner: [CYCLE 933] 2026-05-25T17:17:10 | rebalance_needed=False | last_rebalance=2026-05-25
2026-05-25 17:22:10,591 [INFO] phase6.runner: [CYCLE 934] 2026-05-25T17:22:10 | rebalance_needed=False | last_rebalance=2026-05-25
2026-05-25 17:27:10,591 [INFO] phase6.runner: [CYCLE 935] 2026-05-25T17:27:10 | rebalance_needed=False | last_rebalance=2026-05-25
2026-05-25 17:32:10,592 [INFO] phase6.runner: [CYCLE 936] 2026-05-25T17:32:10 | rebalance_needed=False | last_rebalance=2026-05-25
2026-05-25 17:37:10,592 [INFO] phase6.runner: [CYCLE 937] 2026-05-25T17:37:10 | rebalance_needed=False | last_rebalance=2026-05-25
2026-05-25 17:42:10,592 [INFO] phase6.runner: [CYCLE 938] 2026-05-25T17:42:10 | rebalance_needed=False | last_rebalance=2026-05-25
2026-05-25 17:47:10,593 [INFO] phase6.runner: [CYCLE 939] 2026-05-25T17:47:10 | rebalance_needed=False | last_rebalance=2026-05-25
2026-05-25 17:52:10,615 [INFO] phase6.runner: [CYCLE 940] 2026-05-25T17:52:10 | rebalance_needed=False | last_rebalance=2026-05-25
2026-05-25 17:57:10,616 [INFO] phase6.runner: [CYCLE 941] 2026-05-25T17:57:10 | rebalance_needed=False | last_rebalance=2026-05-25
2026-05-25 18:02:10,616 [INFO] phase6.runner: [CYCLE 942] 2026-05-25T18:02:10 | rebalance_needed=False | last_rebalance=2026-05-25
2026-05-25 18:07:10,616 [INFO] phase6.runner: [CYCLE 943] 2026-05-25T18:07:10 | rebalance_needed=False | last_rebalance=2026-05-25
2026-05-25 18:12:10,617 [INFO] phase6.runner: [CYCLE 944] 2026-05-25T18:12:10 | rebalance_needed=False | last_rebalance=2026-05-25
2026-05-25 18:17:10,617 [INFO] phase6.runner: [CYCLE 945] 2026-05-25T18:17:10 | rebalance_needed=False | last_rebalance=2026-05-25
2026-05-25 18:22:10,617 [INFO] phase6.runner: [CYCLE 946] 2026-05-25T18:22:10 | rebalance_needed=False | last_rebalance=2026-05-25
2026-05-25 18:27:10,618 [INFO] phase6.runner: [CYCLE 947] 2026-05-25T18:27:10 | rebalance_needed=False | last_rebalance=2026-05-25
2026-05-25 18:32:10,618 [INFO] phase6.runner: [CYCLE 948] 2026-05-25T18:32:10 | rebalance_needed=False | last_rebalance=2026-05-25
2026-05-25 18:37:10,618 [INFO] phase6.runner: [CYCLE 949] 2026-05-25T18:37:10 | rebalance_needed=False | last_rebalance=2026-05-25
2026-05-25 18:42:10,619 [INFO] phase6.runner: [CYCLE 950] 2026-05-25T18:42:10 | rebalance_needed=False | last_rebalance=2026-05-25
2026-05-25 18:47:10,619 [INFO] phase6.runner: [CYCLE 951] 2026-05-25T18:47:10 | rebalance_needed=False | last_rebalance=2026-05-25
2026-05-25 18:52:10,619 [INFO] phase6.runner: [CYCLE 952] 2026-05-25T18:52:10 | rebalance_needed=False | last_rebalance=2026-05-25
2026-05-25 18:57:10,620 [INFO] phase6.runner: [CYCLE 953] 2026-05-25T18:57:10 | rebalance_needed=False | last_rebalance=2026-05-25
2026-05-25 19:02:10,620 [INFO] phase6.runner: [CYCLE 954] 2026-05-25T19:02:10 | rebalance_needed=False | last_rebalance=2026-05-25
2026-05-25 19:07:10,620 [INFO] phase6.runner: [CYCLE 955] 2026-05-25T19:07:10 | rebalance_needed=False | last_rebalance=2026-05-25
2026-05-25 19:12:10,621 [INFO] phase6.runner: [CYCLE 956] 2026-05-25T19:12:10 | rebalance_needed=False | last_rebalance=2026-05-25
2026-05-25 19:17:10,621 [INFO] phase6.runner: [CYCLE 957] 2026-05-25T19:17:10 | rebalance_needed=False | last_rebalance=2026-05-25
2026-05-25 19:22:10,621 [INFO] phase6.runner: [CYCLE 958] 2026-05-25T19:22:10 | rebalance_needed=False | last_rebalance=2026-05-25
2026-05-25 19:27:10,622 [INFO] phase6.runner: [CYCLE 959] 2026-05-25T19:27:10 | rebalance_needed=False | last_rebalance=2026-05-25
2026-05-25 19:32:10,622 [INFO] phase6.runner: [CYCLE 960] 2026-05-25T19:32:10 | rebalance_needed=False | last_rebalance=2026-05-25
2026-05-25 19:37:10,622 [INFO] phase6.runner: [CYCLE 961] 2026-05-25T19:37:10 | rebalance_needed=False | last_rebalance=2026-05-25
2026-05-25 19:42:10,623 [INFO] phase6.runner: [CYCLE 962] 2026-05-25T19:42:10 | rebalance_needed=False | last_rebalance=2026-05-25
2026-05-25 19:47:10,623 [INFO] phase6.runner: [CYCLE 963] 2026-05-25T19:47:10 | rebalance_needed=False | last_rebalance=2026-05-25
2026-05-25 19:52:10,623 [INFO] phase6.runner: [CYCLE 964] 2026-05-25T19:52:10 | rebalance_needed=False | last_rebalance=2026-05-25
2026-05-25 19:57:10,624 [INFO] phase6.runner: [CYCLE 965] 2026-05-25T19:57:10 | rebalance_needed=False | last_rebalance=2026-05-25
2026-05-25 20:02:10,624 [INFO] phase6.runner: [CYCLE 966] 2026-05-25T20:02:10 | rebalance_needed=False | last_rebalance=2026-05-25
2026-05-25 20:07:10,624 [INFO] phase6.runner: [CYCLE 967] 2026-05-25T20:07:10 | rebalance_needed=False | last_rebalance=2026-05-25
2026-05-25 20:12:10,625 [INFO] phase6.runner: [CYCLE 968] 2026-05-25T20:12:10 | rebalance_needed=False | last_rebalance=2026-05-25
2026-05-25 20:17:10,625 [INFO] phase6.runner: [CYCLE 969] 2026-05-25T20:17:10 | rebalance_needed=False | last_rebalance=2026-05-25
2026-05-25 20:22:10,625 [INFO] phase6.runner: [CYCLE 970] 2026-05-25T20:22:10 | rebalance_needed=False | last_rebalance=2026-05-25
2026-05-25 20:27:10,626 [INFO] phase6.runner: [CYCLE 971] 2026-05-25T20:27:10 | rebalance_needed=False | last_rebalance=2026-05-25
2026-05-25 20:32:10,626 [INFO] phase6.runner: [CYCLE 972] 2026-05-25T20:32:10 | rebalance_needed=False | last_rebalance=2026-05-25
2026-05-25 20:37:10,647 [INFO] phase6.runner: [CYCLE 973] 2026-05-25T20:37:10 | rebalance_needed=False | last_rebalance=2026-05-25
2026-05-25 20:42:10,648 [INFO] phase6.runner: [CYCLE 974] 2026-05-25T20:42:10 | rebalance_needed=False | last_rebalance=2026-05-25
2026-05-25 20:47:10,648 [INFO] phase6.runner: [CYCLE 975] 2026-05-25T20:47:10 | rebalance_needed=False | last_rebalance=2026-05-25
2026-05-25 20:52:10,648 [INFO] phase6.runner: [CYCLE 976] 2026-05-25T20:52:10 | rebalance_needed=False | last_rebalance=2026-05-25
2026-05-25 20:57:10,649 [INFO] phase6.runner: [CYCLE 977] 2026-05-25T20:57:10 | rebalance_needed=False | last_rebalance=2026-05-25
2026-05-25 21:02:10,649 [INFO] phase6.runner: [CYCLE 978] 2026-05-25T21:02:10 | rebalance_needed=False | last_rebalance=2026-05-25
2026-05-25 21:07:10,649 [INFO] phase6.runner: [CYCLE 979] 2026-05-25T21:07:10 | rebalance_needed=False | last_rebalance=2026-05-25
2026-05-25 21:12:10,650 [INFO] phase6.runner: [CYCLE 980] 2026-05-25T21:12:10 | rebalance_needed=False | last_rebalance=2026-05-25
2026-05-25 21:17:10,650 [INFO] phase6.runner: [CYCLE 981] 2026-05-25T21:17:10 | rebalance_needed=False | last_rebalance=2026-05-25
2026-05-25 21:22:10,650 [INFO] phase6.runner: [CYCLE 982] 2026-05-25T21:22:10 | rebalance_needed=False | last_rebalance=2026-05-25
2026-05-25 21:27:10,651 [INFO] phase6.runner: [CYCLE 983] 2026-05-25T21:27:10 | rebalance_needed=False | last_rebalance=2026-05-25
2026-05-25 21:32:10,651 [INFO] phase6.runner: [CYCLE 984] 2026-05-25T21:32:10 | rebalance_needed=False | last_rebalance=2026-05-25
2026-05-25 21:37:10,651 [INFO] phase6.runner: [CYCLE 985] 2026-05-25T21:37:10 | rebalance_needed=False | last_rebalance=2026-05-25
2026-05-25 21:42:10,652 [INFO] phase6.runner: [CYCLE 986] 2026-05-25T21:42:10 | rebalance_needed=False | last_rebalance=2026-05-25
2026-05-25 21:47:10,652 [INFO] phase6.runner: [CYCLE 987] 2026-05-25T21:47:10 | rebalance_needed=False | last_rebalance=2026-05-25
2026-05-25 21:52:10,652 [INFO] phase6.runner: [CYCLE 988] 2026-05-25T21:52:10 | rebalance_needed=False | last_rebalance=2026-05-25
2026-05-25 21:57:10,653 [INFO] phase6.runner: [CYCLE 989] 2026-05-25T21:57:10 | rebalance_needed=False | last_rebalance=2026-05-25
2026-05-25 22:02:10,653 [INFO] phase6.runner: [CYCLE 990] 2026-05-25T22:02:10 | rebalance_needed=False | last_rebalance=2026-05-25
2026-05-25 22:07:10,653 [INFO] phase6.runner: [CYCLE 991] 2026-05-25T22:07:10 | rebalance_needed=False | last_rebalance=2026-05-25
2026-05-25 22:12:10,654 [INFO] phase6.runner: [CYCLE 992] 2026-05-25T22:12:10 | rebalance_needed=False | last_rebalance=2026-05-25
2026-05-25 22:17:10,654 [INFO] phase6.runner: [CYCLE 993] 2026-05-25T22:17:10 | rebalance_needed=False | last_rebalance=2026-05-25
2026-05-25 22:22:10,654 [INFO] phase6.runner: [CYCLE 994] 2026-05-25T22:22:10 | rebalance_needed=False | last_rebalance=2026-05-25
2026-05-25 22:27:10,655 [INFO] phase6.runner: [CYCLE 995] 2026-05-25T22:27:10 | rebalance_needed=False | last_rebalance=2026-05-25
2026-05-25 22:32:10,655 [INFO] phase6.runner: [CYCLE 996] 2026-05-25T22:32:10 | rebalance_needed=False | last_rebalance=2026-05-25
2026-05-25 22:37:10,655 [INFO] phase6.runner: [CYCLE 997] 2026-05-25T22:37:10 | rebalance_needed=False | last_rebalance=2026-05-25
2026-05-25 22:42:10,656 [INFO] phase6.runner: [CYCLE 998] 2026-05-25T22:42:10 | rebalance_needed=False | last_rebalance=2026-05-25
2026-05-25 22:47:10,656 [INFO] phase6.runner: [CYCLE 999] 2026-05-25T22:47:10 | rebalance_needed=False | last_rebalance=2026-05-25
2026-05-25 22:52:10,656 [INFO] phase6.runner: [CYCLE 1000] 2026-05-25T22:52:10 | rebalance_needed=False | last_rebalance=2026-05-25
2026-05-25 22:57:10,657 [INFO] phase6.runner: [CYCLE 1001] 2026-05-25T22:57:10 | rebalance_needed=False | last_rebalance=2026-05-25
2026-05-25 23:02:10,657 [INFO] phase6.runner: [CYCLE 1002] 2026-05-25T23:02:10 | rebalance_needed=False | last_rebalance=2026-05-25
2026-05-25 23:07:10,657 [INFO] phase6.runner: [CYCLE 1003] 2026-05-25T23:07:10 | rebalance_needed=False | last_rebalance=2026-05-25
2026-05-25 23:12:10,658 [INFO] phase6.runner: [CYCLE 1004] 2026-05-25T23:12:10 | rebalance_needed=False | last_rebalance=2026-05-25
2026-05-25 23:17:10,658 [INFO] phase6.runner: [CYCLE 1005] 2026-05-25T23:17:10 | rebalance_needed=False | last_rebalance=2026-05-25
2026-05-25 23:22:10,658 [INFO] phase6.runner: [CYCLE 1006] 2026-05-25T23:22:10 | rebalance_needed=False | last_rebalance=2026-05-25
2026-05-25 23:27:10,659 [INFO] phase6.runner: [CYCLE 1007] 2026-05-25T23:27:10 | rebalance_needed=False | last_rebalance=2026-05-25
2026-05-25 23:32:10,659 [INFO] phase6.runner: [CYCLE 1008] 2026-05-25T23:32:10 | rebalance_needed=False | last_rebalance=2026-05-25
2026-05-25 23:37:10,660 [INFO] phase6.runner: [CYCLE 1009] 2026-05-25T23:37:10 | rebalance_needed=False | last_rebalance=2026-05-25
2026-05-25 23:42:10,660 [INFO] phase6.runner: [CYCLE 1010] 2026-05-25T23:42:10 | rebalance_needed=False | last_rebalance=2026-05-25
2026-05-25 23:47:10,660 [INFO] phase6.runner: [CYCLE 1011] 2026-05-25T23:47:10 | rebalance_needed=False | last_rebalance=2026-05-25
2026-05-25 23:52:10,660 [INFO] phase6.runner: [CYCLE 1012] 2026-05-25T23:52:10 | rebalance_needed=False | last_rebalance=2026-05-25
2026-05-25 23:57:10,661 [INFO] phase6.runner: [CYCLE 1013] 2026-05-25T23:57:10 | rebalance_needed=False | last_rebalance=2026-05-25
2026-05-26 00:02:10,661 [INFO] phase6.runner: [CYCLE 1014] 2026-05-26T00:02:10 | rebalance_needed=False | last_rebalance=2026-05-25
2026-05-26 00:07:10,661 [INFO] phase6.runner: [CYCLE 1015] 2026-05-26T00:07:10 | rebalance_needed=False | last_rebalance=2026-05-25
2026-05-26 00:12:10,662 [INFO] phase6.runner: [CYCLE 1016] 2026-05-26T00:12:10 | rebalance_needed=False | last_rebalance=2026-05-25
2026-05-26 00:17:10,662 [INFO] phase6.runner: [CYCLE 1017] 2026-05-26T00:17:10 | rebalance_needed=False | last_rebalance=2026-05-25
2026-05-26 00:22:10,662 [INFO] phase6.runner: [CYCLE 1018] 2026-05-26T00:22:10 | rebalance_needed=False | last_rebalance=2026-05-25
2026-05-26 00:27:10,663 [INFO] phase6.runner: [CYCLE 1019] 2026-05-26T00:27:10 | rebalance_needed=False | last_rebalance=2026-05-25
2026-05-26 00:32:10,663 [INFO] phase6.runner: [CYCLE 1020] 2026-05-26T00:32:10 | rebalance_needed=False | last_rebalance=2026-05-25
2026-05-26 00:37:10,663 [INFO] phase6.runner: [CYCLE 1021] 2026-05-26T00:37:10 | rebalance_needed=False | last_rebalance=2026-05-25
2026-05-26 00:42:10,664 [INFO] phase6.runner: [CYCLE 1022] 2026-05-26T00:42:10 | rebalance_needed=False | last_rebalance=2026-05-25
2026-05-26 00:47:10,664 [INFO] phase6.runner: [CYCLE 1023] 2026-05-26T00:47:10 | rebalance_needed=False | last_rebalance=2026-05-25
2026-05-26 00:52:10,664 [INFO] phase6.runner: [CYCLE 1024] 2026-05-26T00:52:10 | rebalance_needed=False | last_rebalance=2026-05-25
2026-05-26 00:57:10,665 [INFO] phase6.runner: [CYCLE 1025] 2026-05-26T00:57:10 | rebalance_needed=False | last_rebalance=2026-05-25
2026-05-26 01:02:10,665 [INFO] phase6.runner: [CYCLE 1026] 2026-05-26T01:02:10 | rebalance_needed=False | last_rebalance=2026-05-25
2026-05-26 01:07:10,665 [INFO] phase6.runner: [CYCLE 1027] 2026-05-26T01:07:10 | rebalance_needed=False | last_rebalance=2026-05-25
2026-05-26 01:12:10,666 [INFO] phase6.runner: [CYCLE 1028] 2026-05-26T01:12:10 | rebalance_needed=False | last_rebalance=2026-05-25
2026-05-26 01:17:10,666 [INFO] phase6.runner: [CYCLE 1029] 2026-05-26T01:17:10 | rebalance_needed=False | last_rebalance=2026-05-25
2026-05-26 01:22:10,666 [INFO] phase6.runner: [CYCLE 1030] 2026-05-26T01:22:10 | rebalance_needed=False | last_rebalance=2026-05-25
2026-05-26 01:27:10,667 [INFO] phase6.runner: [CYCLE 1031] 2026-05-26T01:27:10 | rebalance_needed=False | last_rebalance=2026-05-25
2026-05-26 01:32:10,667 [INFO] phase6.runner: [CYCLE 1032] 2026-05-26T01:32:10 | rebalance_needed=False | last_rebalance=2026-05-25
2026-05-26 01:37:10,667 [INFO] phase6.runner: [CYCLE 1033] 2026-05-26T01:37:10 | rebalance_needed=False | last_rebalance=2026-05-25
2026-05-26 01:42:10,668 [INFO] phase6.runner: [CYCLE 1034] 2026-05-26T01:42:10 | rebalance_needed=False | last_rebalance=2026-05-25
2026-05-26 01:47:10,668 [INFO] phase6.runner: [CYCLE 1035] 2026-05-26T01:47:10 | rebalance_needed=False | last_rebalance=2026-05-25
2026-05-26 01:52:10,668 [INFO] phase6.runner: [CYCLE 1036] 2026-05-26T01:52:10 | rebalance_needed=False | last_rebalance=2026-05-25
2026-05-26 01:57:10,669 [INFO] phase6.runner: [CYCLE 1037] 2026-05-26T01:57:10 | rebalance_needed=False | last_rebalance=2026-05-25
2026-05-26 02:02:10,669 [INFO] phase6.runner: [CYCLE 1038] 2026-05-26T02:02:10 | rebalance_needed=False | last_rebalance=2026-05-25
2026-05-26 02:07:10,669 [INFO] phase6.runner: [CYCLE 1039] 2026-05-26T02:07:10 | rebalance_needed=False | last_rebalance=2026-05-25
2026-05-26 02:12:10,670 [INFO] phase6.runner: [CYCLE 1040] 2026-05-26T02:12:10 | rebalance_needed=False | last_rebalance=2026-05-25
2026-05-26 02:17:10,670 [INFO] phase6.runner: [CYCLE 1041] 2026-05-26T02:17:10 | rebalance_needed=False | last_rebalance=2026-05-25
2026-05-26 02:22:10,670 [INFO] phase6.runner: [CYCLE 1042] 2026-05-26T02:22:10 | rebalance_needed=False | last_rebalance=2026-05-25
2026-05-26 02:27:10,671 [INFO] phase6.runner: [CYCLE 1043] 2026-05-26T02:27:10 | rebalance_needed=False | last_rebalance=2026-05-25
2026-05-26 02:32:10,671 [INFO] phase6.runner: [CYCLE 1044] 2026-05-26T02:32:10 | rebalance_needed=False | last_rebalance=2026-05-25
2026-05-26 02:37:10,671 [INFO] phase6.runner: [CYCLE 1045] 2026-05-26T02:37:10 | rebalance_needed=False | last_rebalance=2026-05-25
2026-05-26 02:42:10,672 [INFO] phase6.runner: [CYCLE 1046] 2026-05-26T02:42:10 | rebalance_needed=False | last_rebalance=2026-05-25
2026-05-26 02:47:10,672 [INFO] phase6.runner: [CYCLE 1047] 2026-05-26T02:47:10 | rebalance_needed=False | last_rebalance=2026-05-25
2026-05-26 02:52:10,672 [INFO] phase6.runner: [CYCLE 1048] 2026-05-26T02:52:10 | rebalance_needed=False | last_rebalance=2026-05-25
2026-05-26 02:57:10,673 [INFO] phase6.runner: [CYCLE 1049] 2026-05-26T02:57:10 | rebalance_needed=False | last_rebalance=2026-05-25
2026-05-26 03:02:10,673 [INFO] phase6.runner: [CYCLE 1050] 2026-05-26T03:02:10 | rebalance_needed=False | last_rebalance=2026-05-25
2026-05-26 03:07:10,674 [INFO] phase6.runner: [CYCLE 1051] 2026-05-26T03:07:10 | rebalance_needed=False | last_rebalance=2026-05-25
2026-05-26 03:12:10,674 [INFO] phase6.runner: [CYCLE 1052] 2026-05-26T03:12:10 | rebalance_needed=False | last_rebalance=2026-05-25
2026-05-26 03:17:10,674 [INFO] phase6.runner: [CYCLE 1053] 2026-05-26T03:17:10 | rebalance_needed=False | last_rebalance=2026-05-25
2026-05-26 03:22:10,675 [INFO] phase6.runner: [CYCLE 1054] 2026-05-26T03:22:10 | rebalance_needed=False | last_rebalance=2026-05-25
2026-05-26 03:27:10,675 [INFO] phase6.runner: [CYCLE 1055] 2026-05-26T03:27:10 | rebalance_needed=False | last_rebalance=2026-05-25
2026-05-26 03:32:10,675 [INFO] phase6.runner: [CYCLE 1056] 2026-05-26T03:32:10 | rebalance_needed=False | last_rebalance=2026-05-25
2026-05-26 03:37:10,676 [INFO] phase6.runner: [CYCLE 1057] 2026-05-26T03:37:10 | rebalance_needed=False | last_rebalance=2026-05-25
2026-05-26 03:42:10,676 [INFO] phase6.runner: [CYCLE 1058] 2026-05-26T03:42:10 | rebalance_needed=False | last_rebalance=2026-05-25
2026-05-26 03:47:10,676 [INFO] phase6.runner: [CYCLE 1059] 2026-05-26T03:47:10 | rebalance_needed=False | last_rebalance=2026-05-25
2026-05-26 03:52:10,677 [INFO] phase6.runner: [CYCLE 1060] 2026-05-26T03:52:10 | rebalance_needed=False | last_rebalance=2026-05-25
2026-05-26 03:57:10,677 [INFO] phase6.runner: [CYCLE 1061] 2026-05-26T03:57:10 | rebalance_needed=False | last_rebalance=2026-05-25
2026-05-26 04:02:10,677 [INFO] phase6.runner: [CYCLE 1062] 2026-05-26T04:02:10 | rebalance_needed=False | last_rebalance=2026-05-25
2026-05-26 04:07:10,678 [INFO] phase6.runner: [CYCLE 1063] 2026-05-26T04:07:10 | rebalance_needed=False | last_rebalance=2026-05-25
2026-05-26 04:12:10,678 [INFO] phase6.runner: [CYCLE 1064] 2026-05-26T04:12:10 | rebalance_needed=False | last_rebalance=2026-05-25
2026-05-26 04:17:10,678 [INFO] phase6.runner: [CYCLE 1065] 2026-05-26T04:17:10 | rebalance_needed=False | last_rebalance=2026-05-25
2026-05-26 04:22:10,679 [INFO] phase6.runner: [CYCLE 1066] 2026-05-26T04:22:10 | rebalance_needed=False | last_rebalance=2026-05-25
2026-05-26 04:27:10,679 [INFO] phase6.runner: [CYCLE 1067] 2026-05-26T04:27:10 | rebalance_needed=False | last_rebalance=2026-05-25
2026-05-26 04:32:10,679 [INFO] phase6.runner: [CYCLE 1068] 2026-05-26T04:32:10 | rebalance_needed=False | last_rebalance=2026-05-25
2026-05-26 04:37:10,680 [INFO] phase6.runner: [CYCLE 1069] 2026-05-26T04:37:10 | rebalance_needed=False | last_rebalance=2026-05-25
2026-05-26 04:42:10,680 [INFO] phase6.runner: [CYCLE 1070] 2026-05-26T04:42:10 | rebalance_needed=False | last_rebalance=2026-05-25
2026-05-26 04:47:10,680 [INFO] phase6.runner: [CYCLE 1071] 2026-05-26T04:47:10 | rebalance_needed=False | last_rebalance=2026-05-25
2026-05-26 04:52:10,681 [INFO] phase6.runner: [CYCLE 1072] 2026-05-26T04:52:10 | rebalance_needed=False | last_rebalance=2026-05-25
2026-05-26 04:57:10,681 [INFO] phase6.runner: [CYCLE 1073] 2026-05-26T04:57:10 | rebalance_needed=False | last_rebalance=2026-05-25
2026-05-26 05:02:10,682 [INFO] phase6.runner: [CYCLE 1074] 2026-05-26T05:02:10 | rebalance_needed=False | last_rebalance=2026-05-25
2026-05-26 05:07:10,682 [INFO] phase6.runner: [CYCLE 1075] 2026-05-26T05:07:10 | rebalance_needed=False | last_rebalance=2026-05-25
2026-05-26 05:12:10,682 [INFO] phase6.runner: [CYCLE 1076] 2026-05-26T05:12:10 | rebalance_needed=False | last_rebalance=2026-05-25
2026-05-26 05:17:10,683 [INFO] phase6.runner: [CYCLE 1077] 2026-05-26T05:17:10 | rebalance_needed=False | last_rebalance=2026-05-25
2026-05-26 05:22:10,683 [INFO] phase6.runner: [CYCLE 1078] 2026-05-26T05:22:10 | rebalance_needed=False | last_rebalance=2026-05-25
2026-05-26 05:27:10,683 [INFO] phase6.runner: [CYCLE 1079] 2026-05-26T05:27:10 | rebalance_needed=False | last_rebalance=2026-05-25
2026-05-26 05:32:10,684 [INFO] phase6.runner: [CYCLE 1080] 2026-05-26T05:32:10 | rebalance_needed=False | last_rebalance=2026-05-25
2026-05-26 05:37:10,684 [INFO] phase6.runner: [CYCLE 1081] 2026-05-26T05:37:10 | rebalance_needed=False | last_rebalance=2026-05-25
2026-05-26 05:42:10,684 [INFO] phase6.runner: [CYCLE 1082] 2026-05-26T05:42:10 | rebalance_needed=False | last_rebalance=2026-05-25
2026-05-26 05:47:10,685 [INFO] phase6.runner: [CYCLE 1083] 2026-05-26T05:47:10 | rebalance_needed=False | last_rebalance=2026-05-25
2026-05-26 05:52:10,685 [INFO] phase6.runner: [CYCLE 1084] 2026-05-26T05:52:10 | rebalance_needed=False | last_rebalance=2026-05-25
2026-05-26 05:57:10,685 [INFO] phase6.runner: [CYCLE 1085] 2026-05-26T05:57:10 | rebalance_needed=False | last_rebalance=2026-05-25
2026-05-26 06:02:10,686 [INFO] phase6.runner: [CYCLE 1086] 2026-05-26T06:02:10 | rebalance_needed=False | last_rebalance=2026-05-25
2026-05-26 06:07:10,686 [INFO] phase6.runner: [CYCLE 1087] 2026-05-26T06:07:10 | rebalance_needed=False | last_rebalance=2026-05-25
2026-05-26 06:12:10,686 [INFO] phase6.runner: [CYCLE 1088] 2026-05-26T06:12:10 | rebalance_needed=False | last_rebalance=2026-05-25
2026-05-26 06:17:10,687 [INFO] phase6.runner: [CYCLE 1089] 2026-05-26T06:17:10 | rebalance_needed=False | last_rebalance=2026-05-25
2026-05-26 06:22:10,687 [INFO] phase6.runner: [CYCLE 1090] 2026-05-26T06:22:10 | rebalance_needed=False | last_rebalance=2026-05-25
2026-05-26 06:27:10,687 [INFO] phase6.runner: [CYCLE 1091] 2026-05-26T06:27:10 | rebalance_needed=False | last_rebalance=2026-05-25
2026-05-26 06:32:10,688 [INFO] phase6.runner: [CYCLE 1092] 2026-05-26T06:32:10 | rebalance_needed=False | last_rebalance=2026-05-25
2026-05-26 06:37:10,688 [INFO] phase6.runner: [CYCLE 1093] 2026-05-26T06:37:10 | rebalance_needed=False | last_rebalance=2026-05-25
2026-05-26 06:42:10,688 [INFO] phase6.runner: [CYCLE 1094] 2026-05-26T06:42:10 | rebalance_needed=False | last_rebalance=2026-05-25
2026-05-26 06:47:10,689 [INFO] phase6.runner: [CYCLE 1095] 2026-05-26T06:47:10 | rebalance_needed=False | last_rebalance=2026-05-25
2026-05-26 06:52:10,689 [INFO] phase6.runner: [CYCLE 1096] 2026-05-26T06:52:10 | rebalance_needed=False | last_rebalance=2026-05-25
2026-05-26 06:57:10,689 [INFO] phase6.runner: [CYCLE 1097] 2026-05-26T06:57:10 | rebalance_needed=False | last_rebalance=2026-05-25
2026-05-26 07:02:10,690 [INFO] phase6.runner: [CYCLE 1098] 2026-05-26T07:02:10 | rebalance_needed=False | last_rebalance=2026-05-25
2026-05-26 07:07:10,690 [INFO] phase6.runner: [CYCLE 1099] 2026-05-26T07:07:10 | rebalance_needed=False | last_rebalance=2026-05-25
2026-05-26 07:12:10,690 [INFO] phase6.runner: [CYCLE 1100] 2026-05-26T07:12:10 | rebalance_needed=False | last_rebalance=2026-05-25
2026-05-26 07:17:10,691 [INFO] phase6.runner: [CYCLE 1101] 2026-05-26T07:17:10 | rebalance_needed=False | last_rebalance=2026-05-25
2026-05-26 07:22:10,691 [INFO] phase6.runner: [CYCLE 1102] 2026-05-26T07:22:10 | rebalance_needed=False | last_rebalance=2026-05-25
2026-05-26 07:27:10,691 [INFO] phase6.runner: [CYCLE 1103] 2026-05-26T07:27:10 | rebalance_needed=False | last_rebalance=2026-05-25
2026-05-26 07:32:10,692 [INFO] phase6.runner: [CYCLE 1104] 2026-05-26T07:32:10 | rebalance_needed=False | last_rebalance=2026-05-25
2026-05-26 07:37:10,692 [INFO] phase6.runner: [CYCLE 1105] 2026-05-26T07:37:10 | rebalance_needed=False | last_rebalance=2026-05-25
2026-05-26 07:42:10,692 [INFO] phase6.runner: [CYCLE 1106] 2026-05-26T07:42:10 | rebalance_needed=False | last_rebalance=2026-05-25
2026-05-26 07:47:10,693 [INFO] phase6.runner: [CYCLE 1107] 2026-05-26T07:47:10 | rebalance_needed=False | last_rebalance=2026-05-25
2026-05-26 07:52:10,693 [INFO] phase6.runner: [CYCLE 1108] 2026-05-26T07:52:10 | rebalance_needed=False | last_rebalance=2026-05-25
2026-05-26 07:57:10,693 [INFO] phase6.runner: [CYCLE 1109] 2026-05-26T07:57:10 | rebalance_needed=False | last_rebalance=2026-05-25
2026-05-26 08:02:10,694 [INFO] phase6.runner: [CYCLE 1110] 2026-05-26T08:02:10 | rebalance_needed=False | last_rebalance=2026-05-25
2026-05-26 08:07:10,694 [INFO] phase6.runner: [CYCLE 1111] 2026-05-26T08:07:10 | rebalance_needed=False | last_rebalance=2026-05-25
2026-05-26 08:12:10,695 [INFO] phase6.runner: [CYCLE 1112] 2026-05-26T08:12:10 | rebalance_needed=False | last_rebalance=2026-05-25
2026-05-26 08:17:10,695 [INFO] phase6.runner: [CYCLE 1113] 2026-05-26T08:17:10 | rebalance_needed=False | last_rebalance=2026-05-25
2026-05-26 08:22:10,695 [INFO] phase6.runner: [CYCLE 1114] 2026-05-26T08:22:10 | rebalance_needed=False | last_rebalance=2026-05-25
2026-05-26 08:27:10,696 [INFO] phase6.runner: [CYCLE 1115] 2026-05-26T08:27:10 | rebalance_needed=False | last_rebalance=2026-05-25
2026-05-26 08:32:10,696 [INFO] phase6.runner: [CYCLE 1116] 2026-05-26T08:32:10 | rebalance_needed=False | last_rebalance=2026-05-25
2026-05-26 08:37:10,696 [INFO] phase6.runner: [CYCLE 1117] 2026-05-26T08:37:10 | rebalance_needed=False | last_rebalance=2026-05-25
2026-05-26 08:42:10,697 [INFO] phase6.runner: [CYCLE 1118] 2026-05-26T08:42:10 | rebalance_needed=False | last_rebalance=2026-05-25
2026-05-26 08:47:10,697 [INFO] phase6.runner: [CYCLE 1119] 2026-05-26T08:47:10 | rebalance_needed=False | last_rebalance=2026-05-25
2026-05-26 08:52:10,697 [INFO] phase6.runner: [CYCLE 1120] 2026-05-26T08:52:10 | rebalance_needed=False | last_rebalance=2026-05-25
2026-05-26 08:57:10,698 [INFO] phase6.runner: [CYCLE 1121] 2026-05-26T08:57:10 | rebalance_needed=False | last_rebalance=2026-05-25
2026-05-26 09:02:10,698 [INFO] phase6.runner: [CYCLE 1122] 2026-05-26T09:02:10 | rebalance_needed=True | last_rebalance=2026-05-25
2026-05-26 09:02:10,698 [INFO] phase6.runner: === Daily Rebalance ===
2026-05-26 09:02:11,107 [INFO] phase6.runner: Daily Rebalance: cash=$249.59 | target_weights={'BTC-USD': 0.2, 'ETH-USD': 0.2, 'SOL-USD': 0.2, 'XRP-USD': 0.2, 'DOGE-USD': 0.2}
2026-05-26 09:02:11,108 [INFO] phase6.runner: Daily rebalance completed. Executed=0, Skipped=0
2026-05-26 09:02:11,759 [INFO] phase6.runner: Telegram digest sent successfully
2026-05-26 09:07:11,761 [INFO] phase6.runner: [CYCLE 1123] 2026-05-26T09:07:11 | rebalance_needed=False | last_rebalance=2026-05-26
2026-05-26 09:12:11,761 [INFO] phase6.runner: [CYCLE 1124] 2026-05-26T09:12:11 | rebalance_needed=False | last_rebalance=2026-05-26
2026-05-26 09:17:11,762 [INFO] phase6.runner: [CYCLE 1125] 2026-05-26T09:17:11 | rebalance_needed=False | last_rebalance=2026-05-26
2026-05-26 09:22:11,762 [INFO] phase6.runner: [CYCLE 1126] 2026-05-26T09:22:11 | rebalance_needed=False | last_rebalance=2026-05-26
2026-05-26 09:27:11,762 [INFO] phase6.runner: [CYCLE 1127] 2026-05-26T09:27:11 | rebalance_needed=False | last_rebalance=2026-05-26
2026-05-26 09:32:11,763 [INFO] phase6.runner: [CYCLE 1128] 2026-05-26T09:32:11 | rebalance_needed=False | last_rebalance=2026-05-26
2026-05-26 09:37:11,763 [INFO] phase6.runner: [CYCLE 1129] 2026-05-26T09:37:11 | rebalance_needed=False | last_rebalance=2026-05-26
2026-05-26 09:42:11,763 [INFO] phase6.runner: [CYCLE 1130] 2026-05-26T09:42:11 | rebalance_needed=False | last_rebalance=2026-05-26
2026-05-26 09:47:11,764 [INFO] phase6.runner: [CYCLE 1131] 2026-05-26T09:47:11 | rebalance_needed=False | last_rebalance=2026-05-26
2026-05-26 09:52:11,764 [INFO] phase6.runner: [CYCLE 1132] 2026-05-26T09:52:11 | rebalance_needed=False | last_rebalance=2026-05-26
2026-05-26 09:57:11,764 [INFO] phase6.runner: [CYCLE 1133] 2026-05-26T09:57:11 | rebalance_needed=False | last_rebalance=2026-05-26
2026-05-26 10:02:11,765 [INFO] phase6.runner: [CYCLE 1134] 2026-05-26T10:02:11 | rebalance_needed=False | last_rebalance=2026-05-26
2026-05-26 10:07:11,765 [INFO] phase6.runner: [CYCLE 1135] 2026-05-26T10:07:11 | rebalance_needed=False | last_rebalance=2026-05-26
2026-05-26 10:12:11,765 [INFO] phase6.runner: [CYCLE 1136] 2026-05-26T10:12:11 | rebalance_needed=False | last_rebalance=2026-05-26
2026-05-26 10:17:11,766 [INFO] phase6.runner: [CYCLE 1137] 2026-05-26T10:17:11 | rebalance_needed=False | last_rebalance=2026-05-26
2026-05-26 10:22:11,766 [INFO] phase6.runner: [CYCLE 1138] 2026-05-26T10:22:11 | rebalance_needed=False | last_rebalance=2026-05-26
2026-05-26 10:27:11,766 [INFO] phase6.runner: [CYCLE 1139] 2026-05-26T10:27:11 | rebalance_needed=False | last_rebalance=2026-05-26
2026-05-26 10:32:11,767 [INFO] phase6.runner: [CYCLE 1140] 2026-05-26T10:32:11 | rebalance_needed=False | last_rebalance=2026-05-26
2026-05-26 10:37:11,767 [INFO] phase6.runner: [CYCLE 1141] 2026-05-26T10:37:11 | rebalance_needed=False | last_rebalance=2026-05-26
2026-05-26 10:42:11,767 [INFO] phase6.runner: [CYCLE 1142] 2026-05-26T10:42:11 | rebalance_needed=False | last_rebalance=2026-05-26
2026-05-26 10:47:11,768 [INFO] phase6.runner: [CYCLE 1143] 2026-05-26T10:47:11 | rebalance_needed=False | last_rebalance=2026-05-26
2026-05-26 10:52:11,768 [INFO] phase6.runner: [CYCLE 1144] 2026-05-26T10:52:11 | rebalance_needed=False | last_rebalance=2026-05-26
2026-05-26 10:57:11,768 [INFO] phase6.runner: [CYCLE 1145] 2026-05-26T10:57:11 | rebalance_needed=False | last_rebalance=2026-05-26
2026-05-26 11:02:11,769 [INFO] phase6.runner: [CYCLE 1146] 2026-05-26T11:02:11 | rebalance_needed=False | last_rebalance=2026-05-26
2026-05-26 11:07:11,769 [INFO] phase6.runner: [CYCLE 1147] 2026-05-26T11:07:11 | rebalance_needed=False | last_rebalance=2026-05-26
2026-05-26 11:12:11,769 [INFO] phase6.runner: [CYCLE 1148] 2026-05-26T11:12:11 | rebalance_needed=False | last_rebalance=2026-05-26
2026-05-26 11:17:11,770 [INFO] phase6.runner: [CYCLE 1149] 2026-05-26T11:17:11 | rebalance_needed=False | last_rebalance=2026-05-26
2026-05-26 11:22:11,770 [INFO] phase6.runner: [CYCLE 1150] 2026-05-26T11:22:11 | rebalance_needed=False | last_rebalance=2026-05-26
2026-05-26 11:27:11,770 [INFO] phase6.runner: [CYCLE 1151] 2026-05-26T11:27:11 | rebalance_needed=False | last_rebalance=2026-05-26
2026-05-26 11:32:11,771 [INFO] phase6.runner: [CYCLE 1152] 2026-05-26T11:32:11 | rebalance_needed=False | last_rebalance=2026-05-26
2026-05-26 11:37:11,771 [INFO] phase6.runner: [CYCLE 1153] 2026-05-26T11:37:11 | rebalance_needed=False | last_rebalance=2026-05-26
2026-05-26 11:42:11,771 [INFO] phase6.runner: [CYCLE 1154] 2026-05-26T11:42:11 | rebalance_needed=False | last_rebalance=2026-05-26
2026-05-26 11:47:11,772 [INFO] phase6.runner: [CYCLE 1155] 2026-05-26T11:47:11 | rebalance_needed=False | last_rebalance=2026-05-26
2026-05-26 11:52:11,772 [INFO] phase6.runner: [CYCLE 1156] 2026-05-26T11:52:11 | rebalance_needed=False | last_rebalance=2026-05-26
2026-05-26 11:57:11,773 [INFO] phase6.runner: [CYCLE 1157] 2026-05-26T11:57:11 | rebalance_needed=False | last_rebalance=2026-05-26
2026-05-26 12:02:11,773 [INFO] phase6.runner: [CYCLE 1158] 2026-05-26T12:02:11 | rebalance_needed=False | last_rebalance=2026-05-26
2026-05-26 12:07:11,773 [INFO] phase6.runner: [CYCLE 1159] 2026-05-26T12:07:11 | rebalance_needed=False | last_rebalance=2026-05-26
2026-05-26 12:12:11,774 [INFO] phase6.runner: [CYCLE 1160] 2026-05-26T12:12:11 | rebalance_needed=False | last_rebalance=2026-05-26
2026-05-26 12:17:11,774 [INFO] phase6.runner: [CYCLE 1161] 2026-05-26T12:17:11 | rebalance_needed=False | last_rebalance=2026-05-26
2026-05-26 12:22:11,774 [INFO] phase6.runner: [CYCLE 1162] 2026-05-26T12:22:11 | rebalance_needed=False | last_rebalance=2026-05-26
2026-05-26 12:27:11,775 [INFO] phase6.runner: [CYCLE 1163] 2026-05-26T12:27:11 | rebalance_needed=False | last_rebalance=2026-05-26
2026-05-26 12:32:11,775 [INFO] phase6.runner: [CYCLE 1164] 2026-05-26T12:32:11 | rebalance_needed=False | last_rebalance=2026-05-26
2026-05-26 12:37:11,775 [INFO] phase6.runner: [CYCLE 1165] 2026-05-26T12:37:11 | rebalance_needed=False | last_rebalance=2026-05-26
2026-05-26 12:42:11,776 [INFO] phase6.runner: [CYCLE 1166] 2026-05-26T12:42:11 | rebalance_needed=False | last_rebalance=2026-05-26
2026-05-26 12:47:11,776 [INFO] phase6.runner: [CYCLE 1167] 2026-05-26T12:47:11 | rebalance_needed=False | last_rebalance=2026-05-26
2026-05-26 12:52:11,776 [INFO] phase6.runner: [CYCLE 1168] 2026-05-26T12:52:11 | rebalance_needed=False | last_rebalance=2026-05-26
2026-05-26 12:57:11,777 [INFO] phase6.runner: [CYCLE 1169] 2026-05-26T12:57:11 | rebalance_needed=False | last_rebalance=2026-05-26
2026-05-26 13:02:11,777 [INFO] phase6.runner: [CYCLE 1170] 2026-05-26T13:02:11 | rebalance_needed=False | last_rebalance=2026-05-26
2026-05-26 13:07:11,777 [INFO] phase6.runner: [CYCLE 1171] 2026-05-26T13:07:11 | rebalance_needed=False | last_rebalance=2026-05-26
2026-05-26 13:12:11,778 [INFO] phase6.runner: [CYCLE 1172] 2026-05-26T13:12:11 | rebalance_needed=False | last_rebalance=2026-05-26
2026-05-26 13:17:11,778 [INFO] phase6.runner: [CYCLE 1173] 2026-05-26T13:17:11 | rebalance_needed=False | last_rebalance=2026-05-26
2026-05-26 13:22:11,778 [INFO] phase6.runner: [CYCLE 1174] 2026-05-26T13:22:11 | rebalance_needed=False | last_rebalance=2026-05-26
2026-05-26 13:27:11,779 [INFO] phase6.runner: [CYCLE 1175] 2026-05-26T13:27:11 | rebalance_needed=False | last_rebalance=2026-05-26
2026-05-26 13:32:11,779 [INFO] phase6.runner: [CYCLE 1176] 2026-05-26T13:32:11 | rebalance_needed=False | last_rebalance=2026-05-26
2026-05-26 13:37:11,779 [INFO] phase6.runner: [CYCLE 1177] 2026-05-26T13:37:11 | rebalance_needed=False | last_rebalance=2026-05-26
2026-05-26 13:42:11,780 [INFO] phase6.runner: [CYCLE 1178] 2026-05-26T13:42:11 | rebalance_needed=False | last_rebalance=2026-05-26
2026-05-26 13:47:11,780 [INFO] phase6.runner: [CYCLE 1179] 2026-05-26T13:47:11 | rebalance_needed=False | last_rebalance=2026-05-26
2026-05-26 13:52:11,781 [INFO] phase6.runner: [CYCLE 1180] 2026-05-26T13:52:11 | rebalance_needed=False | last_rebalance=2026-05-26
2026-05-26 13:57:11,781 [INFO] phase6.runner: [CYCLE 1181] 2026-05-26T13:57:11 | rebalance_needed=False | last_rebalance=2026-05-26
2026-05-26 14:02:11,781 [INFO] phase6.runner: [CYCLE 1182] 2026-05-26T14:02:11 | rebalance_needed=False | last_rebalance=2026-05-26
2026-05-26 14:07:11,781 [INFO] phase6.runner: [CYCLE 1183] 2026-05-26T14:07:11 | rebalance_needed=False | last_rebalance=2026-05-26
2026-05-26 14:12:11,782 [INFO] phase6.runner: [CYCLE 1184] 2026-05-26T14:12:11 | rebalance_needed=False | last_rebalance=2026-05-26
2026-05-26 14:17:11,782 [INFO] phase6.runner: [CYCLE 1185] 2026-05-26T14:17:11 | rebalance_needed=False | last_rebalance=2026-05-26
2026-05-26 14:22:11,783 [INFO] phase6.runner: [CYCLE 1186] 2026-05-26T14:22:11 | rebalance_needed=False | last_rebalance=2026-05-26
2026-05-26 14:27:11,783 [INFO] phase6.runner: [CYCLE 1187] 2026-05-26T14:27:11 | rebalance_needed=False | last_rebalance=2026-05-26
2026-05-26 14:32:11,783 [INFO] phase6.runner: [CYCLE 1188] 2026-05-26T14:32:11 | rebalance_needed=False | last_rebalance=2026-05-26
2026-05-26 14:37:11,783 [INFO] phase6.runner: [CYCLE 1189] 2026-05-26T14:37:11 | rebalance_needed=False | last_rebalance=2026-05-26
2026-05-26 14:42:11,784 [INFO] phase6.runner: [CYCLE 1190] 2026-05-26T14:42:11 | rebalance_needed=False | last_rebalance=2026-05-26
2026-05-26 14:47:11,784 [INFO] phase6.runner: [CYCLE 1191] 2026-05-26T14:47:11 | rebalance_needed=False | last_rebalance=2026-05-26
2026-05-26 14:52:11,784 [INFO] phase6.runner: [CYCLE 1192] 2026-05-26T14:52:11 | rebalance_needed=False | last_rebalance=2026-05-26
2026-05-26 14:57:11,785 [INFO] phase6.runner: [CYCLE 1193] 2026-05-26T14:57:11 | rebalance_needed=False | last_rebalance=2026-05-26
2026-05-26 15:02:11,785 [INFO] phase6.runner: [CYCLE 1194] 2026-05-26T15:02:11 | rebalance_needed=False | last_rebalance=2026-05-26
2026-05-26 15:07:11,785 [INFO] phase6.runner: [CYCLE 1195] 2026-05-26T15:07:11 | rebalance_needed=False | last_rebalance=2026-05-26
2026-05-26 15:12:11,786 [INFO] phase6.runner: [CYCLE 1196] 2026-05-26T15:12:11 | rebalance_needed=False | last_rebalance=2026-05-26
2026-05-26 15:17:11,786 [INFO] phase6.runner: [CYCLE 1197] 2026-05-26T15:17:11 | rebalance_needed=False | last_rebalance=2026-05-26
2026-05-26 15:22:11,786 [INFO] phase6.runner: [CYCLE 1198] 2026-05-26T15:22:11 | rebalance_needed=False | last_rebalance=2026-05-26
2026-05-26 15:27:11,787 [INFO] phase6.runner: [CYCLE 1199] 2026-05-26T15:27:11 | rebalance_needed=False | last_rebalance=2026-05-26
2026-05-26 15:32:11,787 [INFO] phase6.runner: [CYCLE 1200] 2026-05-26T15:32:11 | rebalance_needed=False | last_rebalance=2026-05-26
2026-05-26 15:37:11,787 [INFO] phase6.runner: [CYCLE 1201] 2026-05-26T15:37:11 | rebalance_needed=False | last_rebalance=2026-05-26
2026-05-26 15:42:11,788 [INFO] phase6.runner: [CYCLE 1202] 2026-05-26T15:42:11 | rebalance_needed=False | last_rebalance=2026-05-26
2026-05-26 15:47:11,788 [INFO] phase6.runner: [CYCLE 1203] 2026-05-26T15:47:11 | rebalance_needed=False | last_rebalance=2026-05-26
2026-05-26 15:52:11,788 [INFO] phase6.runner: [CYCLE 1204] 2026-05-26T15:52:11 | rebalance_needed=False | last_rebalance=2026-05-26
2026-05-26 15:57:11,789 [INFO] phase6.runner: [CYCLE 1205] 2026-05-26T15:57:11 | rebalance_needed=False | last_rebalance=2026-05-26
2026-05-26 16:02:11,789 [INFO] phase6.runner: [CYCLE 1206] 2026-05-26T16:02:11 | rebalance_needed=False | last_rebalance=2026-05-26
2026-05-26 16:07:11,789 [INFO] phase6.runner: [CYCLE 1207] 2026-05-26T16:07:11 | rebalance_needed=False | last_rebalance=2026-05-26
2026-05-26 16:12:11,790 [INFO] phase6.runner: [CYCLE 1208] 2026-05-26T16:12:11 | rebalance_needed=False | last_rebalance=2026-05-26
2026-05-26 16:17:11,790 [INFO] phase6.runner: [CYCLE 1209] 2026-05-26T16:17:11 | rebalance_needed=False | last_rebalance=2026-05-26
2026-05-26 16:22:11,790 [INFO] phase6.runner: [CYCLE 1210] 2026-05-26T16:22:11 | rebalance_needed=False | last_rebalance=2026-05-26
2026-05-26 16:27:11,791 [INFO] phase6.runner: [CYCLE 1211] 2026-05-26T16:27:11 | rebalance_needed=False | last_rebalance=2026-05-26
2026-05-26 16:32:11,791 [INFO] phase6.runner: [CYCLE 1212] 2026-05-26T16:32:11 | rebalance_needed=False | last_rebalance=2026-05-26
2026-05-26 16:37:11,791 [INFO] phase6.runner: [CYCLE 1213] 2026-05-26T16:37:11 | rebalance_needed=False | last_rebalance=2026-05-26
2026-05-26 16:42:11,792 [INFO] phase6.runner: [CYCLE 1214] 2026-05-26T16:42:11 | rebalance_needed=False | last_rebalance=2026-05-26
2026-05-26 16:47:11,792 [INFO] phase6.runner: [CYCLE 1215] 2026-05-26T16:47:11 | rebalance_needed=False | last_rebalance=2026-05-26
2026-05-26 16:52:11,792 [INFO] phase6.runner: [CYCLE 1216] 2026-05-26T16:52:11 | rebalance_needed=False | last_rebalance=2026-05-26
2026-05-26 16:57:11,793 [INFO] phase6.runner: [CYCLE 1217] 2026-05-26T16:57:11 | rebalance_needed=False | last_rebalance=2026-05-26
2026-05-26 17:02:11,793 [INFO] phase6.runner: [CYCLE 1218] 2026-05-26T17:02:11 | rebalance_needed=False | last_rebalance=2026-05-26
2026-05-26 17:07:11,793 [INFO] phase6.runner: [CYCLE 1219] 2026-05-26T17:07:11 | rebalance_needed=False | last_rebalance=2026-05-26
2026-05-26 17:12:11,794 [INFO] phase6.runner: [CYCLE 1220] 2026-05-26T17:12:11 | rebalance_needed=False | last_rebalance=2026-05-26
2026-05-26 17:17:11,794 [INFO] phase6.runner: [CYCLE 1221] 2026-05-26T17:17:11 | rebalance_needed=False | last_rebalance=2026-05-26
2026-05-26 17:22:11,794 [INFO] phase6.runner: [CYCLE 1222] 2026-05-26T17:22:11 | rebalance_needed=False | last_rebalance=2026-05-26
2026-05-26 17:27:11,795 [INFO] phase6.runner: [CYCLE 1223] 2026-05-26T17:27:11 | rebalance_needed=False | last_rebalance=2026-05-26
2026-05-26 17:32:11,795 [INFO] phase6.runner: [CYCLE 1224] 2026-05-26T17:32:11 | rebalance_needed=False | last_rebalance=2026-05-26
2026-05-26 17:37:11,795 [INFO] phase6.runner: [CYCLE 1225] 2026-05-26T17:37:11 | rebalance_needed=False | last_rebalance=2026-05-26
2026-05-26 17:42:11,796 [INFO] phase6.runner: [CYCLE 1226] 2026-05-26T17:42:11 | rebalance_needed=False | last_rebalance=2026-05-26
2026-05-26 17:47:11,796 [INFO] phase6.runner: [CYCLE 1227] 2026-05-26T17:47:11 | rebalance_needed=False | last_rebalance=2026-05-26
2026-05-26 17:52:11,796 [INFO] phase6.runner: [CYCLE 1228] 2026-05-26T17:52:11 | rebalance_needed=False | last_rebalance=2026-05-26
2026-05-26 17:57:11,797 [INFO] phase6.runner: [CYCLE 1229] 2026-05-26T17:57:11 | rebalance_needed=False | last_rebalance=2026-05-26
2026-05-26 18:02:11,797 [INFO] phase6.runner: [CYCLE 1230] 2026-05-26T18:02:11 | rebalance_needed=False | last_rebalance=2026-05-26
2026-05-26 18:07:11,797 [INFO] phase6.runner: [CYCLE 1231] 2026-05-26T18:07:11 | rebalance_needed=False | last_rebalance=2026-05-26
2026-05-26 18:12:11,798 [INFO] phase6.runner: [CYCLE 1232] 2026-05-26T18:12:11 | rebalance_needed=False | last_rebalance=2026-05-26
2026-05-26 18:17:11,798 [INFO] phase6.runner: [CYCLE 1233] 2026-05-26T18:17:11 | rebalance_needed=False | last_rebalance=2026-05-26
2026-05-26 18:22:11,798 [INFO] phase6.runner: [CYCLE 1234] 2026-05-26T18:22:11 | rebalance_needed=False | last_rebalance=2026-05-26
2026-05-26 18:27:11,799 [INFO] phase6.runner: [CYCLE 1235] 2026-05-26T18:27:11 | rebalance_needed=False | last_rebalance=2026-05-26
2026-05-26 18:32:11,799 [INFO] phase6.runner: [CYCLE 1236] 2026-05-26T18:32:11 | rebalance_needed=False | last_rebalance=2026-05-26
2026-05-26 18:37:11,799 [INFO] phase6.runner: [CYCLE 1237] 2026-05-26T18:37:11 | rebalance_needed=False | last_rebalance=2026-05-26
2026-05-26 18:42:11,800 [INFO] phase6.runner: [CYCLE 1238] 2026-05-26T18:42:11 | rebalance_needed=False | last_rebalance=2026-05-26
2026-05-26 18:47:11,800 [INFO] phase6.runner: [CYCLE 1239] 2026-05-26T18:47:11 | rebalance_needed=False | last_rebalance=2026-05-26
2026-05-26 18:52:11,800 [INFO] phase6.runner: [CYCLE 1240] 2026-05-26T18:52:11 | rebalance_needed=False | last_rebalance=2026-05-26
2026-05-26 18:57:11,801 [INFO] phase6.runner: [CYCLE 1241] 2026-05-26T18:57:11 | rebalance_needed=False | last_rebalance=2026-05-26
2026-05-26 19:02:11,801 [INFO] phase6.runner: [CYCLE 1242] 2026-05-26T19:02:11 | rebalance_needed=False | last_rebalance=2026-05-26
2026-05-26 19:07:11,801 [INFO] phase6.runner: [CYCLE 1243] 2026-05-26T19:07:11 | rebalance_needed=False | last_rebalance=2026-05-26
2026-05-26 19:12:11,802 [INFO] phase6.runner: [CYCLE 1244] 2026-05-26T19:12:11 | rebalance_needed=False | last_rebalance=2026-05-26
2026-05-26 19:17:11,802 [INFO] phase6.runner: [CYCLE 1245] 2026-05-26T19:17:11 | rebalance_needed=False | last_rebalance=2026-05-26
2026-05-26 19:22:11,802 [INFO] phase6.runner: [CYCLE 1246] 2026-05-26T19:22:11 | rebalance_needed=False | last_rebalance=2026-05-26
2026-05-26 19:27:11,803 [INFO] phase6.runner: [CYCLE 1247] 2026-05-26T19:27:11 | rebalance_needed=False | last_rebalance=2026-05-26
2026-05-26 19:32:11,803 [INFO] phase6.runner: [CYCLE 1248] 2026-05-26T19:32:11 | rebalance_needed=False | last_rebalance=2026-05-26
2026-05-26 19:37:11,803 [INFO] phase6.runner: [CYCLE 1249] 2026-05-26T19:37:11 | rebalance_needed=False | last_rebalance=2026-05-26
2026-05-26 19:42:11,804 [INFO] phase6.runner: [CYCLE 1250] 2026-05-26T19:42:11 | rebalance_needed=False | last_rebalance=2026-05-26
2026-05-26 19:47:11,804 [INFO] phase6.runner: [CYCLE 1251] 2026-05-26T19:47:11 | rebalance_needed=False | last_rebalance=2026-05-26
2026-05-26 19:52:11,804 [INFO] phase6.runner: [CYCLE 1252] 2026-05-26T19:52:11 | rebalance_needed=False | last_rebalance=2026-05-26
2026-05-26 19:57:11,805 [INFO] phase6.runner: [CYCLE 1253] 2026-05-26T19:57:11 | rebalance_needed=False | last_rebalance=2026-05-26
2026-05-26 20:02:11,805 [INFO] phase6.runner: [CYCLE 1254] 2026-05-26T20:02:11 | rebalance_needed=False | last_rebalance=2026-05-26
2026-05-26 20:07:11,805 [INFO] phase6.runner: [CYCLE 1255] 2026-05-26T20:07:11 | rebalance_needed=False | last_rebalance=2026-05-26
2026-05-26 20:12:11,806 [INFO] phase6.runner: [CYCLE 1256] 2026-05-26T20:12:11 | rebalance_needed=False | last_rebalance=2026-05-26
2026-05-26 20:17:11,806 [INFO] phase6.runner: [CYCLE 1257] 2026-05-26T20:17:11 | rebalance_needed=False | last_rebalance=2026-05-26
2026-05-26 20:22:11,806 [INFO] phase6.runner: [CYCLE 1258] 2026-05-26T20:22:11 | rebalance_needed=False | last_rebalance=2026-05-26
2026-05-26 20:27:11,807 [INFO] phase6.runner: [CYCLE 1259] 2026-05-26T20:27:11 | rebalance_needed=False | last_rebalance=2026-05-26
2026-05-26 20:32:11,807 [INFO] phase6.runner: [CYCLE 1260] 2026-05-26T20:32:11 | rebalance_needed=False | last_rebalance=2026-05-26
2026-05-26 20:37:11,807 [INFO] phase6.runner: [CYCLE 1261] 2026-05-26T20:37:11 | rebalance_needed=False | last_rebalance=2026-05-26
2026-05-26 20:42:11,808 [INFO] phase6.runner: [CYCLE 1262] 2026-05-26T20:42:11 | rebalance_needed=False | last_rebalance=2026-05-26
2026-05-26 20:47:11,808 [INFO] phase6.runner: [CYCLE 1263] 2026-05-26T20:47:11 | rebalance_needed=False | last_rebalance=2026-05-26
2026-05-26 20:52:11,808 [INFO] phase6.runner: [CYCLE 1264] 2026-05-26T20:52:11 | rebalance_needed=False | last_rebalance=2026-05-26
2026-05-26 20:57:11,809 [INFO] phase6.runner: [CYCLE 1265] 2026-05-26T20:57:11 | rebalance_needed=False | last_rebalance=2026-05-26
2026-05-26 21:02:11,809 [INFO] phase6.runner: [CYCLE 1266] 2026-05-26T21:02:11 | rebalance_needed=False | last_rebalance=2026-05-26
2026-05-26 21:07:11,809 [INFO] phase6.runner: [CYCLE 1267] 2026-05-26T21:07:11 | rebalance_needed=False | last_rebalance=2026-05-26
2026-05-26 21:12:11,810 [INFO] phase6.runner: [CYCLE 1268] 2026-05-26T21:12:11 | rebalance_needed=False | last_rebalance=2026-05-26
2026-05-26 21:17:11,810 [INFO] phase6.runner: [CYCLE 1269] 2026-05-26T21:17:11 | rebalance_needed=False | last_rebalance=2026-05-26
2026-05-26 21:22:11,810 [INFO] phase6.runner: [CYCLE 1270] 2026-05-26T21:22:11 | rebalance_needed=False | last_rebalance=2026-05-26
2026-05-26 21:27:11,811 [INFO] phase6.runner: [CYCLE 1271] 2026-05-26T21:27:11 | rebalance_needed=False | last_rebalance=2026-05-26
2026-05-26 21:32:11,811 [INFO] phase6.runner: [CYCLE 1272] 2026-05-26T21:32:11 | rebalance_needed=False | last_rebalance=2026-05-26
2026-05-26 21:37:11,811 [INFO] phase6.runner: [CYCLE 1273] 2026-05-26T21:37:11 | rebalance_needed=False | last_rebalance=2026-05-26
2026-05-26 21:42:11,812 [INFO] phase6.runner: [CYCLE 1274] 2026-05-26T21:42:11 | rebalance_needed=False | last_rebalance=2026-05-26
2026-05-26 21:47:11,812 [INFO] phase6.runner: [CYCLE 1275] 2026-05-26T21:47:11 | rebalance_needed=False | last_rebalance=2026-05-26
2026-05-26 21:52:11,812 [INFO] phase6.runner: [CYCLE 1276] 2026-05-26T21:52:11 | rebalance_needed=False | last_rebalance=2026-05-26
2026-05-26 21:57:11,813 [INFO] phase6.runner: [CYCLE 1277] 2026-05-26T21:57:11 | rebalance_needed=False | last_rebalance=2026-05-26
2026-05-26 22:02:11,813 [INFO] phase6.runner: [CYCLE 1278] 2026-05-26T22:02:11 | rebalance_needed=False | last_rebalance=2026-05-26
2026-05-26 22:07:11,813 [INFO] phase6.runner: [CYCLE 1279] 2026-05-26T22:07:11 | rebalance_needed=False | last_rebalance=2026-05-26
2026-05-26 22:12:11,814 [INFO] phase6.runner: [CYCLE 1280] 2026-05-26T22:12:11 | rebalance_needed=False | last_rebalance=2026-05-26
2026-05-26 22:17:11,814 [INFO] phase6.runner: [CYCLE 1281] 2026-05-26T22:17:11 | rebalance_needed=False | last_rebalance=2026-05-26
2026-05-26 22:22:11,814 [INFO] phase6.runner: [CYCLE 1282] 2026-05-26T22:22:11 | rebalance_needed=False | last_rebalance=2026-05-26
2026-05-26 22:27:11,815 [INFO] phase6.runner: [CYCLE 1283] 2026-05-26T22:27:11 | rebalance_needed=False | last_rebalance=2026-05-26
2026-05-26 22:32:11,815 [INFO] phase6.runner: [CYCLE 1284] 2026-05-26T22:32:11 | rebalance_needed=False | last_rebalance=2026-05-26
2026-05-26 22:37:11,815 [INFO] phase6.runner: [CYCLE 1285] 2026-05-26T22:37:11 | rebalance_needed=False | last_rebalance=2026-05-26
2026-05-26 22:42:11,816 [INFO] phase6.runner: [CYCLE 1286] 2026-05-26T22:42:11 | rebalance_needed=False | last_rebalance=2026-05-26
2026-05-26 22:47:11,816 [INFO] phase6.runner: [CYCLE 1287] 2026-05-26T22:47:11 | rebalance_needed=False | last_rebalance=2026-05-26
2026-05-26 22:52:11,816 [INFO] phase6.runner: [CYCLE 1288] 2026-05-26T22:52:11 | rebalance_needed=False | last_rebalance=2026-05-26
2026-05-26 22:57:11,817 [INFO] phase6.runner: [CYCLE 1289] 2026-05-26T22:57:11 | rebalance_needed=False | last_rebalance=2026-05-26
2026-05-26 23:02:11,817 [INFO] phase6.runner: [CYCLE 1290] 2026-05-26T23:02:11 | rebalance_needed=False | last_rebalance=2026-05-26
2026-05-26 23:07:11,817 [INFO] phase6.runner: [CYCLE 1291] 2026-05-26T23:07:11 | rebalance_needed=False | last_rebalance=2026-05-26
2026-05-26 23:12:11,818 [INFO] phase6.runner: [CYCLE 1292] 2026-05-26T23:12:11 | rebalance_needed=False | last_rebalance=2026-05-26
2026-05-26 23:17:11,818 [INFO] phase6.runner: [CYCLE 1293] 2026-05-26T23:17:11 | rebalance_needed=False | last_rebalance=2026-05-26
2026-05-26 23:22:11,818 [INFO] phase6.runner: [CYCLE 1294] 2026-05-26T23:22:11 | rebalance_needed=False | last_rebalance=2026-05-26
2026-05-26 23:27:11,819 [INFO] phase6.runner: [CYCLE 1295] 2026-05-26T23:27:11 | rebalance_needed=False | last_rebalance=2026-05-26
2026-05-26 23:32:11,819 [INFO] phase6.runner: [CYCLE 1296] 2026-05-26T23:32:11 | rebalance_needed=False | last_rebalance=2026-05-26
2026-05-26 23:37:11,819 [INFO] phase6.runner: [CYCLE 1297] 2026-05-26T23:37:11 | rebalance_needed=False | last_rebalance=2026-05-26
2026-05-26 23:42:11,820 [INFO] phase6.runner: [CYCLE 1298] 2026-05-26T23:42:11 | rebalance_needed=False | last_rebalance=2026-05-26
2026-05-26 23:47:11,820 [INFO] phase6.runner: [CYCLE 1299] 2026-05-26T23:47:11 | rebalance_needed=False | last_rebalance=2026-05-26
2026-05-26 23:52:11,820 [INFO] phase6.runner: [CYCLE 1300] 2026-05-26T23:52:11 | rebalance_needed=False | last_rebalance=2026-05-26
2026-05-26 23:57:11,821 [INFO] phase6.runner: [CYCLE 1301] 2026-05-26T23:57:11 | rebalance_needed=False | last_rebalance=2026-05-26
2026-05-27 00:02:11,821 [INFO] phase6.runner: [CYCLE 1302] 2026-05-27T00:02:11 | rebalance_needed=False | last_rebalance=2026-05-26
2026-05-27 00:07:11,821 [INFO] phase6.runner: [CYCLE 1303] 2026-05-27T00:07:11 | rebalance_needed=False | last_rebalance=2026-05-26
2026-05-27 00:12:11,822 [INFO] phase6.runner: [CYCLE 1304] 2026-05-27T00:12:11 | rebalance_needed=False | last_rebalance=2026-05-26
2026-05-27 00:17:11,822 [INFO] phase6.runner: [CYCLE 1305] 2026-05-27T00:17:11 | rebalance_needed=False | last_rebalance=2026-05-26
2026-05-27 00:22:11,822 [INFO] phase6.runner: [CYCLE 1306] 2026-05-27T00:22:11 | rebalance_needed=False | last_rebalance=2026-05-26
2026-05-27 00:27:11,823 [INFO] phase6.runner: [CYCLE 1307] 2026-05-27T00:27:11 | rebalance_needed=False | last_rebalance=2026-05-26
2026-05-27 00:32:11,823 [INFO] phase6.runner: [CYCLE 1308] 2026-05-27T00:32:11 | rebalance_needed=False | last_rebalance=2026-05-26
2026-05-27 00:37:11,823 [INFO] phase6.runner: [CYCLE 1309] 2026-05-27T00:37:11 | rebalance_needed=False | last_rebalance=2026-05-26
2026-05-27 00:42:11,824 [INFO] phase6.runner: [CYCLE 1310] 2026-05-27T00:42:11 | rebalance_needed=False | last_rebalance=2026-05-26
2026-05-27 00:47:11,824 [INFO] phase6.runner: [CYCLE 1311] 2026-05-27T00:47:11 | rebalance_needed=False | last_rebalance=2026-05-26
2026-05-27 00:52:11,824 [INFO] phase6.runner: [CYCLE 1312] 2026-05-27T00:52:11 | rebalance_needed=False | last_rebalance=2026-05-26
2026-05-27 00:57:11,825 [INFO] phase6.runner: [CYCLE 1313] 2026-05-27T00:57:11 | rebalance_needed=False | last_rebalance=2026-05-26
2026-05-27 01:02:11,825 [INFO] phase6.runner: [CYCLE 1314] 2026-05-27T01:02:11 | rebalance_needed=False | last_rebalance=2026-05-26
2026-05-27 01:07:11,825 [INFO] phase6.runner: [CYCLE 1315] 2026-05-27T01:07:11 | rebalance_needed=False | last_rebalance=2026-05-26
2026-05-27 01:12:11,826 [INFO] phase6.runner: [CYCLE 1316] 2026-05-27T01:12:11 | rebalance_needed=False | last_rebalance=2026-05-26
2026-05-27 01:17:11,826 [INFO] phase6.runner: [CYCLE 1317] 2026-05-27T01:17:11 | rebalance_needed=False | last_rebalance=2026-05-26
2026-05-27 01:22:11,826 [INFO] phase6.runner: [CYCLE 1318] 2026-05-27T01:22:11 | rebalance_needed=False | last_rebalance=2026-05-26
2026-05-27 01:27:11,827 [INFO] phase6.runner: [CYCLE 1319] 2026-05-27T01:27:11 | rebalance_needed=False | last_rebalance=2026-05-26
2026-05-27 01:32:11,827 [INFO] phase6.runner: [CYCLE 1320] 2026-05-27T01:32:11 | rebalance_needed=False | last_rebalance=2026-05-26
2026-05-27 01:37:11,827 [INFO] phase6.runner: [CYCLE 1321] 2026-05-27T01:37:11 | rebalance_needed=False | last_rebalance=2026-05-26
2026-05-27 01:42:11,828 [INFO] phase6.runner: [CYCLE 1322] 2026-05-27T01:42:11 | rebalance_needed=False | last_rebalance=2026-05-26
2026-05-27 01:47:11,828 [INFO] phase6.runner: [CYCLE 1323] 2026-05-27T01:47:11 | rebalance_needed=False | last_rebalance=2026-05-26
2026-05-27 01:52:11,828 [INFO] phase6.runner: [CYCLE 1324] 2026-05-27T01:52:11 | rebalance_needed=False | last_rebalance=2026-05-26
2026-05-27 01:57:11,829 [INFO] phase6.runner: [CYCLE 1325] 2026-05-27T01:57:11 | rebalance_needed=False | last_rebalance=2026-05-26
2026-05-27 02:02:11,829 [INFO] phase6.runner: [CYCLE 1326] 2026-05-27T02:02:11 | rebalance_needed=False | last_rebalance=2026-05-26
2026-05-27 02:07:11,829 [INFO] phase6.runner: [CYCLE 1327] 2026-05-27T02:07:11 | rebalance_needed=False | last_rebalance=2026-05-26
2026-05-27 02:12:11,830 [INFO] phase6.runner: [CYCLE 1328] 2026-05-27T02:12:11 | rebalance_needed=False | last_rebalance=2026-05-26
2026-05-27 02:17:11,830 [INFO] phase6.runner: [CYCLE 1329] 2026-05-27T02:17:11 | rebalance_needed=False | last_rebalance=2026-05-26
2026-05-27 02:22:11,830 [INFO] phase6.runner: [CYCLE 1330] 2026-05-27T02:22:11 | rebalance_needed=False | last_rebalance=2026-05-26
2026-05-27 02:27:11,831 [INFO] phase6.runner: [CYCLE 1331] 2026-05-27T02:27:11 | rebalance_needed=False | last_rebalance=2026-05-26
2026-05-27 02:32:11,831 [INFO] phase6.runner: [CYCLE 1332] 2026-05-27T02:32:11 | rebalance_needed=False | last_rebalance=2026-05-26
2026-05-27 02:37:11,831 [INFO] phase6.runner: [CYCLE 1333] 2026-05-27T02:37:11 | rebalance_needed=False | last_rebalance=2026-05-26
2026-05-27 02:42:11,832 [INFO] phase6.runner: [CYCLE 1334] 2026-05-27T02:42:11 | rebalance_needed=False | last_rebalance=2026-05-26
2026-05-27 02:47:11,832 [INFO] phase6.runner: [CYCLE 1335] 2026-05-27T02:47:11 | rebalance_needed=False | last_rebalance=2026-05-26
2026-05-27 02:52:11,832 [INFO] phase6.runner: [CYCLE 1336] 2026-05-27T02:52:11 | rebalance_needed=False | last_rebalance=2026-05-26
2026-05-27 02:57:11,833 [INFO] phase6.runner: [CYCLE 1337] 2026-05-27T02:57:11 | rebalance_needed=False | last_rebalance=2026-05-26
2026-05-27 03:02:11,833 [INFO] phase6.runner: [CYCLE 1338] 2026-05-27T03:02:11 | rebalance_needed=False | last_rebalance=2026-05-26
2026-05-27 03:07:11,833 [INFO] phase6.runner: [CYCLE 1339] 2026-05-27T03:07:11 | rebalance_needed=False | last_rebalance=2026-05-26
2026-05-27 03:12:11,834 [INFO] phase6.runner: [CYCLE 1340] 2026-05-27T03:12:11 | rebalance_needed=False | last_rebalance=2026-05-26
2026-05-27 03:17:11,834 [INFO] phase6.runner: [CYCLE 1341] 2026-05-27T03:17:11 | rebalance_needed=False | last_rebalance=2026-05-26
2026-05-27 03:22:11,835 [INFO] phase6.runner: [CYCLE 1342] 2026-05-27T03:22:11 | rebalance_needed=False | last_rebalance=2026-05-26
2026-05-27 03:27:11,835 [INFO] phase6.runner: [CYCLE 1343] 2026-05-27T03:27:11 | rebalance_needed=False | last_rebalance=2026-05-26
2026-05-27 03:32:11,835 [INFO] phase6.runner: [CYCLE 1344] 2026-05-27T03:32:11 | rebalance_needed=False | last_rebalance=2026-05-26
2026-05-27 03:37:11,835 [INFO] phase6.runner: [CYCLE 1345] 2026-05-27T03:37:11 | rebalance_needed=False | last_rebalance=2026-05-26
2026-05-27 03:42:11,836 [INFO] phase6.runner: [CYCLE 1346] 2026-05-27T03:42:11 | rebalance_needed=False | last_rebalance=2026-05-26
2026-05-27 03:47:11,836 [INFO] phase6.runner: [CYCLE 1347] 2026-05-27T03:47:11 | rebalance_needed=False | last_rebalance=2026-05-26
2026-05-27 03:52:11,836 [INFO] phase6.runner: [CYCLE 1348] 2026-05-27T03:52:11 | rebalance_needed=False | last_rebalance=2026-05-26
2026-05-27 03:57:11,837 [INFO] phase6.runner: [CYCLE 1349] 2026-05-27T03:57:11 | rebalance_needed=False | last_rebalance=2026-05-26
2026-05-27 04:02:11,837 [INFO] phase6.runner: [CYCLE 1350] 2026-05-27T04:02:11 | rebalance_needed=False | last_rebalance=2026-05-26
2026-05-27 04:07:11,837 [INFO] phase6.runner: [CYCLE 1351] 2026-05-27T04:07:11 | rebalance_needed=False | last_rebalance=2026-05-26
2026-05-27 04:12:11,838 [INFO] phase6.runner: [CYCLE 1352] 2026-05-27T04:12:11 | rebalance_needed=False | last_rebalance=2026-05-26
2026-05-27 04:17:11,838 [INFO] phase6.runner: [CYCLE 1353] 2026-05-27T04:17:11 | rebalance_needed=False | last_rebalance=2026-05-26
2026-05-27 04:22:11,838 [INFO] phase6.runner: [CYCLE 1354] 2026-05-27T04:22:11 | rebalance_needed=False | last_rebalance=2026-05-26
2026-05-27 04:27:11,839 [INFO] phase6.runner: [CYCLE 1355] 2026-05-27T04:27:11 | rebalance_needed=False | last_rebalance=2026-05-26
2026-05-27 04:32:11,839 [INFO] phase6.runner: [CYCLE 1356] 2026-05-27T04:32:11 | rebalance_needed=False | last_rebalance=2026-05-26
2026-05-27 04:37:11,839 [INFO] phase6.runner: [CYCLE 1357] 2026-05-27T04:37:11 | rebalance_needed=False | last_rebalance=2026-05-26
2026-05-27 04:42:11,840 [INFO] phase6.runner: [CYCLE 1358] 2026-05-27T04:42:11 | rebalance_needed=False | last_rebalance=2026-05-26
2026-05-27 04:47:11,840 [INFO] phase6.runner: [CYCLE 1359] 2026-05-27T04:47:11 | rebalance_needed=False | last_rebalance=2026-05-26
2026-05-27 04:52:11,840 [INFO] phase6.runner: [CYCLE 1360] 2026-05-27T04:52:11 | rebalance_needed=False | last_rebalance=2026-05-26
2026-05-27 04:57:11,841 [INFO] phase6.runner: [CYCLE 1361] 2026-05-27T04:57:11 | rebalance_needed=False | last_rebalance=2026-05-26
2026-05-27 05:02:11,841 [INFO] phase6.runner: [CYCLE 1362] 2026-05-27T05:02:11 | rebalance_needed=False | last_rebalance=2026-05-26
2026-05-27 05:07:11,841 [INFO] phase6.runner: [CYCLE 1363] 2026-05-27T05:07:11 | rebalance_needed=False | last_rebalance=2026-05-26
2026-05-27 05:12:11,842 [INFO] phase6.runner: [CYCLE 1364] 2026-05-27T05:12:11 | rebalance_needed=False | last_rebalance=2026-05-26
2026-05-27 05:17:11,842 [INFO] phase6.runner: [CYCLE 1365] 2026-05-27T05:17:11 | rebalance_needed=False | last_rebalance=2026-05-26
2026-05-27 05:22:11,842 [INFO] phase6.runner: [CYCLE 1366] 2026-05-27T05:22:11 | rebalance_needed=False | last_rebalance=2026-05-26
2026-05-27 05:27:11,843 [INFO] phase6.runner: [CYCLE 1367] 2026-05-27T05:27:11 | rebalance_needed=False | last_rebalance=2026-05-26
2026-05-27 05:32:11,843 [INFO] phase6.runner: [CYCLE 1368] 2026-05-27T05:32:11 | rebalance_needed=False | last_rebalance=2026-05-26
2026-05-27 05:37:11,843 [INFO] phase6.runner: [CYCLE 1369] 2026-05-27T05:37:11 | rebalance_needed=False | last_rebalance=2026-05-26
2026-05-27 05:42:11,844 [INFO] phase6.runner: [CYCLE 1370] 2026-05-27T05:42:11 | rebalance_needed=False | last_rebalance=2026-05-26
2026-05-27 05:47:11,844 [INFO] phase6.runner: [CYCLE 1371] 2026-05-27T05:47:11 | rebalance_needed=False | last_rebalance=2026-05-26
2026-05-27 05:52:11,844 [INFO] phase6.runner: [CYCLE 1372] 2026-05-27T05:52:11 | rebalance_needed=False | last_rebalance=2026-05-26
2026-05-27 05:57:11,845 [INFO] phase6.runner: [CYCLE 1373] 2026-05-27T05:57:11 | rebalance_needed=False | last_rebalance=2026-05-26
2026-05-27 06:02:11,845 [INFO] phase6.runner: [CYCLE 1374] 2026-05-27T06:02:11 | rebalance_needed=False | last_rebalance=2026-05-26
2026-05-27 06:07:11,845 [INFO] phase6.runner: [CYCLE 1375] 2026-05-27T06:07:11 | rebalance_needed=False | last_rebalance=2026-05-26
2026-05-27 06:12:11,846 [INFO] phase6.runner: [CYCLE 1376] 2026-05-27T06:12:11 | rebalance_needed=False | last_rebalance=2026-05-26
2026-05-27 06:17:11,846 [INFO] phase6.runner: [CYCLE 1377] 2026-05-27T06:17:11 | rebalance_needed=False | last_rebalance=2026-05-26
2026-05-27 06:22:11,846 [INFO] phase6.runner: [CYCLE 1378] 2026-05-27T06:22:11 | rebalance_needed=False | last_rebalance=2026-05-26
2026-05-27 06:27:11,847 [INFO] phase6.runner: [CYCLE 1379] 2026-05-27T06:27:11 | rebalance_needed=False | last_rebalance=2026-05-26
2026-05-27 06:32:11,847 [INFO] phase6.runner: [CYCLE 1380] 2026-05-27T06:32:11 | rebalance_needed=False | last_rebalance=2026-05-26
2026-05-27 06:37:11,848 [INFO] phase6.runner: [CYCLE 1381] 2026-05-27T06:37:11 | rebalance_needed=False | last_rebalance=2026-05-26
2026-05-27 06:42:11,848 [INFO] phase6.runner: [CYCLE 1382] 2026-05-27T06:42:11 | rebalance_needed=False | last_rebalance=2026-05-26
2026-05-27 06:47:11,848 [INFO] phase6.runner: [CYCLE 1383] 2026-05-27T06:47:11 | rebalance_needed=False | last_rebalance=2026-05-26
2026-05-27 06:52:11,849 [INFO] phase6.runner: [CYCLE 1384] 2026-05-27T06:52:11 | rebalance_needed=False | last_rebalance=2026-05-26
2026-05-27 06:57:11,849 [INFO] phase6.runner: [CYCLE 1385] 2026-05-27T06:57:11 | rebalance_needed=False | last_rebalance=2026-05-26
2026-05-27 07:02:11,849 [INFO] phase6.runner: [CYCLE 1386] 2026-05-27T07:02:11 | rebalance_needed=False | last_rebalance=2026-05-26
2026-05-27 07:07:11,849 [INFO] phase6.runner: [CYCLE 1387] 2026-05-27T07:07:11 | rebalance_needed=False | last_rebalance=2026-05-26
2026-05-27 07:12:11,850 [INFO] phase6.runner: [CYCLE 1388] 2026-05-27T07:12:11 | rebalance_needed=False | last_rebalance=2026-05-26
2026-05-27 07:17:11,850 [INFO] phase6.runner: [CYCLE 1389] 2026-05-27T07:17:11 | rebalance_needed=False | last_rebalance=2026-05-26
2026-05-27 07:22:11,850 [INFO] phase6.runner: [CYCLE 1390] 2026-05-27T07:22:11 | rebalance_needed=False | last_rebalance=2026-05-26
2026-05-27 07:27:11,851 [INFO] phase6.runner: [CYCLE 1391] 2026-05-27T07:27:11 | rebalance_needed=False | last_rebalance=2026-05-26
2026-05-27 07:32:11,851 [INFO] phase6.runner: [CYCLE 1392] 2026-05-27T07:32:11 | rebalance_needed=False | last_rebalance=2026-05-26
2026-05-27 07:37:11,852 [INFO] phase6.runner: [CYCLE 1393] 2026-05-27T07:37:11 | rebalance_needed=False | last_rebalance=2026-05-26
2026-05-27 07:42:11,852 [INFO] phase6.runner: [CYCLE 1394] 2026-05-27T07:42:11 | rebalance_needed=False | last_rebalance=2026-05-26
2026-05-27 07:47:11,852 [INFO] phase6.runner: [CYCLE 1395] 2026-05-27T07:47:11 | rebalance_needed=False | last_rebalance=2026-05-26
2026-05-27 07:52:11,853 [INFO] phase6.runner: [CYCLE 1396] 2026-05-27T07:52:11 | rebalance_needed=False | last_rebalance=2026-05-26
2026-05-27 07:57:11,853 [INFO] phase6.runner: [CYCLE 1397] 2026-05-27T07:57:11 | rebalance_needed=False | last_rebalance=2026-05-26
2026-05-27 08:02:11,853 [INFO] phase6.runner: [CYCLE 1398] 2026-05-27T08:02:11 | rebalance_needed=False | last_rebalance=2026-05-26
2026-05-27 08:07:11,854 [INFO] phase6.runner: [CYCLE 1399] 2026-05-27T08:07:11 | rebalance_needed=False | last_rebalance=2026-05-26
2026-05-27 08:12:11,854 [INFO] phase6.runner: [CYCLE 1400] 2026-05-27T08:12:11 | rebalance_needed=False | last_rebalance=2026-05-26
2026-05-27 08:17:11,854 [INFO] phase6.runner: [CYCLE 1401] 2026-05-27T08:17:11 | rebalance_needed=False | last_rebalance=2026-05-26
2026-05-27 08:22:11,855 [INFO] phase6.runner: [CYCLE 1402] 2026-05-27T08:22:11 | rebalance_needed=False | last_rebalance=2026-05-26
2026-05-27 08:27:11,855 [INFO] phase6.runner: [CYCLE 1403] 2026-05-27T08:27:11 | rebalance_needed=False | last_rebalance=2026-05-26
2026-05-27 08:32:11,855 [INFO] phase6.runner: [CYCLE 1404] 2026-05-27T08:32:11 | rebalance_needed=False | last_rebalance=2026-05-26
2026-05-27 08:37:11,856 [INFO] phase6.runner: [CYCLE 1405] 2026-05-27T08:37:11 | rebalance_needed=False | last_rebalance=2026-05-26
2026-05-27 08:42:11,856 [INFO] phase6.runner: [CYCLE 1406] 2026-05-27T08:42:11 | rebalance_needed=False | last_rebalance=2026-05-26
2026-05-27 08:47:11,856 [INFO] phase6.runner: [CYCLE 1407] 2026-05-27T08:47:11 | rebalance_needed=False | last_rebalance=2026-05-26
2026-05-27 08:52:11,857 [INFO] phase6.runner: [CYCLE 1408] 2026-05-27T08:52:11 | rebalance_needed=False | last_rebalance=2026-05-26
2026-05-27 08:57:11,857 [INFO] phase6.runner: [CYCLE 1409] 2026-05-27T08:57:11 | rebalance_needed=False | last_rebalance=2026-05-26
2026-05-27 09:02:11,857 [INFO] phase6.runner: [CYCLE 1410] 2026-05-27T09:02:11 | rebalance_needed=True | last_rebalance=2026-05-26
2026-05-27 09:02:11,858 [INFO] phase6.runner: === Daily Rebalance ===
2026-05-27 09:02:12,201 [INFO] phase6.runner: Daily Rebalance: cash=$249.59 | target_weights={'BTC-USD': 0.2, 'ETH-USD': 0.2, 'SOL-USD': 0.2, 'XRP-USD': 0.2, 'DOGE-USD': 0.2}
2026-05-27 09:02:12,202 [INFO] phase6.runner: Daily rebalance completed. Executed=0, Skipped=0
2026-05-27 09:02:12,845 [INFO] phase6.runner: Telegram digest sent successfully
2026-05-27 09:07:12,849 [INFO] phase6.runner: [CYCLE 1411] 2026-05-27T09:07:12 | rebalance_needed=False | last_rebalance=2026-05-27
2026-05-27 09:12:12,849 [INFO] phase6.runner: [CYCLE 1412] 2026-05-27T09:12:12 | rebalance_needed=False | last_rebalance=2026-05-27
2026-05-27 09:17:12,849 [INFO] phase6.runner: [CYCLE 1413] 2026-05-27T09:17:12 | rebalance_needed=False | last_rebalance=2026-05-27
2026-05-27 09:22:12,850 [INFO] phase6.runner: [CYCLE 1414] 2026-05-27T09:22:12 | rebalance_needed=False | last_rebalance=2026-05-27
2026-05-27 09:27:12,850 [INFO] phase6.runner: [CYCLE 1415] 2026-05-27T09:27:12 | rebalance_needed=False | last_rebalance=2026-05-27
2026-05-27 09:32:12,851 [INFO] phase6.runner: [CYCLE 1416] 2026-05-27T09:32:12 | rebalance_needed=False | last_rebalance=2026-05-27
2026-05-27 09:37:12,851 [INFO] phase6.runner: [CYCLE 1417] 2026-05-27T09:37:12 | rebalance_needed=False | last_rebalance=2026-05-27
2026-05-27 09:42:12,851 [INFO] phase6.runner: [CYCLE 1418] 2026-05-27T09:42:12 | rebalance_needed=False | last_rebalance=2026-05-27
2026-05-27 09:47:12,852 [INFO] phase6.runner: [CYCLE 1419] 2026-05-27T09:47:12 | rebalance_needed=False | last_rebalance=2026-05-27
2026-05-27 09:52:12,852 [INFO] phase6.runner: [CYCLE 1420] 2026-05-27T09:52:12 | rebalance_needed=False | last_rebalance=2026-05-27
2026-05-27 09:57:12,852 [INFO] phase6.runner: [CYCLE 1421] 2026-05-27T09:57:12 | rebalance_needed=False | last_rebalance=2026-05-27
2026-05-27 10:02:12,853 [INFO] phase6.runner: [CYCLE 1422] 2026-05-27T10:02:12 | rebalance_needed=False | last_rebalance=2026-05-27
2026-05-27 10:07:12,853 [INFO] phase6.runner: [CYCLE 1423] 2026-05-27T10:07:12 | rebalance_needed=False | last_rebalance=2026-05-27
2026-05-27 10:12:12,853 [INFO] phase6.runner: [CYCLE 1424] 2026-05-27T10:12:12 | rebalance_needed=False | last_rebalance=2026-05-27
2026-05-27 10:17:12,854 [INFO] phase6.runner: [CYCLE 1425] 2026-05-27T10:17:12 | rebalance_needed=False | last_rebalance=2026-05-27
2026-05-27 10:22:12,854 [INFO] phase6.runner: [CYCLE 1426] 2026-05-27T10:22:12 | rebalance_needed=False | last_rebalance=2026-05-27
2026-05-27 10:27:12,854 [INFO] phase6.runner: [CYCLE 1427] 2026-05-27T10:27:12 | rebalance_needed=False | last_rebalance=2026-05-27
2026-05-27 10:32:12,855 [INFO] phase6.runner: [CYCLE 1428] 2026-05-27T10:32:12 | rebalance_needed=False | last_rebalance=2026-05-27
2026-05-27 10:37:12,855 [INFO] phase6.runner: [CYCLE 1429] 2026-05-27T10:37:12 | rebalance_needed=False | last_rebalance=2026-05-27
2026-05-27 10:42:12,855 [INFO] phase6.runner: [CYCLE 1430] 2026-05-27T10:42:12 | rebalance_needed=False | last_rebalance=2026-05-27
2026-05-27 10:47:12,856 [INFO] phase6.runner: [CYCLE 1431] 2026-05-27T10:47:12 | rebalance_needed=False | last_rebalance=2026-05-27
2026-05-27 10:52:12,856 [INFO] phase6.runner: [CYCLE 1432] 2026-05-27T10:52:12 | rebalance_needed=False | last_rebalance=2026-05-27
2026-05-27 10:57:12,856 [INFO] phase6.runner: [CYCLE 1433] 2026-05-27T10:57:12 | rebalance_needed=False | last_rebalance=2026-05-27
2026-05-27 11:02:12,857 [INFO] phase6.runner: [CYCLE 1434] 2026-05-27T11:02:12 | rebalance_needed=False | last_rebalance=2026-05-27
2026-05-27 11:07:12,857 [INFO] phase6.runner: [CYCLE 1435] 2026-05-27T11:07:12 | rebalance_needed=False | last_rebalance=2026-05-27
2026-05-27 11:12:12,857 [INFO] phase6.runner: [CYCLE 1436] 2026-05-27T11:12:12 | rebalance_needed=False | last_rebalance=2026-05-27
2026-05-27 11:17:12,858 [INFO] phase6.runner: [CYCLE 1437] 2026-05-27T11:17:12 | rebalance_needed=False | last_rebalance=2026-05-27
2026-05-27 11:22:12,858 [INFO] phase6.runner: [CYCLE 1438] 2026-05-27T11:22:12 | rebalance_needed=False | last_rebalance=2026-05-27
2026-05-27 11:27:12,858 [INFO] phase6.runner: [CYCLE 1439] 2026-05-27T11:27:12 | rebalance_needed=False | last_rebalance=2026-05-27
2026-05-27 11:32:12,859 [INFO] phase6.runner: [CYCLE 1440] 2026-05-27T11:32:12 | rebalance_needed=False | last_rebalance=2026-05-27
2026-05-27 11:37:12,859 [INFO] phase6.runner: [CYCLE 1441] 2026-05-27T11:37:12 | rebalance_needed=False | last_rebalance=2026-05-27
2026-05-27 11:42:12,859 [INFO] phase6.runner: [CYCLE 1442] 2026-05-27T11:42:12 | rebalance_needed=False | last_rebalance=2026-05-27
2026-05-27 11:47:12,860 [INFO] phase6.runner: [CYCLE 1443] 2026-05-27T11:47:12 | rebalance_needed=False | last_rebalance=2026-05-27
2026-05-27 11:52:12,860 [INFO] phase6.runner: [CYCLE 1444] 2026-05-27T11:52:12 | rebalance_needed=False | last_rebalance=2026-05-27
2026-05-27 11:57:12,860 [INFO] phase6.runner: [CYCLE 1445] 2026-05-27T11:57:12 | rebalance_needed=False | last_rebalance=2026-05-27
2026-05-27 12:02:12,861 [INFO] phase6.runner: [CYCLE 1446] 2026-05-27T12:02:12 | rebalance_needed=False | last_rebalance=2026-05-27
2026-05-27 12:07:12,861 [INFO] phase6.runner: [CYCLE 1447] 2026-05-27T12:07:12 | rebalance_needed=False | last_rebalance=2026-05-27
2026-05-27 12:12:12,861 [INFO] phase6.runner: [CYCLE 1448] 2026-05-27T12:12:12 | rebalance_needed=False | last_rebalance=2026-05-27
2026-05-27 12:17:12,862 [INFO] phase6.runner: [CYCLE 1449] 2026-05-27T12:17:12 | rebalance_needed=False | last_rebalance=2026-05-27
2026-05-27 12:22:12,862 [INFO] phase6.runner: [CYCLE 1450] 2026-05-27T12:22:12 | rebalance_needed=False | last_rebalance=2026-05-27
2026-05-27 12:27:12,862 [INFO] phase6.runner: [CYCLE 1451] 2026-05-27T12:27:12 | rebalance_needed=False | last_rebalance=2026-05-27
2026-05-27 12:32:12,863 [INFO] phase6.runner: [CYCLE 1452] 2026-05-27T12:32:12 | rebalance_needed=False | last_rebalance=2026-05-27
2026-05-27 12:37:12,863 [INFO] phase6.runner: [CYCLE 1453] 2026-05-27T12:37:12 | rebalance_needed=False | last_rebalance=2026-05-27
2026-05-27 12:42:12,863 [INFO] phase6.runner: [CYCLE 1454] 2026-05-27T12:42:12 | rebalance_needed=False | last_rebalance=2026-05-27
2026-05-27 12:47:12,864 [INFO] phase6.runner: [CYCLE 1455] 2026-05-27T12:47:12 | rebalance_needed=False | last_rebalance=2026-05-27
2026-05-27 12:52:12,864 [INFO] phase6.runner: [CYCLE 1456] 2026-05-27T12:52:12 | rebalance_needed=False | last_rebalance=2026-05-27
2026-05-27 12:57:12,864 [INFO] phase6.runner: [CYCLE 1457] 2026-05-27T12:57:12 | rebalance_needed=False | last_rebalance=2026-05-27
2026-05-27 13:02:12,865 [INFO] phase6.runner: [CYCLE 1458] 2026-05-27T13:02:12 | rebalance_needed=False | last_rebalance=2026-05-27
2026-05-27 13:07:12,865 [INFO] phase6.runner: [CYCLE 1459] 2026-05-27T13:07:12 | rebalance_needed=False | last_rebalance=2026-05-27
2026-05-27 13:12:12,865 [INFO] phase6.runner: [CYCLE 1460] 2026-05-27T13:12:12 | rebalance_needed=False | last_rebalance=2026-05-27
2026-05-27 13:17:12,866 [INFO] phase6.runner: [CYCLE 1461] 2026-05-27T13:17:12 | rebalance_needed=False | last_rebalance=2026-05-27
2026-05-27 13:22:12,866 [INFO] phase6.runner: [CYCLE 1462] 2026-05-27T13:22:12 | rebalance_needed=False | last_rebalance=2026-05-27
2026-05-27 13:27:12,866 [INFO] phase6.runner: [CYCLE 1463] 2026-05-27T13:27:12 | rebalance_needed=False | last_rebalance=2026-05-27
2026-05-27 13:32:12,867 [INFO] phase6.runner: [CYCLE 1464] 2026-05-27T13:32:12 | rebalance_needed=False | last_rebalance=2026-05-27
2026-05-27 13:37:12,867 [INFO] phase6.runner: [CYCLE 1465] 2026-05-27T13:37:12 | rebalance_needed=False | last_rebalance=2026-05-27
2026-05-27 13:42:12,867 [INFO] phase6.runner: [CYCLE 1466] 2026-05-27T13:42:12 | rebalance_needed=False | last_rebalance=2026-05-27
2026-05-27 13:47:12,868 [INFO] phase6.runner: [CYCLE 1467] 2026-05-27T13:47:12 | rebalance_needed=False | last_rebalance=2026-05-27
2026-05-27 13:52:12,868 [INFO] phase6.runner: [CYCLE 1468] 2026-05-27T13:52:12 | rebalance_needed=False | last_rebalance=2026-05-27
2026-05-27 13:57:12,868 [INFO] phase6.runner: [CYCLE 1469] 2026-05-27T13:57:12 | rebalance_needed=False | last_rebalance=2026-05-27
2026-05-27 14:02:12,869 [INFO] phase6.runner: [CYCLE 1470] 2026-05-27T14:02:12 | rebalance_needed=False | last_rebalance=2026-05-27
2026-05-27 14:07:12,869 [INFO] phase6.runner: [CYCLE 1471] 2026-05-27T14:07:12 | rebalance_needed=False | last_rebalance=2026-05-27
2026-05-27 14:12:12,869 [INFO] phase6.runner: [CYCLE 1472] 2026-05-27T14:12:12 | rebalance_needed=False | last_rebalance=2026-05-27
2026-05-27 14:17:12,870 [INFO] phase6.runner: [CYCLE 1473] 2026-05-27T14:17:12 | rebalance_needed=False | last_rebalance=2026-05-27
2026-05-27 14:22:12,870 [INFO] phase6.runner: [CYCLE 1474] 2026-05-27T14:22:12 | rebalance_needed=False | last_rebalance=2026-05-27
2026-05-27 14:27:12,870 [INFO] phase6.runner: [CYCLE 1475] 2026-05-27T14:27:12 | rebalance_needed=False | last_rebalance=2026-05-27
2026-05-27 14:32:12,871 [INFO] phase6.runner: [CYCLE 1476] 2026-05-27T14:32:12 | rebalance_needed=False | last_rebalance=2026-05-27
2026-05-27 14:37:12,871 [INFO] phase6.runner: [CYCLE 1477] 2026-05-27T14:37:12 | rebalance_needed=False | last_rebalance=2026-05-27
2026-05-27 14:42:12,871 [INFO] phase6.runner: [CYCLE 1478] 2026-05-27T14:42:12 | rebalance_needed=False | last_rebalance=2026-05-27
2026-05-27 14:47:12,872 [INFO] phase6.runner: [CYCLE 1479] 2026-05-27T14:47:12 | rebalance_needed=False | last_rebalance=2026-05-27
2026-05-27 14:52:12,872 [INFO] phase6.runner: [CYCLE 1480] 2026-05-27T14:52:12 | rebalance_needed=False | last_rebalance=2026-05-27
2026-05-27 14:57:12,872 [INFO] phase6.runner: [CYCLE 1481] 2026-05-27T14:57:12 | rebalance_needed=False | last_rebalance=2026-05-27
2026-05-27 15:02:12,873 [INFO] phase6.runner: [CYCLE 1482] 2026-05-27T15:02:12 | rebalance_needed=False | last_rebalance=2026-05-27
2026-05-27 15:07:12,873 [INFO] phase6.runner: [CYCLE 1483] 2026-05-27T15:07:12 | rebalance_needed=False | last_rebalance=2026-05-27
2026-05-27 15:12:12,873 [INFO] phase6.runner: [CYCLE 1484] 2026-05-27T15:12:12 | rebalance_needed=False | last_rebalance=2026-05-27
2026-05-27 15:17:12,874 [INFO] phase6.runner: [CYCLE 1485] 2026-05-27T15:17:12 | rebalance_needed=False | last_rebalance=2026-05-27
2026-05-27 15:22:12,874 [INFO] phase6.runner: [CYCLE 1486] 2026-05-27T15:22:12 | rebalance_needed=False | last_rebalance=2026-05-27
2026-05-27 15:27:12,874 [INFO] phase6.runner: [CYCLE 1487] 2026-05-27T15:27:12 | rebalance_needed=False | last_rebalance=2026-05-27
2026-05-27 15:32:12,875 [INFO] phase6.runner: [CYCLE 1488] 2026-05-27T15:32:12 | rebalance_needed=False | last_rebalance=2026-05-27
2026-05-27 15:37:12,875 [INFO] phase6.runner: [CYCLE 1489] 2026-05-27T15:37:12 | rebalance_needed=False | last_rebalance=2026-05-27
2026-05-27 15:42:12,875 [INFO] phase6.runner: [CYCLE 1490] 2026-05-27T15:42:12 | rebalance_needed=False | last_rebalance=2026-05-27
2026-05-27 15:47:12,876 [INFO] phase6.runner: [CYCLE 1491] 2026-05-27T15:47:12 | rebalance_needed=False | last_rebalance=2026-05-27
2026-05-27 15:52:12,876 [INFO] phase6.runner: [CYCLE 1492] 2026-05-27T15:52:12 | rebalance_needed=False | last_rebalance=2026-05-27
2026-05-27 15:57:12,876 [INFO] phase6.runner: [CYCLE 1493] 2026-05-27T15:57:12 | rebalance_needed=False | last_rebalance=2026-05-27
2026-05-27 16:02:12,877 [INFO] phase6.runner: [CYCLE 1494] 2026-05-27T16:02:12 | rebalance_needed=False | last_rebalance=2026-05-27
2026-05-27 16:07:12,877 [INFO] phase6.runner: [CYCLE 1495] 2026-05-27T16:07:12 | rebalance_needed=False | last_rebalance=2026-05-27
2026-05-27 16:12:12,877 [INFO] phase6.runner: [CYCLE 1496] 2026-05-27T16:12:12 | rebalance_needed=False | last_rebalance=2026-05-27
2026-05-27 16:17:12,878 [INFO] phase6.runner: [CYCLE 1497] 2026-05-27T16:17:12 | rebalance_needed=False | last_rebalance=2026-05-27
2026-05-27 16:22:12,878 [INFO] phase6.runner: [CYCLE 1498] 2026-05-27T16:22:12 | rebalance_needed=False | last_rebalance=2026-05-27
2026-05-27 16:27:12,878 [INFO] phase6.runner: [CYCLE 1499] 2026-05-27T16:27:12 | rebalance_needed=False | last_rebalance=2026-05-27
2026-05-27 16:32:12,879 [INFO] phase6.runner: [CYCLE 1500] 2026-05-27T16:32:12 | rebalance_needed=False | last_rebalance=2026-05-27
2026-05-27 16:37:12,879 [INFO] phase6.runner: [CYCLE 1501] 2026-05-27T16:37:12 | rebalance_needed=False | last_rebalance=2026-05-27
2026-05-27 16:42:12,879 [INFO] phase6.runner: [CYCLE 1502] 2026-05-27T16:42:12 | rebalance_needed=False | last_rebalance=2026-05-27
2026-05-27 16:47:12,880 [INFO] phase6.runner: [CYCLE 1503] 2026-05-27T16:47:12 | rebalance_needed=False | last_rebalance=2026-05-27
2026-05-27 16:52:12,880 [INFO] phase6.runner: [CYCLE 1504] 2026-05-27T16:52:12 | rebalance_needed=False | last_rebalance=2026-05-27
2026-05-27 16:57:12,881 [INFO] phase6.runner: [CYCLE 1505] 2026-05-27T16:57:12 | rebalance_needed=False | last_rebalance=2026-05-27
2026-05-27 17:02:12,881 [INFO] phase6.runner: [CYCLE 1506] 2026-05-27T17:02:12 | rebalance_needed=False | last_rebalance=2026-05-27
2026-05-27 17:07:12,881 [INFO] phase6.runner: [CYCLE 1507] 2026-05-27T17:07:12 | rebalance_needed=False | last_rebalance=2026-05-27
2026-05-27 17:12:12,882 [INFO] phase6.runner: [CYCLE 1508] 2026-05-27T17:12:12 | rebalance_needed=False | last_rebalance=2026-05-27
2026-05-27 17:17:12,882 [INFO] phase6.runner: [CYCLE 1509] 2026-05-27T17:17:12 | rebalance_needed=False | last_rebalance=2026-05-27
2026-05-27 17:22:12,882 [INFO] phase6.runner: [CYCLE 1510] 2026-05-27T17:22:12 | rebalance_needed=False | last_rebalance=2026-05-27
2026-05-27 17:27:12,883 [INFO] phase6.runner: [CYCLE 1511] 2026-05-27T17:27:12 | rebalance_needed=False | last_rebalance=2026-05-27
2026-05-27 17:32:12,883 [INFO] phase6.runner: [CYCLE 1512] 2026-05-27T17:32:12 | rebalance_needed=False | last_rebalance=2026-05-27
2026-05-27 17:37:12,883 [INFO] phase6.runner: [CYCLE 1513] 2026-05-27T17:37:12 | rebalance_needed=False | last_rebalance=2026-05-27
2026-05-27 17:42:12,884 [INFO] phase6.runner: [CYCLE 1514] 2026-05-27T17:42:12 | rebalance_needed=False | last_rebalance=2026-05-27
2026-05-27 17:47:12,884 [INFO] phase6.runner: [CYCLE 1515] 2026-05-27T17:47:12 | rebalance_needed=False | last_rebalance=2026-05-27
2026-05-27 17:52:12,884 [INFO] phase6.runner: [CYCLE 1516] 2026-05-27T17:52:12 | rebalance_needed=False | last_rebalance=2026-05-27
2026-05-27 17:57:12,885 [INFO] phase6.runner: [CYCLE 1517] 2026-05-27T17:57:12 | rebalance_needed=False | last_rebalance=2026-05-27
2026-05-27 18:02:12,885 [INFO] phase6.runner: [CYCLE 1518] 2026-05-27T18:02:12 | rebalance_needed=False | last_rebalance=2026-05-27
2026-05-27 18:07:12,885 [INFO] phase6.runner: [CYCLE 1519] 2026-05-27T18:07:12 | rebalance_needed=False | last_rebalance=2026-05-27
2026-05-27 18:12:12,886 [INFO] phase6.runner: [CYCLE 1520] 2026-05-27T18:12:12 | rebalance_needed=False | last_rebalance=2026-05-27
2026-05-27 18:17:12,886 [INFO] phase6.runner: [CYCLE 1521] 2026-05-27T18:17:12 | rebalance_needed=False | last_rebalance=2026-05-27
2026-05-27 18:22:12,886 [INFO] phase6.runner: [CYCLE 1522] 2026-05-27T18:22:12 | rebalance_needed=False | last_rebalance=2026-05-27
2026-05-27 18:27:12,887 [INFO] phase6.runner: [CYCLE 1523] 2026-05-27T18:27:12 | rebalance_needed=False | last_rebalance=2026-05-27
2026-05-27 18:32:12,887 [INFO] phase6.runner: [CYCLE 1524] 2026-05-27T18:32:12 | rebalance_needed=False | last_rebalance=2026-05-27
2026-05-27 18:37:12,887 [INFO] phase6.runner: [CYCLE 1525] 2026-05-27T18:37:12 | rebalance_needed=False | last_rebalance=2026-05-27
2026-05-27 18:42:12,888 [INFO] phase6.runner: [CYCLE 1526] 2026-05-27T18:42:12 | rebalance_needed=False | last_rebalance=2026-05-27
2026-05-27 18:47:12,888 [INFO] phase6.runner: [CYCLE 1527] 2026-05-27T18:47:12 | rebalance_needed=False | last_rebalance=2026-05-27
2026-05-27 18:52:12,888 [INFO] phase6.runner: [CYCLE 1528] 2026-05-27T18:52:12 | rebalance_needed=False | last_rebalance=2026-05-27
2026-05-27 18:57:12,889 [INFO] phase6.runner: [CYCLE 1529] 2026-05-27T18:57:12 | rebalance_needed=False | last_rebalance=2026-05-27
2026-05-27 19:02:12,889 [INFO] phase6.runner: [CYCLE 1530] 2026-05-27T19:02:12 | rebalance_needed=False | last_rebalance=2026-05-27
2026-05-27 19:07:12,889 [INFO] phase6.runner: [CYCLE 1531] 2026-05-27T19:07:12 | rebalance_needed=False | last_rebalance=2026-05-27
2026-05-27 19:12:12,890 [INFO] phase6.runner: [CYCLE 1532] 2026-05-27T19:12:12 | rebalance_needed=False | last_rebalance=2026-05-27
2026-05-27 19:17:12,890 [INFO] phase6.runner: [CYCLE 1533] 2026-05-27T19:17:12 | rebalance_needed=False | last_rebalance=2026-05-27
2026-05-27 19:22:12,890 [INFO] phase6.runner: [CYCLE 1534] 2026-05-27T19:22:12 | rebalance_needed=False | last_rebalance=2026-05-27
2026-05-27 19:27:12,891 [INFO] phase6.runner: [CYCLE 1535] 2026-05-27T19:27:12 | rebalance_needed=False | last_rebalance=2026-05-27
2026-05-27 19:32:12,891 [INFO] phase6.runner: [CYCLE 1536] 2026-05-27T19:32:12 | rebalance_needed=False | last_rebalance=2026-05-27
2026-05-27 19:37:12,891 [INFO] phase6.runner: [CYCLE 1537] 2026-05-27T19:37:12 | rebalance_needed=False | last_rebalance=2026-05-27
2026-05-27 19:42:12,892 [INFO] phase6.runner: [CYCLE 1538] 2026-05-27T19:42:12 | rebalance_needed=False | last_rebalance=2026-05-27
2026-05-27 19:47:12,892 [INFO] phase6.runner: [CYCLE 1539] 2026-05-27T19:47:12 | rebalance_needed=False | last_rebalance=2026-05-27
2026-05-27 19:52:12,892 [INFO] phase6.runner: [CYCLE 1540] 2026-05-27T19:52:12 | rebalance_needed=False | last_rebalance=2026-05-27
2026-05-27 19:57:12,893 [INFO] phase6.runner: [CYCLE 1541] 2026-05-27T19:57:12 | rebalance_needed=False | last_rebalance=2026-05-27
2026-05-27 20:02:12,893 [INFO] phase6.runner: [CYCLE 1542] 2026-05-27T20:02:12 | rebalance_needed=False | last_rebalance=2026-05-27
2026-05-27 20:07:12,893 [INFO] phase6.runner: [CYCLE 1543] 2026-05-27T20:07:12 | rebalance_needed=False | last_rebalance=2026-05-27
2026-05-27 20:12:12,894 [INFO] phase6.runner: [CYCLE 1544] 2026-05-27T20:12:12 | rebalance_needed=False | last_rebalance=2026-05-27
2026-05-27 20:17:12,894 [INFO] phase6.runner: [CYCLE 1545] 2026-05-27T20:17:12 | rebalance_needed=False | last_rebalance=2026-05-27
2026-05-27 20:22:12,894 [INFO] phase6.runner: [CYCLE 1546] 2026-05-27T20:22:12 | rebalance_needed=False | last_rebalance=2026-05-27
2026-05-27 20:27:12,895 [INFO] phase6.runner: [CYCLE 1547] 2026-05-27T20:27:12 | rebalance_needed=False | last_rebalance=2026-05-27
2026-05-27 20:32:12,895 [INFO] phase6.runner: [CYCLE 1548] 2026-05-27T20:32:12 | rebalance_needed=False | last_rebalance=2026-05-27
2026-05-27 20:37:12,895 [INFO] phase6.runner: [CYCLE 1549] 2026-05-27T20:37:12 | rebalance_needed=False | last_rebalance=2026-05-27
2026-05-27 20:42:12,896 [INFO] phase6.runner: [CYCLE 1550] 2026-05-27T20:42:12 | rebalance_needed=False | last_rebalance=2026-05-27
2026-05-27 20:47:12,896 [INFO] phase6.runner: [CYCLE 1551] 2026-05-27T20:47:12 | rebalance_needed=False | last_rebalance=2026-05-27
2026-05-27 20:52:12,896 [INFO] phase6.runner: [CYCLE 1552] 2026-05-27T20:52:12 | rebalance_needed=False | last_rebalance=2026-05-27
2026-05-27 20:57:12,897 [INFO] phase6.runner: [CYCLE 1553] 2026-05-27T20:57:12 | rebalance_needed=False | last_rebalance=2026-05-27
2026-05-27 21:02:12,897 [INFO] phase6.runner: [CYCLE 1554] 2026-05-27T21:02:12 | rebalance_needed=False | last_rebalance=2026-05-27
2026-05-27 21:07:12,897 [INFO] phase6.runner: [CYCLE 1555] 2026-05-27T21:07:12 | rebalance_needed=False | last_rebalance=2026-05-27
2026-05-27 21:12:12,898 [INFO] phase6.runner: [CYCLE 1556] 2026-05-27T21:12:12 | rebalance_needed=False | last_rebalance=2026-05-27
2026-05-27 21:17:12,898 [INFO] phase6.runner: [CYCLE 1557] 2026-05-27T21:17:12 | rebalance_needed=False | last_rebalance=2026-05-27
2026-05-27 21:22:12,898 [INFO] phase6.runner: [CYCLE 1558] 2026-05-27T21:22:12 | rebalance_needed=False | last_rebalance=2026-05-27
2026-05-27 21:27:12,899 [INFO] phase6.runner: [CYCLE 1559] 2026-05-27T21:27:12 | rebalance_needed=False | last_rebalance=2026-05-27
2026-05-27 21:32:12,899 [INFO] phase6.runner: [CYCLE 1560] 2026-05-27T21:32:12 | rebalance_needed=False | last_rebalance=2026-05-27
2026-05-27 21:37:12,899 [INFO] phase6.runner: [CYCLE 1561] 2026-05-27T21:37:12 | rebalance_needed=False | last_rebalance=2026-05-27
2026-05-27 21:42:12,900 [INFO] phase6.runner: [CYCLE 1562] 2026-05-27T21:42:12 | rebalance_needed=False | last_rebalance=2026-05-27
2026-05-27 21:47:12,900 [INFO] phase6.runner: [CYCLE 1563] 2026-05-27T21:47:12 | rebalance_needed=False | last_rebalance=2026-05-27
2026-05-27 21:52:12,900 [INFO] phase6.runner: [CYCLE 1564] 2026-05-27T21:52:12 | rebalance_needed=False | last_rebalance=2026-05-27
2026-05-27 21:57:12,901 [INFO] phase6.runner: [CYCLE 1565] 2026-05-27T21:57:12 | rebalance_needed=False | last_rebalance=2026-05-27
2026-05-27 22:02:12,901 [INFO] phase6.runner: [CYCLE 1566] 2026-05-27T22:02:12 | rebalance_needed=False | last_rebalance=2026-05-27
2026-05-27 22:07:12,901 [INFO] phase6.runner: [CYCLE 1567] 2026-05-27T22:07:12 | rebalance_needed=False | last_rebalance=2026-05-27
2026-05-27 22:12:12,902 [INFO] phase6.runner: [CYCLE 1568] 2026-05-27T22:12:12 | rebalance_needed=False | last_rebalance=2026-05-27
2026-05-27 22:17:12,902 [INFO] phase6.runner: [CYCLE 1569] 2026-05-27T22:17:12 | rebalance_needed=False | last_rebalance=2026-05-27
2026-05-27 22:22:12,902 [INFO] phase6.runner: [CYCLE 1570] 2026-05-27T22:22:12 | rebalance_needed=False | last_rebalance=2026-05-27
2026-05-27 22:27:12,903 [INFO] phase6.runner: [CYCLE 1571] 2026-05-27T22:27:12 | rebalance_needed=False | last_rebalance=2026-05-27
2026-05-27 22:32:12,903 [INFO] phase6.runner: [CYCLE 1572] 2026-05-27T22:32:12 | rebalance_needed=False | last_rebalance=2026-05-27
2026-05-27 22:37:12,903 [INFO] phase6.runner: [CYCLE 1573] 2026-05-27T22:37:12 | rebalance_needed=False | last_rebalance=2026-05-27
2026-05-27 22:42:12,904 [INFO] phase6.runner: [CYCLE 1574] 2026-05-27T22:42:12 | rebalance_needed=False | last_rebalance=2026-05-27
2026-05-27 22:47:12,904 [INFO] phase6.runner: [CYCLE 1575] 2026-05-27T22:47:12 | rebalance_needed=False | last_rebalance=2026-05-27
2026-05-27 22:52:12,905 [INFO] phase6.runner: [CYCLE 1576] 2026-05-27T22:52:12 | rebalance_needed=False | last_rebalance=2026-05-27
2026-05-27 22:57:12,905 [INFO] phase6.runner: [CYCLE 1577] 2026-05-27T22:57:12 | rebalance_needed=False | last_rebalance=2026-05-27
2026-05-27 23:02:12,905 [INFO] phase6.runner: [CYCLE 1578] 2026-05-27T23:02:12 | rebalance_needed=False | last_rebalance=2026-05-27
2026-05-27 23:07:12,906 [INFO] phase6.runner: [CYCLE 1579] 2026-05-27T23:07:12 | rebalance_needed=False | last_rebalance=2026-05-27
2026-05-27 23:12:12,906 [INFO] phase6.runner: [CYCLE 1580] 2026-05-27T23:12:12 | rebalance_needed=False | last_rebalance=2026-05-27
2026-05-27 23:17:12,906 [INFO] phase6.runner: [CYCLE 1581] 2026-05-27T23:17:12 | rebalance_needed=False | last_rebalance=2026-05-27
2026-05-27 23:22:12,907 [INFO] phase6.runner: [CYCLE 1582] 2026-05-27T23:22:12 | rebalance_needed=False | last_rebalance=2026-05-27
2026-05-27 23:27:12,907 [INFO] phase6.runner: [CYCLE 1583] 2026-05-27T23:27:12 | rebalance_needed=False | last_rebalance=2026-05-27
2026-05-27 23:32:12,907 [INFO] phase6.runner: [CYCLE 1584] 2026-05-27T23:32:12 | rebalance_needed=False | last_rebalance=2026-05-27
2026-05-27 23:37:12,907 [INFO] phase6.runner: [CYCLE 1585] 2026-05-27T23:37:12 | rebalance_needed=False | last_rebalance=2026-05-27
2026-05-27 23:42:12,908 [INFO] phase6.runner: [CYCLE 1586] 2026-05-27T23:42:12 | rebalance_needed=False | last_rebalance=2026-05-27
2026-05-27 23:47:12,908 [INFO] phase6.runner: [CYCLE 1587] 2026-05-27T23:47:12 | rebalance_needed=False | last_rebalance=2026-05-27
2026-05-27 23:52:12,908 [INFO] phase6.runner: [CYCLE 1588] 2026-05-27T23:52:12 | rebalance_needed=False | last_rebalance=2026-05-27
2026-05-27 23:57:12,909 [INFO] phase6.runner: [CYCLE 1589] 2026-05-27T23:57:12 | rebalance_needed=False | last_rebalance=2026-05-27
2026-05-28 00:02:12,909 [INFO] phase6.runner: [CYCLE 1590] 2026-05-28T00:02:12 | rebalance_needed=False | last_rebalance=2026-05-27
2026-05-28 00:07:12,909 [INFO] phase6.runner: [CYCLE 1591] 2026-05-28T00:07:12 | rebalance_needed=False | last_rebalance=2026-05-27
2026-05-28 00:12:12,910 [INFO] phase6.runner: [CYCLE 1592] 2026-05-28T00:12:12 | rebalance_needed=False | last_rebalance=2026-05-27
2026-05-28 00:17:12,910 [INFO] phase6.runner: [CYCLE 1593] 2026-05-28T00:17:12 | rebalance_needed=False | last_rebalance=2026-05-27
2026-05-28 00:22:12,911 [INFO] phase6.runner: [CYCLE 1594] 2026-05-28T00:22:12 | rebalance_needed=False | last_rebalance=2026-05-27
2026-05-28 00:27:12,911 [INFO] phase6.runner: [CYCLE 1595] 2026-05-28T00:27:12 | rebalance_needed=False | last_rebalance=2026-05-27
2026-05-28 00:32:12,911 [INFO] phase6.runner: [CYCLE 1596] 2026-05-28T00:32:12 | rebalance_needed=False | last_rebalance=2026-05-27
2026-05-28 00:37:12,911 [INFO] phase6.runner: [CYCLE 1597] 2026-05-28T00:37:12 | rebalance_needed=False | last_rebalance=2026-05-27
2026-05-28 00:42:12,912 [INFO] phase6.runner: [CYCLE 1598] 2026-05-28T00:42:12 | rebalance_needed=False | last_rebalance=2026-05-27
2026-05-28 00:47:12,912 [INFO] phase6.runner: [CYCLE 1599] 2026-05-28T00:47:12 | rebalance_needed=False | last_rebalance=2026-05-27
2026-05-28 00:52:12,912 [INFO] phase6.runner: [CYCLE 1600] 2026-05-28T00:52:12 | rebalance_needed=False | last_rebalance=2026-05-27
2026-05-28 00:57:12,913 [INFO] phase6.runner: [CYCLE 1601] 2026-05-28T00:57:12 | rebalance_needed=False | last_rebalance=2026-05-27
2026-05-28 01:02:12,913 [INFO] phase6.runner: [CYCLE 1602] 2026-05-28T01:02:12 | rebalance_needed=False | last_rebalance=2026-05-27
2026-05-28 01:07:12,914 [INFO] phase6.runner: [CYCLE 1603] 2026-05-28T01:07:12 | rebalance_needed=False | last_rebalance=2026-05-27
2026-05-28 01:12:12,914 [INFO] phase6.runner: [CYCLE 1604] 2026-05-28T01:12:12 | rebalance_needed=False | last_rebalance=2026-05-27
2026-05-28 01:17:12,914 [INFO] phase6.runner: [CYCLE 1605] 2026-05-28T01:17:12 | rebalance_needed=False | last_rebalance=2026-05-27
2026-05-28 01:22:12,915 [INFO] phase6.runner: [CYCLE 1606] 2026-05-28T01:22:12 | rebalance_needed=False | last_rebalance=2026-05-27
2026-05-28 01:27:12,915 [INFO] phase6.runner: [CYCLE 1607] 2026-05-28T01:27:12 | rebalance_needed=False | last_rebalance=2026-05-27
2026-05-28 01:32:12,915 [INFO] phase6.runner: [CYCLE 1608] 2026-05-28T01:32:12 | rebalance_needed=False | last_rebalance=2026-05-27
2026-05-28 01:37:12,916 [INFO] phase6.runner: [CYCLE 1609] 2026-05-28T01:37:12 | rebalance_needed=False | last_rebalance=2026-05-27
2026-05-28 01:42:12,916 [INFO] phase6.runner: [CYCLE 1610] 2026-05-28T01:42:12 | rebalance_needed=False | last_rebalance=2026-05-27
2026-05-28 01:47:12,916 [INFO] phase6.runner: [CYCLE 1611] 2026-05-28T01:47:12 | rebalance_needed=False | last_rebalance=2026-05-27
2026-05-28 01:52:12,917 [INFO] phase6.runner: [CYCLE 1612] 2026-05-28T01:52:12 | rebalance_needed=False | last_rebalance=2026-05-27
2026-05-28 01:57:12,917 [INFO] phase6.runner: [CYCLE 1613] 2026-05-28T01:57:12 | rebalance_needed=False | last_rebalance=2026-05-27
2026-05-28 02:02:12,917 [INFO] phase6.runner: [CYCLE 1614] 2026-05-28T02:02:12 | rebalance_needed=False | last_rebalance=2026-05-27
2026-05-28 02:07:12,918 [INFO] phase6.runner: [CYCLE 1615] 2026-05-28T02:07:12 | rebalance_needed=False | last_rebalance=2026-05-27
2026-05-28 02:12:12,918 [INFO] phase6.runner: [CYCLE 1616] 2026-05-28T02:12:12 | rebalance_needed=False | last_rebalance=2026-05-27
2026-05-28 02:17:12,918 [INFO] phase6.runner: [CYCLE 1617] 2026-05-28T02:17:12 | rebalance_needed=False | last_rebalance=2026-05-27
2026-05-28 02:22:12,919 [INFO] phase6.runner: [CYCLE 1618] 2026-05-28T02:22:12 | rebalance_needed=False | last_rebalance=2026-05-27
2026-05-28 02:27:12,919 [INFO] phase6.runner: [CYCLE 1619] 2026-05-28T02:27:12 | rebalance_needed=False | last_rebalance=2026-05-27
2026-05-28 02:32:12,919 [INFO] phase6.runner: [CYCLE 1620] 2026-05-28T02:32:12 | rebalance_needed=False | last_rebalance=2026-05-27
2026-05-28 02:37:12,920 [INFO] phase6.runner: [CYCLE 1621] 2026-05-28T02:37:12 | rebalance_needed=False | last_rebalance=2026-05-27
2026-05-28 02:42:12,920 [INFO] phase6.runner: [CYCLE 1622] 2026-05-28T02:42:12 | rebalance_needed=False | last_rebalance=2026-05-27
2026-05-28 02:47:12,920 [INFO] phase6.runner: [CYCLE 1623] 2026-05-28T02:47:12 | rebalance_needed=False | last_rebalance=2026-05-27
2026-05-28 02:52:12,921 [INFO] phase6.runner: [CYCLE 1624] 2026-05-28T02:52:12 | rebalance_needed=False | last_rebalance=2026-05-27
2026-05-28 02:57:12,921 [INFO] phase6.runner: [CYCLE 1625] 2026-05-28T02:57:12 | rebalance_needed=False | last_rebalance=2026-05-27
2026-05-28 03:02:12,922 [INFO] phase6.runner: [CYCLE 1626] 2026-05-28T03:02:12 | rebalance_needed=False | last_rebalance=2026-05-27
2026-05-28 03:07:12,922 [INFO] phase6.runner: [CYCLE 1627] 2026-05-28T03:07:12 | rebalance_needed=False | last_rebalance=2026-05-27
2026-05-28 03:12:12,922 [INFO] phase6.runner: [CYCLE 1628] 2026-05-28T03:12:12 | rebalance_needed=False | last_rebalance=2026-05-27
2026-05-28 03:17:12,923 [INFO] phase6.runner: [CYCLE 1629] 2026-05-28T03:17:12 | rebalance_needed=False | last_rebalance=2026-05-27
2026-05-28 03:22:12,923 [INFO] phase6.runner: [CYCLE 1630] 2026-05-28T03:22:12 | rebalance_needed=False | last_rebalance=2026-05-27
2026-05-28 03:27:12,923 [INFO] phase6.runner: [CYCLE 1631] 2026-05-28T03:27:12 | rebalance_needed=False | last_rebalance=2026-05-27
2026-05-28 03:32:12,924 [INFO] phase6.runner: [CYCLE 1632] 2026-05-28T03:32:12 | rebalance_needed=False | last_rebalance=2026-05-27
2026-05-28 03:37:12,924 [INFO] phase6.runner: [CYCLE 1633] 2026-05-28T03:37:12 | rebalance_needed=False | last_rebalance=2026-05-27
2026-05-28 03:42:12,924 [INFO] phase6.runner: [CYCLE 1634] 2026-05-28T03:42:12 | rebalance_needed=False | last_rebalance=2026-05-27
2026-05-28 03:47:12,925 [INFO] phase6.runner: [CYCLE 1635] 2026-05-28T03:47:12 | rebalance_needed=False | last_rebalance=2026-05-27
2026-05-28 03:52:12,925 [INFO] phase6.runner: [CYCLE 1636] 2026-05-28T03:52:12 | rebalance_needed=False | last_rebalance=2026-05-27
2026-05-28 03:57:12,925 [INFO] phase6.runner: [CYCLE 1637] 2026-05-28T03:57:12 | rebalance_needed=False | last_rebalance=2026-05-27
2026-05-28 04:02:12,926 [INFO] phase6.runner: [CYCLE 1638] 2026-05-28T04:02:12 | rebalance_needed=False | last_rebalance=2026-05-27
2026-05-28 04:07:12,926 [INFO] phase6.runner: [CYCLE 1639] 2026-05-28T04:07:12 | rebalance_needed=False | last_rebalance=2026-05-27
2026-05-28 04:12:12,926 [INFO] phase6.runner: [CYCLE 1640] 2026-05-28T04:12:12 | rebalance_needed=False | last_rebalance=2026-05-27
2026-05-28 04:17:12,927 [INFO] phase6.runner: [CYCLE 1641] 2026-05-28T04:17:12 | rebalance_needed=False | last_rebalance=2026-05-27
2026-05-28 04:22:12,927 [INFO] phase6.runner: [CYCLE 1642] 2026-05-28T04:22:12 | rebalance_needed=False | last_rebalance=2026-05-27
2026-05-28 04:27:12,927 [INFO] phase6.runner: [CYCLE 1643] 2026-05-28T04:27:12 | rebalance_needed=False | last_rebalance=2026-05-27
2026-05-28 04:32:12,928 [INFO] phase6.runner: [CYCLE 1644] 2026-05-28T04:32:12 | rebalance_needed=False | last_rebalance=2026-05-27
2026-05-28 04:37:12,928 [INFO] phase6.runner: [CYCLE 1645] 2026-05-28T04:37:12 | rebalance_needed=False | last_rebalance=2026-05-27
2026-05-28 04:42:12,928 [INFO] phase6.runner: [CYCLE 1646] 2026-05-28T04:42:12 | rebalance_needed=False | last_rebalance=2026-05-27
2026-05-28 04:47:12,929 [INFO] phase6.runner: [CYCLE 1647] 2026-05-28T04:47:12 | rebalance_needed=False | last_rebalance=2026-05-27
2026-05-28 04:52:12,929 [INFO] phase6.runner: [CYCLE 1648] 2026-05-28T04:52:12 | rebalance_needed=False | last_rebalance=2026-05-27
2026-05-28 04:57:12,929 [INFO] phase6.runner: [CYCLE 1649] 2026-05-28T04:57:12 | rebalance_needed=False | last_rebalance=2026-05-27
2026-05-28 05:02:12,930 [INFO] phase6.runner: [CYCLE 1650] 2026-05-28T05:02:12 | rebalance_needed=False | last_rebalance=2026-05-27
2026-05-28 05:07:12,930 [INFO] phase6.runner: [CYCLE 1651] 2026-05-28T05:07:12 | rebalance_needed=False | last_rebalance=2026-05-27
2026-05-28 05:12:12,930 [INFO] phase6.runner: [CYCLE 1652] 2026-05-28T05:12:12 | rebalance_needed=False | last_rebalance=2026-05-27
2026-05-28 05:17:12,931 [INFO] phase6.runner: [CYCLE 1653] 2026-05-28T05:17:12 | rebalance_needed=False | last_rebalance=2026-05-27
2026-05-28 05:22:12,931 [INFO] phase6.runner: [CYCLE 1654] 2026-05-28T05:22:12 | rebalance_needed=False | last_rebalance=2026-05-27
2026-05-28 05:27:12,931 [INFO] phase6.runner: [CYCLE 1655] 2026-05-28T05:27:12 | rebalance_needed=False | last_rebalance=2026-05-27
2026-05-28 05:32:12,932 [INFO] phase6.runner: [CYCLE 1656] 2026-05-28T05:32:12 | rebalance_needed=False | last_rebalance=2026-05-27
2026-05-28 05:37:12,932 [INFO] phase6.runner: [CYCLE 1657] 2026-05-28T05:37:12 | rebalance_needed=False | last_rebalance=2026-05-27
2026-05-28 05:42:12,932 [INFO] phase6.runner: [CYCLE 1658] 2026-05-28T05:42:12 | rebalance_needed=False | last_rebalance=2026-05-27
2026-05-28 05:47:12,933 [INFO] phase6.runner: [CYCLE 1659] 2026-05-28T05:47:12 | rebalance_needed=False | last_rebalance=2026-05-27
2026-05-28 05:52:12,933 [INFO] phase6.runner: [CYCLE 1660] 2026-05-28T05:52:12 | rebalance_needed=False | last_rebalance=2026-05-27
2026-05-28 05:57:12,934 [INFO] phase6.runner: [CYCLE 1661] 2026-05-28T05:57:12 | rebalance_needed=False | last_rebalance=2026-05-27
2026-05-28 06:02:12,934 [INFO] phase6.runner: [CYCLE 1662] 2026-05-28T06:02:12 | rebalance_needed=False | last_rebalance=2026-05-27
2026-05-28 06:07:12,934 [INFO] phase6.runner: [CYCLE 1663] 2026-05-28T06:07:12 | rebalance_needed=False | last_rebalance=2026-05-27
2026-05-28 06:12:12,935 [INFO] phase6.runner: [CYCLE 1664] 2026-05-28T06:12:12 | rebalance_needed=False | last_rebalance=2026-05-27
2026-05-28 06:17:12,935 [INFO] phase6.runner: [CYCLE 1665] 2026-05-28T06:17:12 | rebalance_needed=False | last_rebalance=2026-05-27
2026-05-28 06:22:12,935 [INFO] phase6.runner: [CYCLE 1666] 2026-05-28T06:22:12 | rebalance_needed=False | last_rebalance=2026-05-27
2026-05-28 06:27:12,936 [INFO] phase6.runner: [CYCLE 1667] 2026-05-28T06:27:12 | rebalance_needed=False | last_rebalance=2026-05-27
2026-05-28 06:32:12,936 [INFO] phase6.runner: [CYCLE 1668] 2026-05-28T06:32:12 | rebalance_needed=False | last_rebalance=2026-05-27
2026-05-28 06:37:12,936 [INFO] phase6.runner: [CYCLE 1669] 2026-05-28T06:37:12 | rebalance_needed=False | last_rebalance=2026-05-27
2026-05-28 06:42:12,937 [INFO] phase6.runner: [CYCLE 1670] 2026-05-28T06:42:12 | rebalance_needed=False | last_rebalance=2026-05-27
2026-05-28 06:47:12,937 [INFO] phase6.runner: [CYCLE 1671] 2026-05-28T06:47:12 | rebalance_needed=False | last_rebalance=2026-05-27
2026-05-28 06:52:12,937 [INFO] phase6.runner: [CYCLE 1672] 2026-05-28T06:52:12 | rebalance_needed=False | last_rebalance=2026-05-27
2026-05-28 06:57:12,938 [INFO] phase6.runner: [CYCLE 1673] 2026-05-28T06:57:12 | rebalance_needed=False | last_rebalance=2026-05-27
2026-05-28 07:02:12,938 [INFO] phase6.runner: [CYCLE 1674] 2026-05-28T07:02:12 | rebalance_needed=False | last_rebalance=2026-05-27
2026-05-28 07:07:12,938 [INFO] phase6.runner: [CYCLE 1675] 2026-05-28T07:07:12 | rebalance_needed=False | last_rebalance=2026-05-27
2026-05-28 07:12:12,939 [INFO] phase6.runner: [CYCLE 1676] 2026-05-28T07:12:12 | rebalance_needed=False | last_rebalance=2026-05-27
2026-05-28 07:17:12,939 [INFO] phase6.runner: [CYCLE 1677] 2026-05-28T07:17:12 | rebalance_needed=False | last_rebalance=2026-05-27
2026-05-28 07:22:12,939 [INFO] phase6.runner: [CYCLE 1678] 2026-05-28T07:22:12 | rebalance_needed=False | last_rebalance=2026-05-27
2026-05-28 07:27:12,940 [INFO] phase6.runner: [CYCLE 1679] 2026-05-28T07:27:12 | rebalance_needed=False | last_rebalance=2026-05-27
2026-05-28 07:32:12,940 [INFO] phase6.runner: [CYCLE 1680] 2026-05-28T07:32:12 | rebalance_needed=False | last_rebalance=2026-05-27
2026-05-28 07:37:12,940 [INFO] phase6.runner: [CYCLE 1681] 2026-05-28T07:37:12 | rebalance_needed=False | last_rebalance=2026-05-27
2026-05-28 07:42:12,941 [INFO] phase6.runner: [CYCLE 1682] 2026-05-28T07:42:12 | rebalance_needed=False | last_rebalance=2026-05-27
2026-05-28 07:47:12,941 [INFO] phase6.runner: [CYCLE 1683] 2026-05-28T07:47:12 | rebalance_needed=False | last_rebalance=2026-05-27
2026-05-28 07:52:12,941 [INFO] phase6.runner: [CYCLE 1684] 2026-05-28T07:52:12 | rebalance_needed=False | last_rebalance=2026-05-27
2026-05-28 07:57:12,942 [INFO] phase6.runner: [CYCLE 1685] 2026-05-28T07:57:12 | rebalance_needed=False | last_rebalance=2026-05-27
2026-05-28 08:02:12,942 [INFO] phase6.runner: [CYCLE 1686] 2026-05-28T08:02:12 | rebalance_needed=False | last_rebalance=2026-05-27
2026-05-28 08:07:12,942 [INFO] phase6.runner: [CYCLE 1687] 2026-05-28T08:07:12 | rebalance_needed=False | last_rebalance=2026-05-27
2026-05-28 08:12:12,943 [INFO] phase6.runner: [CYCLE 1688] 2026-05-28T08:12:12 | rebalance_needed=False | last_rebalance=2026-05-27
2026-05-28 08:17:12,943 [INFO] phase6.runner: [CYCLE 1689] 2026-05-28T08:17:12 | rebalance_needed=False | last_rebalance=2026-05-27
2026-05-28 08:22:12,943 [INFO] phase6.runner: [CYCLE 1690] 2026-05-28T08:22:12 | rebalance_needed=False | last_rebalance=2026-05-27
2026-05-28 08:27:12,944 [INFO] phase6.runner: [CYCLE 1691] 2026-05-28T08:27:12 | rebalance_needed=False | last_rebalance=2026-05-27
2026-05-28 08:32:12,944 [INFO] phase6.runner: [CYCLE 1692] 2026-05-28T08:32:12 | rebalance_needed=False | last_rebalance=2026-05-27
2026-05-28 08:37:12,944 [INFO] phase6.runner: [CYCLE 1693] 2026-05-28T08:37:12 | rebalance_needed=False | last_rebalance=2026-05-27
2026-05-28 08:42:12,945 [INFO] phase6.runner: [CYCLE 1694] 2026-05-28T08:42:12 | rebalance_needed=False | last_rebalance=2026-05-27
2026-05-28 08:47:12,945 [INFO] phase6.runner: [CYCLE 1695] 2026-05-28T08:47:12 | rebalance_needed=False | last_rebalance=2026-05-27
2026-05-28 08:52:12,945 [INFO] phase6.runner: [CYCLE 1696] 2026-05-28T08:52:12 | rebalance_needed=False | last_rebalance=2026-05-27
2026-05-28 08:57:12,946 [INFO] phase6.runner: [CYCLE 1697] 2026-05-28T08:57:12 | rebalance_needed=False | last_rebalance=2026-05-27
2026-05-28 09:02:12,946 [INFO] phase6.runner: [CYCLE 1698] 2026-05-28T09:02:12 | rebalance_needed=True | last_rebalance=2026-05-27
2026-05-28 09:02:12,946 [INFO] phase6.runner: === Daily Rebalance ===
2026-05-28 09:02:13,390 [INFO] phase6.runner: Daily Rebalance: cash=$249.59 | target_weights={'BTC-USD': 0.2, 'ETH-USD': 0.2, 'SOL-USD': 0.2, 'XRP-USD': 0.2, 'DOGE-USD': 0.2}
2026-05-28 09:02:13,390 [INFO] phase6.runner: Daily rebalance completed. Executed=0, Skipped=0
2026-05-28 09:02:14,062 [INFO] phase6.runner: Telegram digest sent successfully
2026-05-28 09:07:14,066 [INFO] phase6.runner: [CYCLE 1699] 2026-05-28T09:07:14 | rebalance_needed=False | last_rebalance=2026-05-28
2026-05-28 09:12:14,066 [INFO] phase6.runner: [CYCLE 1700] 2026-05-28T09:12:14 | rebalance_needed=False | last_rebalance=2026-05-28
2026-05-28 09:17:14,067 [INFO] phase6.runner: [CYCLE 1701] 2026-05-28T09:17:14 | rebalance_needed=False | last_rebalance=2026-05-28
2026-05-28 09:22:14,067 [INFO] phase6.runner: [CYCLE 1702] 2026-05-28T09:22:14 | rebalance_needed=False | last_rebalance=2026-05-28
2026-05-28 09:27:14,067 [INFO] phase6.runner: [CYCLE 1703] 2026-05-28T09:27:14 | rebalance_needed=False | last_rebalance=2026-05-28
2026-05-28 09:32:14,068 [INFO] phase6.runner: [CYCLE 1704] 2026-05-28T09:32:14 | rebalance_needed=False | last_rebalance=2026-05-28
2026-05-28 09:37:14,068 [INFO] phase6.runner: [CYCLE 1705] 2026-05-28T09:37:14 | rebalance_needed=False | last_rebalance=2026-05-28
2026-05-28 09:42:14,068 [INFO] phase6.runner: [CYCLE 1706] 2026-05-28T09:42:14 | rebalance_needed=False | last_rebalance=2026-05-28
2026-05-28 09:47:14,069 [INFO] phase6.runner: [CYCLE 1707] 2026-05-28T09:47:14 | rebalance_needed=False | last_rebalance=2026-05-28
2026-05-28 09:52:14,069 [INFO] phase6.runner: [CYCLE 1708] 2026-05-28T09:52:14 | rebalance_needed=False | last_rebalance=2026-05-28
2026-05-28 09:57:14,069 [INFO] phase6.runner: [CYCLE 1709] 2026-05-28T09:57:14 | rebalance_needed=False | last_rebalance=2026-05-28
2026-05-28 10:02:14,070 [INFO] phase6.runner: [CYCLE 1710] 2026-05-28T10:02:14 | rebalance_needed=False | last_rebalance=2026-05-28
2026-05-28 10:07:14,070 [INFO] phase6.runner: [CYCLE 1711] 2026-05-28T10:07:14 | rebalance_needed=False | last_rebalance=2026-05-28
2026-05-28 10:12:14,070 [INFO] phase6.runner: [CYCLE 1712] 2026-05-28T10:12:14 | rebalance_needed=False | last_rebalance=2026-05-28
2026-05-28 10:17:14,071 [INFO] phase6.runner: [CYCLE 1713] 2026-05-28T10:17:14 | rebalance_needed=False | last_rebalance=2026-05-28
2026-05-28 10:22:14,071 [INFO] phase6.runner: [CYCLE 1714] 2026-05-28T10:22:14 | rebalance_needed=False | last_rebalance=2026-05-28
2026-05-28 10:27:14,071 [INFO] phase6.runner: [CYCLE 1715] 2026-05-28T10:27:14 | rebalance_needed=False | last_rebalance=2026-05-28
2026-05-28 10:32:14,072 [INFO] phase6.runner: [CYCLE 1716] 2026-05-28T10:32:14 | rebalance_needed=False | last_rebalance=2026-05-28
2026-05-28 10:37:14,072 [INFO] phase6.runner: [CYCLE 1717] 2026-05-28T10:37:14 | rebalance_needed=False | last_rebalance=2026-05-28
2026-05-28 10:42:14,072 [INFO] phase6.runner: [CYCLE 1718] 2026-05-28T10:42:14 | rebalance_needed=False | last_rebalance=2026-05-28
2026-05-28 10:47:14,073 [INFO] phase6.runner: [CYCLE 1719] 2026-05-28T10:47:14 | rebalance_needed=False | last_rebalance=2026-05-28
2026-05-28 10:52:14,073 [INFO] phase6.runner: [CYCLE 1720] 2026-05-28T10:52:14 | rebalance_needed=False | last_rebalance=2026-05-28
2026-05-28 10:57:14,073 [INFO] phase6.runner: [CYCLE 1721] 2026-05-28T10:57:14 | rebalance_needed=False | last_rebalance=2026-05-28
2026-05-28 11:02:14,074 [INFO] phase6.runner: [CYCLE 1722] 2026-05-28T11:02:14 | rebalance_needed=False | last_rebalance=2026-05-28
2026-05-28 11:07:14,074 [INFO] phase6.runner: [CYCLE 1723] 2026-05-28T11:07:14 | rebalance_needed=False | last_rebalance=2026-05-28
2026-05-28 11:12:14,074 [INFO] phase6.runner: [CYCLE 1724] 2026-05-28T11:12:14 | rebalance_needed=False | last_rebalance=2026-05-28
2026-05-28 11:17:14,075 [INFO] phase6.runner: [CYCLE 1725] 2026-05-28T11:17:14 | rebalance_needed=False | last_rebalance=2026-05-28
2026-05-28 11:22:14,075 [INFO] phase6.runner: [CYCLE 1726] 2026-05-28T11:22:14 | rebalance_needed=False | last_rebalance=2026-05-28
2026-05-28 11:27:14,076 [INFO] phase6.runner: [CYCLE 1727] 2026-05-28T11:27:14 | rebalance_needed=False | last_rebalance=2026-05-28
2026-05-28 11:32:14,076 [INFO] phase6.runner: [CYCLE 1728] 2026-05-28T11:32:14 | rebalance_needed=False | last_rebalance=2026-05-28
2026-05-28 11:37:14,076 [INFO] phase6.runner: [CYCLE 1729] 2026-05-28T11:37:14 | rebalance_needed=False | last_rebalance=2026-05-28
2026-05-28 11:42:14,076 [INFO] phase6.runner: [CYCLE 1730] 2026-05-28T11:42:14 | rebalance_needed=False | last_rebalance=2026-05-28
2026-05-28 11:47:14,077 [INFO] phase6.runner: [CYCLE 1731] 2026-05-28T11:47:14 | rebalance_needed=False | last_rebalance=2026-05-28
2026-05-28 11:52:14,077 [INFO] phase6.runner: [CYCLE 1732] 2026-05-28T11:52:14 | rebalance_needed=False | last_rebalance=2026-05-28
2026-05-28 11:57:14,078 [INFO] phase6.runner: [CYCLE 1733] 2026-05-28T11:57:14 | rebalance_needed=False | last_rebalance=2026-05-28
2026-05-28 12:02:14,078 [INFO] phase6.runner: [CYCLE 1734] 2026-05-28T12:02:14 | rebalance_needed=False | last_rebalance=2026-05-28
2026-05-28 12:07:14,078 [INFO] phase6.runner: [CYCLE 1735] 2026-05-28T12:07:14 | rebalance_needed=False | last_rebalance=2026-05-28
2026-05-28 12:12:14,079 [INFO] phase6.runner: [CYCLE 1736] 2026-05-28T12:12:14 | rebalance_needed=False | last_rebalance=2026-05-28
2026-05-28 12:17:14,079 [INFO] phase6.runner: [CYCLE 1737] 2026-05-28T12:17:14 | rebalance_needed=False | last_rebalance=2026-05-28
2026-05-28 12:22:14,079 [INFO] phase6.runner: [CYCLE 1738] 2026-05-28T12:22:14 | rebalance_needed=False | last_rebalance=2026-05-28
2026-05-28 12:27:14,080 [INFO] phase6.runner: [CYCLE 1739] 2026-05-28T12:27:14 | rebalance_needed=False | last_rebalance=2026-05-28
2026-05-28 12:32:14,080 [INFO] phase6.runner: [CYCLE 1740] 2026-05-28T12:32:14 | rebalance_needed=False | last_rebalance=2026-05-28
2026-05-28 12:37:14,080 [INFO] phase6.runner: [CYCLE 1741] 2026-05-28T12:37:14 | rebalance_needed=False | last_rebalance=2026-05-28
2026-05-28 12:42:14,081 [INFO] phase6.runner: [CYCLE 1742] 2026-05-28T12:42:14 | rebalance_needed=False | last_rebalance=2026-05-28
2026-05-28 12:47:14,081 [INFO] phase6.runner: [CYCLE 1743] 2026-05-28T12:47:14 | rebalance_needed=False | last_rebalance=2026-05-28
2026-05-28 12:52:14,081 [INFO] phase6.runner: [CYCLE 1744] 2026-05-28T12:52:14 | rebalance_needed=False | last_rebalance=2026-05-28
2026-05-28 12:57:14,082 [INFO] phase6.runner: [CYCLE 1745] 2026-05-28T12:57:14 | rebalance_needed=False | last_rebalance=2026-05-28
2026-05-28 13:02:14,082 [INFO] phase6.runner: [CYCLE 1746] 2026-05-28T13:02:14 | rebalance_needed=False | last_rebalance=2026-05-28
2026-05-28 13:07:14,082 [INFO] phase6.runner: [CYCLE 1747] 2026-05-28T13:07:14 | rebalance_needed=False | last_rebalance=2026-05-28
2026-05-28 13:12:14,083 [INFO] phase6.runner: [CYCLE 1748] 2026-05-28T13:12:14 | rebalance_needed=False | last_rebalance=2026-05-28
2026-05-28 13:17:14,083 [INFO] phase6.runner: [CYCLE 1749] 2026-05-28T13:17:14 | rebalance_needed=False | last_rebalance=2026-05-28
2026-05-28 13:22:14,083 [INFO] phase6.runner: [CYCLE 1750] 2026-05-28T13:22:14 | rebalance_needed=False | last_rebalance=2026-05-28
2026-05-28 13:27:14,084 [INFO] phase6.runner: [CYCLE 1751] 2026-05-28T13:27:14 | rebalance_needed=False | last_rebalance=2026-05-28
2026-05-28 13:32:14,084 [INFO] phase6.runner: [CYCLE 1752] 2026-05-28T13:32:14 | rebalance_needed=False | last_rebalance=2026-05-28
2026-05-28 13:37:14,084 [INFO] phase6.runner: [CYCLE 1753] 2026-05-28T13:37:14 | rebalance_needed=False | last_rebalance=2026-05-28
2026-05-28 13:42:14,085 [INFO] phase6.runner: [CYCLE 1754] 2026-05-28T13:42:14 | rebalance_needed=False | last_rebalance=2026-05-28
2026-05-28 13:47:14,085 [INFO] phase6.runner: [CYCLE 1755] 2026-05-28T13:47:14 | rebalance_needed=False | last_rebalance=2026-05-28
2026-05-28 13:52:14,085 [INFO] phase6.runner: [CYCLE 1756] 2026-05-28T13:52:14 | rebalance_needed=False | last_rebalance=2026-05-28
2026-05-28 13:57:14,086 [INFO] phase6.runner: [CYCLE 1757] 2026-05-28T13:57:14 | rebalance_needed=False | last_rebalance=2026-05-28
2026-05-28 14:02:14,086 [INFO] phase6.runner: [CYCLE 1758] 2026-05-28T14:02:14 | rebalance_needed=False | last_rebalance=2026-05-28
2026-05-28 14:07:14,087 [INFO] phase6.runner: [CYCLE 1759] 2026-05-28T14:07:14 | rebalance_needed=False | last_rebalance=2026-05-28
2026-05-28 14:12:14,087 [INFO] phase6.runner: [CYCLE 1760] 2026-05-28T14:12:14 | rebalance_needed=False | last_rebalance=2026-05-28
2026-05-28 14:17:14,087 [INFO] phase6.runner: [CYCLE 1761] 2026-05-28T14:17:14 | rebalance_needed=False | last_rebalance=2026-05-28
2026-05-28 14:22:14,088 [INFO] phase6.runner: [CYCLE 1762] 2026-05-28T14:22:14 | rebalance_needed=False | last_rebalance=2026-05-28
2026-05-28 14:27:14,088 [INFO] phase6.runner: [CYCLE 1763] 2026-05-28T14:27:14 | rebalance_needed=False | last_rebalance=2026-05-28
2026-05-28 14:32:14,088 [INFO] phase6.runner: [CYCLE 1764] 2026-05-28T14:32:14 | rebalance_needed=False | last_rebalance=2026-05-28
2026-05-28 14:37:14,089 [INFO] phase6.runner: [CYCLE 1765] 2026-05-28T14:37:14 | rebalance_needed=False | last_rebalance=2026-05-28
2026-05-28 14:42:14,089 [INFO] phase6.runner: [CYCLE 1766] 2026-05-28T14:42:14 | rebalance_needed=False | last_rebalance=2026-05-28
2026-05-28 14:47:14,089 [INFO] phase6.runner: [CYCLE 1767] 2026-05-28T14:47:14 | rebalance_needed=False | last_rebalance=2026-05-28
2026-05-28 14:52:14,090 [INFO] phase6.runner: [CYCLE 1768] 2026-05-28T14:52:14 | rebalance_needed=False | last_rebalance=2026-05-28
2026-05-28 14:57:14,090 [INFO] phase6.runner: [CYCLE 1769] 2026-05-28T14:57:14 | rebalance_needed=False | last_rebalance=2026-05-28
2026-05-28 15:02:14,090 [INFO] phase6.runner: [CYCLE 1770] 2026-05-28T15:02:14 | rebalance_needed=False | last_rebalance=2026-05-28
2026-05-28 15:07:14,091 [INFO] phase6.runner: [CYCLE 1771] 2026-05-28T15:07:14 | rebalance_needed=False | last_rebalance=2026-05-28
2026-05-28 15:12:14,091 [INFO] phase6.runner: [CYCLE 1772] 2026-05-28T15:12:14 | rebalance_needed=False | last_rebalance=2026-05-28
2026-05-28 15:17:14,091 [INFO] phase6.runner: [CYCLE 1773] 2026-05-28T15:17:14 | rebalance_needed=False | last_rebalance=2026-05-28
2026-05-28 15:22:14,092 [INFO] phase6.runner: [CYCLE 1774] 2026-05-28T15:22:14 | rebalance_needed=False | last_rebalance=2026-05-28
2026-05-28 15:27:14,092 [INFO] phase6.runner: [CYCLE 1775] 2026-05-28T15:27:14 | rebalance_needed=False | last_rebalance=2026-05-28
2026-05-28 15:32:14,092 [INFO] phase6.runner: [CYCLE 1776] 2026-05-28T15:32:14 | rebalance_needed=False | last_rebalance=2026-05-28
2026-05-28 15:37:14,093 [INFO] phase6.runner: [CYCLE 1777] 2026-05-28T15:37:14 | rebalance_needed=False | last_rebalance=2026-05-28
2026-05-28 15:42:14,093 [INFO] phase6.runner: [CYCLE 1778] 2026-05-28T15:42:14 | rebalance_needed=False | last_rebalance=2026-05-28
2026-05-28 15:47:14,094 [INFO] phase6.runner: [CYCLE 1779] 2026-05-28T15:47:14 | rebalance_needed=False | last_rebalance=2026-05-28
<frozen runpy>:128: RuntimeWarning: 'phase6.core.phase6_runner' found in sys.modules after import of package 'phase6.core', but prior to execution of 'phase6.core.phase6_runner'; this may result in unpredictable behaviour
2026-05-28 15:50:39,239 [INFO] coinbase_wrapper_FIXED: ✅ CoinbaseWrapper initialized (LIVE)
2026-05-28 15:50:39,239 [INFO] coinbase_wrapper_FIXED:    API Key: organizations/281f24b2-9337-46cf-a107-29d6786cca02...
2026-05-28 15:50:39,239 [INFO] coinbase_wrapper_FIXED:    Private Key loaded: 227 chars
2026-05-28 15:50:39,239 [INFO] phase6.core.exchange_client: ✅ Live Coinbase client initialized (real trading enabled)
2026-05-28 15:50:39,240 [INFO] phase6.runner: OrderExecutor initialized | mode=live | max_retries=3 | base_delay=1.0s
2026-05-28 15:50:39,959 [INFO] phase6.runner: State loaded: last_rebalance_date=2026-05-28
2026-05-28 15:50:39,959 [INFO] phase6.runner: Phase6Runner initialized | mode=live | shadow=False | rebalance_time=09:00
2026-05-28 15:50:39,959 [INFO] phase6.runner: Phase 6 runner starting...
2026-05-28 15:50:39,959 [INFO] phase6.runner: === Fresh Start Deployment ===
2026-05-28 15:50:42,158 [WARNING] phase6.runner: Insufficient cash for Fresh Start: $249.59
2026-05-28 15:50:42,158 [INFO] phase6.runner: [CYCLE 1] 2026-05-28T15:50:42 | rebalance_needed=False | last_rebalance=2026-05-28
2026-05-28 15:55:42,158 [INFO] phase6.runner: [CYCLE 2] 2026-05-28T15:55:42 | rebalance_needed=False | last_rebalance=2026-05-28
2026-05-28 16:00:42,159 [INFO] phase6.runner: [CYCLE 3] 2026-05-28T16:00:42 | rebalance_needed=False | last_rebalance=2026-05-28
2026-05-28 16:05:42,159 [INFO] phase6.runner: [CYCLE 4] 2026-05-28T16:05:42 | rebalance_needed=False | last_rebalance=2026-05-28
2026-05-28 16:10:42,159 [INFO] phase6.runner: [CYCLE 5] 2026-05-28T16:10:42 | rebalance_needed=False | last_rebalance=2026-05-28
2026-05-28 16:15:42,160 [INFO] phase6.runner: [CYCLE 6] 2026-05-28T16:15:42 | rebalance_needed=False | last_rebalance=2026-05-28
2026-05-28 16:20:42,160 [INFO] phase6.runner: [CYCLE 7] 2026-05-28T16:20:42 | rebalance_needed=False | last_rebalance=2026-05-28
2026-05-28 16:25:42,160 [INFO] phase6.runner: [CYCLE 8] 2026-05-28T16:25:42 | rebalance_needed=False | last_rebalance=2026-05-28
2026-05-28 16:30:42,161 [INFO] phase6.runner: [CYCLE 9] 2026-05-28T16:30:42 | rebalance_needed=False | last_rebalance=2026-05-28
2026-05-28 16:35:42,161 [INFO] phase6.runner: [CYCLE 10] 2026-05-28T16:35:42 | rebalance_needed=False | last_rebalance=2026-05-28
2026-05-28 16:40:42,161 [INFO] phase6.runner: [CYCLE 11] 2026-05-28T16:40:42 | rebalance_needed=False | last_rebalance=2026-05-28
2026-05-28 16:45:42,162 [INFO] phase6.runner: [CYCLE 12] 2026-05-28T16:45:42 | rebalance_needed=False | last_rebalance=2026-05-28
2026-05-28 16:50:42,162 [INFO] phase6.runner: [CYCLE 13] 2026-05-28T16:50:42 | rebalance_needed=False | last_rebalance=2026-05-28
2026-05-28 16:55:42,162 [INFO] phase6.runner: [CYCLE 14] 2026-05-28T16:55:42 | rebalance_needed=False | last_rebalance=2026-05-28
2026-05-28 17:00:42,163 [INFO] phase6.runner: [CYCLE 15] 2026-05-28T17:00:42 | rebalance_needed=False | last_rebalance=2026-05-28
2026-05-28 17:05:42,163 [INFO] phase6.runner: [CYCLE 16] 2026-05-28T17:05:42 | rebalance_needed=False | last_rebalance=2026-05-28
2026-05-28 17:10:42,163 [INFO] phase6.runner: [CYCLE 17] 2026-05-28T17:10:42 | rebalance_needed=False | last_rebalance=2026-05-28
2026-05-28 17:15:42,164 [INFO] phase6.runner: [CYCLE 18] 2026-05-28T17:15:42 | rebalance_needed=False | last_rebalance=2026-05-28
2026-05-28 17:20:42,164 [INFO] phase6.runner: [CYCLE 19] 2026-05-28T17:20:42 | rebalance_needed=False | last_rebalance=2026-05-28
2026-05-28 17:25:42,164 [INFO] phase6.runner: [CYCLE 20] 2026-05-28T17:25:42 | rebalance_needed=False | last_rebalance=2026-05-28
2026-05-28 17:30:42,165 [INFO] phase6.runner: [CYCLE 21] 2026-05-28T17:30:42 | rebalance_needed=False | last_rebalance=2026-05-28
2026-05-28 17:35:42,165 [INFO] phase6.runner: [CYCLE 22] 2026-05-28T17:35:42 | rebalance_needed=False | last_rebalance=2026-05-28
2026-05-28 17:40:42,165 [INFO] phase6.runner: [CYCLE 23] 2026-05-28T17:40:42 | rebalance_needed=False | last_rebalance=2026-05-28
2026-05-28 17:45:42,166 [INFO] phase6.runner: [CYCLE 24] 2026-05-28T17:45:42 | rebalance_needed=False | last_rebalance=2026-05-28
2026-05-28 17:50:42,166 [INFO] phase6.runner: [CYCLE 25] 2026-05-28T17:50:42 | rebalance_needed=False | last_rebalance=2026-05-28
2026-05-28 17:55:42,166 [INFO] phase6.runner: [CYCLE 26] 2026-05-28T17:55:42 | rebalance_needed=False | last_rebalance=2026-05-28
2026-05-28 18:00:42,167 [INFO] phase6.runner: [CYCLE 27] 2026-05-28T18:00:42 | rebalance_needed=False | last_rebalance=2026-05-28
2026-05-28 18:05:42,167 [INFO] phase6.runner: [CYCLE 28] 2026-05-28T18:05:42 | rebalance_needed=False | last_rebalance=2026-05-28
2026-05-28 18:10:42,167 [INFO] phase6.runner: [CYCLE 29] 2026-05-28T18:10:42 | rebalance_needed=False | last_rebalance=2026-05-28
2026-05-28 18:15:42,168 [INFO] phase6.runner: [CYCLE 30] 2026-05-28T18:15:42 | rebalance_needed=False | last_rebalance=2026-05-28
2026-05-28 18:20:42,168 [INFO] phase6.runner: [CYCLE 31] 2026-05-28T18:20:42 | rebalance_needed=False | last_rebalance=2026-05-28
2026-05-28 18:25:42,168 [INFO] phase6.runner: [CYCLE 32] 2026-05-28T18:25:42 | rebalance_needed=False | last_rebalance=2026-05-28
2026-05-28 18:30:42,169 [INFO] phase6.runner: [CYCLE 33] 2026-05-28T18:30:42 | rebalance_needed=False | last_rebalance=2026-05-28
2026-05-28 18:35:42,169 [INFO] phase6.runner: [CYCLE 34] 2026-05-28T18:35:42 | rebalance_needed=False | last_rebalance=2026-05-28
2026-05-28 18:40:42,169 [INFO] phase6.runner: [CYCLE 35] 2026-05-28T18:40:42 | rebalance_needed=False | last_rebalance=2026-05-28
2026-05-28 18:45:42,170 [INFO] phase6.runner: [CYCLE 36] 2026-05-28T18:45:42 | rebalance_needed=False | last_rebalance=2026-05-28
2026-05-28 18:50:42,170 [INFO] phase6.runner: [CYCLE 37] 2026-05-28T18:50:42 | rebalance_needed=False | last_rebalance=2026-05-28
2026-05-28 18:55:42,170 [INFO] phase6.runner: [CYCLE 38] 2026-05-28T18:55:42 | rebalance_needed=False | last_rebalance=2026-05-28
2026-05-28 19:00:42,171 [INFO] phase6.runner: [CYCLE 39] 2026-05-28T19:00:42 | rebalance_needed=False | last_rebalance=2026-05-28
2026-05-28 19:05:42,171 [INFO] phase6.runner: [CYCLE 40] 2026-05-28T19:05:42 | rebalance_needed=False | last_rebalance=2026-05-28
2026-05-28 19:10:42,171 [INFO] phase6.runner: [CYCLE 41] 2026-05-28T19:10:42 | rebalance_needed=False | last_rebalance=2026-05-28
2026-05-28 19:15:42,172 [INFO] phase6.runner: [CYCLE 42] 2026-05-28T19:15:42 | rebalance_needed=False | last_rebalance=2026-05-28
2026-05-28 19:20:42,172 [INFO] phase6.runner: [CYCLE 43] 2026-05-28T19:20:42 | rebalance_needed=False | last_rebalance=2026-05-28
2026-05-28 19:25:42,172 [INFO] phase6.runner: [CYCLE 44] 2026-05-28T19:25:42 | rebalance_needed=False | last_rebalance=2026-05-28
2026-05-28 19:30:42,173 [INFO] phase6.runner: [CYCLE 45] 2026-05-28T19:30:42 | rebalance_needed=False | last_rebalance=2026-05-28
2026-05-28 19:35:42,173 [INFO] phase6.runner: [CYCLE 46] 2026-05-28T19:35:42 | rebalance_needed=False | last_rebalance=2026-05-28
2026-05-28 19:40:42,173 [INFO] phase6.runner: [CYCLE 47] 2026-05-28T19:40:42 | rebalance_needed=False | last_rebalance=2026-05-28
2026-05-28 19:45:42,174 [INFO] phase6.runner: [CYCLE 48] 2026-05-28T19:45:42 | rebalance_needed=False | last_rebalance=2026-05-28
2026-05-28 19:50:42,174 [INFO] phase6.runner: [CYCLE 49] 2026-05-28T19:50:42 | rebalance_needed=False | last_rebalance=2026-05-28
2026-05-28 19:55:42,174 [INFO] phase6.runner: [CYCLE 50] 2026-05-28T19:55:42 | rebalance_needed=False | last_rebalance=2026-05-28
2026-05-28 20:00:42,175 [INFO] phase6.runner: [CYCLE 51] 2026-05-28T20:00:42 | rebalance_needed=False | last_rebalance=2026-05-28
2026-05-28 20:05:42,175 [INFO] phase6.runner: [CYCLE 52] 2026-05-28T20:05:42 | rebalance_needed=False | last_rebalance=2026-05-28
2026-05-28 20:10:42,175 [INFO] phase6.runner: [CYCLE 53] 2026-05-28T20:10:42 | rebalance_needed=False | last_rebalance=2026-05-28
2026-05-28 20:15:42,176 [INFO] phase6.runner: [CYCLE 54] 2026-05-28T20:15:42 | rebalance_needed=False | last_rebalance=2026-05-28
2026-05-28 20:20:42,176 [INFO] phase6.runner: [CYCLE 55] 2026-05-28T20:20:42 | rebalance_needed=False | last_rebalance=2026-05-28
2026-05-28 20:25:42,176 [INFO] phase6.runner: [CYCLE 56] 2026-05-28T20:25:42 | rebalance_needed=False | last_rebalance=2026-05-28
2026-05-28 20:30:42,177 [INFO] phase6.runner: [CYCLE 57] 2026-05-28T20:30:42 | rebalance_needed=False | last_rebalance=2026-05-28
2026-05-28 20:35:42,177 [INFO] phase6.runner: [CYCLE 58] 2026-05-28T20:35:42 | rebalance_needed=False | last_rebalance=2026-05-28
2026-05-28 20:40:42,177 [INFO] phase6.runner: [CYCLE 59] 2026-05-28T20:40:42 | rebalance_needed=False | last_rebalance=2026-05-28
2026-05-28 20:45:42,178 [INFO] phase6.runner: [CYCLE 60] 2026-05-28T20:45:42 | rebalance_needed=False | last_rebalance=2026-05-28
2026-05-28 20:50:42,178 [INFO] phase6.runner: [CYCLE 61] 2026-05-28T20:50:42 | rebalance_needed=False | last_rebalance=2026-05-28
2026-05-28 20:55:42,178 [INFO] phase6.runner: [CYCLE 62] 2026-05-28T20:55:42 | rebalance_needed=False | last_rebalance=2026-05-28
2026-05-28 21:00:42,179 [INFO] phase6.runner: [CYCLE 63] 2026-05-28T21:00:42 | rebalance_needed=False | last_rebalance=2026-05-28
2026-05-28 21:05:42,179 [INFO] phase6.runner: [CYCLE 64] 2026-05-28T21:05:42 | rebalance_needed=False | last_rebalance=2026-05-28
2026-05-28 21:10:42,179 [INFO] phase6.runner: [CYCLE 65] 2026-05-28T21:10:42 | rebalance_needed=False | last_rebalance=2026-05-28
2026-05-28 21:15:42,180 [INFO] phase6.runner: [CYCLE 66] 2026-05-28T21:15:42 | rebalance_needed=False | last_rebalance=2026-05-28
2026-05-28 21:20:42,180 [INFO] phase6.runner: [CYCLE 67] 2026-05-28T21:20:42 | rebalance_needed=False | last_rebalance=2026-05-28
2026-05-28 21:25:42,180 [INFO] phase6.runner: [CYCLE 68] 2026-05-28T21:25:42 | rebalance_needed=False | last_rebalance=2026-05-28
2026-05-28 21:30:42,181 [INFO] phase6.runner: [CYCLE 69] 2026-05-28T21:30:42 | rebalance_needed=False | last_rebalance=2026-05-28
2026-05-28 21:35:42,181 [INFO] phase6.runner: [CYCLE 70] 2026-05-28T21:35:42 | rebalance_needed=False | last_rebalance=2026-05-28
2026-05-28 21:40:42,181 [INFO] phase6.runner: [CYCLE 71] 2026-05-28T21:40:42 | rebalance_needed=False | last_rebalance=2026-05-28
2026-05-28 21:45:42,182 [INFO] phase6.runner: [CYCLE 72] 2026-05-28T21:45:42 | rebalance_needed=False | last_rebalance=2026-05-28
2026-05-28 21:50:42,182 [INFO] phase6.runner: [CYCLE 73] 2026-05-28T21:50:42 | rebalance_needed=False | last_rebalance=2026-05-28
2026-05-28 21:55:42,182 [INFO] phase6.runner: [CYCLE 74] 2026-05-28T21:55:42 | rebalance_needed=False | last_rebalance=2026-05-28
2026-05-28 22:00:42,183 [INFO] phase6.runner: [CYCLE 75] 2026-05-28T22:00:42 | rebalance_needed=False | last_rebalance=2026-05-28
